/*
SQLite Backup
Database: main
Backup Time: 2024-09-02 20:47:02
*/

DROP TABLE IF EXISTS "main"."auth_group";
DROP TABLE IF EXISTS "main"."auth_group_permissions";
DROP TABLE IF EXISTS "main"."auth_permission";
DROP TABLE IF EXISTS "main"."auth_user";
DROP TABLE IF EXISTS "main"."auth_user_groups";
DROP TABLE IF EXISTS "main"."auth_user_user_permissions";
DROP TABLE IF EXISTS "main"."dana_dana";
DROP TABLE IF EXISTS "main"."dana_kegiatan";
DROP TABLE IF EXISTS "main"."dana_program";
DROP TABLE IF EXISTS "main"."dana_subkegiatan";
DROP TABLE IF EXISTS "main"."dana_subrinc";
DROP TABLE IF EXISTS "main"."dana_tahapdana";
DROP TABLE IF EXISTS "main"."dankel_realisasidankel";
DROP TABLE IF EXISTS "main"."dankel_realisasidankelsisa";
DROP TABLE IF EXISTS "main"."dankel_rencdankel";
DROP TABLE IF EXISTS "main"."dankel_rencdankeljadwal";
DROP TABLE IF EXISTS "main"."dankel_rencdankeljadwalsisa";
DROP TABLE IF EXISTS "main"."dankel_rencdankelsisa";
DROP TABLE IF EXISTS "main"."dashboard_level";
DROP TABLE IF EXISTS "main"."dashboard_levelsub";
DROP TABLE IF EXISTS "main"."dashboard_menu";
DROP TABLE IF EXISTS "main"."dashboard_submenu";
DROP TABLE IF EXISTS "main"."dashboard_userlevel";
DROP TABLE IF EXISTS "main"."dausg_dankelkeg";
DROP TABLE IF EXISTS "main"."dausg_dankelprog";
DROP TABLE IF EXISTS "main"."dausg_dankelsub";
DROP TABLE IF EXISTS "main"."dausg_dausgkesehatankeg";
DROP TABLE IF EXISTS "main"."dausg_dausgkesehatanprog";
DROP TABLE IF EXISTS "main"."dausg_dausgkesehatansub";
DROP TABLE IF EXISTS "main"."dausg_dausgpendidikankeg";
DROP TABLE IF EXISTS "main"."dausg_dausgpendidikanprog";
DROP TABLE IF EXISTS "main"."dausg_dausgpendidikansub";
DROP TABLE IF EXISTS "main"."dausg_dausgpukeg";
DROP TABLE IF EXISTS "main"."dausg_dausgpuprog";
DROP TABLE IF EXISTS "main"."dausg_dausgpusub";
DROP TABLE IF EXISTS "main"."django_admin_log";
DROP TABLE IF EXISTS "main"."django_content_type";
DROP TABLE IF EXISTS "main"."django_migrations";
DROP TABLE IF EXISTS "main"."django_session";
DROP TABLE IF EXISTS "main"."opd_opd";
DROP TABLE IF EXISTS "main"."opd_pejabat";
DROP TABLE IF EXISTS "main"."opd_subopd";
DROP TABLE IF EXISTS "main"."pagu_pagudausg";
DROP TABLE IF EXISTS "main"."penerimaan_distribusipenerimaan";
DROP TABLE IF EXISTS "main"."penerimaan_penerimaan";
DROP TABLE IF EXISTS "main"."sqlite_sequence";
DROP INDEX IF EXISTS "main"."auth_group_permissions_group_id_b120cbf9";
DROP INDEX IF EXISTS "main"."auth_group_permissions_group_id_permission_id_0cd325b0_uniq";
DROP INDEX IF EXISTS "main"."auth_group_permissions_permission_id_84c5c92e";
DROP INDEX IF EXISTS "main"."auth_permission_content_type_id_2f476e4b";
DROP INDEX IF EXISTS "main"."auth_permission_content_type_id_codename_01ab375a_uniq";
DROP INDEX IF EXISTS "main"."auth_user_groups_group_id_97559544";
DROP INDEX IF EXISTS "main"."auth_user_groups_user_id_6a12ed8b";
DROP INDEX IF EXISTS "main"."auth_user_groups_user_id_group_id_94350c0c_uniq";
DROP INDEX IF EXISTS "main"."auth_user_user_permissions_permission_id_1fbb5f2c";
DROP INDEX IF EXISTS "main"."auth_user_user_permissions_user_id_a95ead1b";
DROP INDEX IF EXISTS "main"."auth_user_user_permissions_user_id_permission_id_14a6b632_uniq";
DROP INDEX IF EXISTS "main"."dana_kegiatan_kegiatan_program_id_46db3b2e";
DROP INDEX IF EXISTS "main"."dana_program_program_dana_id_f281de31";
DROP INDEX IF EXISTS "main"."dana_subkegiatan_sub_keg_id_34699d3e";
DROP INDEX IF EXISTS "main"."dana_subrinc_subrinc_dana_id_80010e1b";
DROP INDEX IF EXISTS "main"."dana_subrinc_subrinc_keg_id_6b330307";
DROP INDEX IF EXISTS "main"."dana_subrinc_subrinc_kegsub_id_7eac5aca";
DROP INDEX IF EXISTS "main"."dana_subrinc_subrinc_prog_id_4259ef60";
DROP INDEX IF EXISTS "main"."dankel_realisasidankel_realisasidankel_dana_id_e620f532";
DROP INDEX IF EXISTS "main"."dankel_realisasidankel_realisasidankel_idrencana_id_20ebab84";
DROP INDEX IF EXISTS "main"."dankel_realisasidankel_realisasidankel_rencana_id_be2beeb5";
DROP INDEX IF EXISTS "main"."dankel_realisasidankel_realisasidankel_subopd_id_c97da1a0";
DROP INDEX IF EXISTS "main"."dankel_realisasidankel_realisasidankel_tahap_id_55cc5fb8";
DROP INDEX IF EXISTS "main"."dankel_realisasidankelsisa_realisasidankelsisa_dana_id_af1dc56e";
DROP INDEX IF EXISTS "main"."dankel_realisasidankelsisa_realisasidankelsisa_idrencana_id_09b2d8b3";
DROP INDEX IF EXISTS "main"."dankel_realisasidankelsisa_realisasidankelsisa_rencana_id_1e1e2a4b";
DROP INDEX IF EXISTS "main"."dankel_realisasidankelsisa_realisasidankelsisa_subopd_id_453cd489";
DROP INDEX IF EXISTS "main"."dankel_realisasidankelsisa_realisasidankelsisa_tahap_id_24245448";
DROP INDEX IF EXISTS "main"."dankel_rencdankel_rencdankel_dana_id_586eff1d";
DROP INDEX IF EXISTS "main"."dankel_rencdankel_rencdankel_sub_id_5f5eb5c5";
DROP INDEX IF EXISTS "main"."dankel_rencdankel_rencdankel_subopd_id_cba1b1f5";
DROP INDEX IF EXISTS "main"."dankel_rencdankeljadwal_rencdankel_dana_id_11fd3544";
DROP INDEX IF EXISTS "main"."dankel_rencdankeljadwal_rencdankel_id_id_f680aa83";
DROP INDEX IF EXISTS "main"."dankel_rencdankeljadwal_rencdankel_sub_id_62190409";
DROP INDEX IF EXISTS "main"."dankel_rencdankeljadwal_rencdankel_subopd_id_a67e467c";
DROP INDEX IF EXISTS "main"."dankel_rencdankeljadwalsisa_rencdankelsisa_dana_id_360fd827";
DROP INDEX IF EXISTS "main"."dankel_rencdankeljadwalsisa_rencdankelsisa_id_id_f2216f98";
DROP INDEX IF EXISTS "main"."dankel_rencdankeljadwalsisa_rencdankelsisa_sub_id_797f4058";
DROP INDEX IF EXISTS "main"."dankel_rencdankeljadwalsisa_rencdankelsisa_subopd_id_6fc94812";
DROP INDEX IF EXISTS "main"."dankel_rencdankelsisa_rencdankelsisa_dana_id_c94f3a9f";
DROP INDEX IF EXISTS "main"."dankel_rencdankelsisa_rencdankelsisa_sub_id_d1414a8d";
DROP INDEX IF EXISTS "main"."dankel_rencdankelsisa_rencdankelsisa_subopd_id_c76a399c";
DROP INDEX IF EXISTS "main"."dashboard_levelsub_levelsub_level_id_cbb63a2d";
DROP INDEX IF EXISTS "main"."dashboard_levelsub_levelsub_submenu_id_56cfe603";
DROP INDEX IF EXISTS "main"."dashboard_submenu_submenu_menu_id_315ef991";
DROP INDEX IF EXISTS "main"."dashboard_userlevel_userlevel_id_65dcbede";
DROP INDEX IF EXISTS "main"."dashboard_userlevel_userlevelopd_id_487d70c8";
DROP INDEX IF EXISTS "main"."dausg_dankelkeg_dankelkeg_prog_id_19549569";
DROP INDEX IF EXISTS "main"."dausg_dankelprog_dankel_dana_id_2621d9bf";
DROP INDEX IF EXISTS "main"."dausg_dankelsub_dankelsub_keg_id_8fb0fd24";
DROP INDEX IF EXISTS "main"."dausg_dausgkesehatankeg_dausgkesehatankeg_prog_id_bbd2d218";
DROP INDEX IF EXISTS "main"."dausg_dausgkesehatanprog_dausgkesehatan_dana_id_dd8a395b";
DROP INDEX IF EXISTS "main"."dausg_dausgkesehatansub_dausgkesehatansub_keg_id_3fc73a78";
DROP INDEX IF EXISTS "main"."dausg_dausgpendidikankeg_dausgpendidikankeg_prog_id_61dc2dc0";
DROP INDEX IF EXISTS "main"."dausg_dausgpendidikanprog_dausgpendidikan_dana_id_75bb311c";
DROP INDEX IF EXISTS "main"."dausg_dausgpendidikansub_dausgpendidikansub_keg_id_958b80cf";
DROP INDEX IF EXISTS "main"."dausg_dausgpukeg_dausgpukeg_prog_id_2fce7c04";
DROP INDEX IF EXISTS "main"."dausg_dausgpuprog_dausgpu_dana_id_5bcb72a3";
DROP INDEX IF EXISTS "main"."dausg_dausgpusub_dausgpusub_keg_id_4fc773e0";
DROP INDEX IF EXISTS "main"."django_admin_log_content_type_id_c4bce8eb";
DROP INDEX IF EXISTS "main"."django_admin_log_user_id_c564eba6";
DROP INDEX IF EXISTS "main"."django_content_type_app_label_model_76bd3d3b_uniq";
DROP INDEX IF EXISTS "main"."django_session_expire_date_a5c62663";
DROP INDEX IF EXISTS "main"."opd_subopd_sub_opd_id_c4a056e6";
DROP INDEX IF EXISTS "main"."pagu_pagudausg_pagudausg_dana_id_b56ff071";
DROP INDEX IF EXISTS "main"."pagu_pagudausg_pagudausg_opd_id_bd54f0dd";
DROP INDEX IF EXISTS "main"."penerimaan_distribusipenerimaan_distri_penerimaan_id_385fa968";
DROP INDEX IF EXISTS "main"."penerimaan_distribusipenerimaan_distri_subopd_id_6cd2189a";
DROP INDEX IF EXISTS "main"."penerimaan_penerimaan_penerimaan_dana_id_7ab2b841";
DROP INDEX IF EXISTS "main"."penerimaan_penerimaan_penerimaan_tahap_id_8ea8e6a0";
CREATE TABLE "auth_group" ("id" integer NOT NULL PRIMARY KEY AUTOINCREMENT, "name" varchar(150) NOT NULL UNIQUE);
CREATE TABLE "auth_group_permissions" ("id" integer NOT NULL PRIMARY KEY AUTOINCREMENT, "group_id" integer NOT NULL REFERENCES "auth_group" ("id") DEFERRABLE INITIALLY DEFERRED, "permission_id" integer NOT NULL REFERENCES "auth_permission" ("id") DEFERRABLE INITIALLY DEFERRED);
CREATE TABLE "auth_permission" ("id" integer NOT NULL PRIMARY KEY AUTOINCREMENT, "content_type_id" integer NOT NULL REFERENCES "django_content_type" ("id") DEFERRABLE INITIALLY DEFERRED, "codename" varchar(100) NOT NULL, "name" varchar(255) NOT NULL);UPDATE "main"."sqlite_sequence" SET seq = 164 WHERE name = 'auth_permission';
CREATE TABLE "auth_user" ("id" integer NOT NULL PRIMARY KEY AUTOINCREMENT, "password" varchar(128) NOT NULL, "last_login" datetime NULL, "is_superuser" bool NOT NULL, "username" varchar(150) NOT NULL UNIQUE, "last_name" varchar(150) NOT NULL, "email" varchar(254) NOT NULL, "is_staff" bool NOT NULL, "is_active" bool NOT NULL, "date_joined" datetime NOT NULL, "first_name" varchar(150) NOT NULL);UPDATE "main"."sqlite_sequence" SET seq = 5 WHERE name = 'auth_user';
CREATE TABLE "auth_user_groups" ("id" integer NOT NULL PRIMARY KEY AUTOINCREMENT, "user_id" integer NOT NULL REFERENCES "auth_user" ("id") DEFERRABLE INITIALLY DEFERRED, "group_id" integer NOT NULL REFERENCES "auth_group" ("id") DEFERRABLE INITIALLY DEFERRED);
CREATE TABLE "auth_user_user_permissions" ("id" integer NOT NULL PRIMARY KEY AUTOINCREMENT, "user_id" integer NOT NULL REFERENCES "auth_user" ("id") DEFERRABLE INITIALLY DEFERRED, "permission_id" integer NOT NULL REFERENCES "auth_permission" ("id") DEFERRABLE INITIALLY DEFERRED);
CREATE TABLE "dana_dana" ("id" integer NOT NULL PRIMARY KEY AUTOINCREMENT, "dana_nama" varchar(30) NOT NULL);UPDATE "main"."sqlite_sequence" SET seq = 6 WHERE name = 'dana_dana';
CREATE TABLE "dana_kegiatan" ("id" integer NOT NULL PRIMARY KEY AUTOINCREMENT, "kegiatan_nama" varchar(200) NOT NULL, "kegiatan_program_id" bigint NOT NULL REFERENCES "dana_program" ("id") DEFERRABLE INITIALLY DEFERRED, "kegiatan_slug" varchar(50) NOT NULL UNIQUE);UPDATE "main"."sqlite_sequence" SET seq = 32 WHERE name = 'dana_kegiatan';
CREATE TABLE "dana_program" ("id" integer NOT NULL PRIMARY KEY AUTOINCREMENT, "program_nama" varchar(200) NOT NULL, "program_dana_id" bigint NOT NULL REFERENCES "dana_dana" ("id") DEFERRABLE INITIALLY DEFERRED);UPDATE "main"."sqlite_sequence" SET seq = 25 WHERE name = 'dana_program';
CREATE TABLE "dana_subkegiatan" ("id" integer NOT NULL PRIMARY KEY AUTOINCREMENT, "sub_nama" varchar(200) NOT NULL, "sub_keg_id" bigint NOT NULL REFERENCES "dana_kegiatan" ("id") DEFERRABLE INITIALLY DEFERRED, "sub_slug" varchar(50) NOT NULL UNIQUE);UPDATE "main"."sqlite_sequence" SET seq = 48 WHERE name = 'dana_subkegiatan';
CREATE TABLE "dana_subrinc" ("id" integer NOT NULL PRIMARY KEY AUTOINCREMENT, "subrinc_nama" varchar(200) NOT NULL, "subrinc_slug" varchar(50) NOT NULL UNIQUE, "subrinc_dana_id" bigint NOT NULL REFERENCES "dana_dana" ("id") DEFERRABLE INITIALLY DEFERRED, "subrinc_keg_id" bigint NOT NULL REFERENCES "dana_kegiatan" ("id") DEFERRABLE INITIALLY DEFERRED, "subrinc_kegsub_id" bigint NOT NULL REFERENCES "dana_subkegiatan" ("id") DEFERRABLE INITIALLY DEFERRED, "subrinc_prog_id" bigint NOT NULL REFERENCES "dana_program" ("id") DEFERRABLE INITIALLY DEFERRED);
CREATE TABLE "dana_tahapdana" ("id" integer NOT NULL PRIMARY KEY AUTOINCREMENT, "tahap_dana" varchar(50) NOT NULL);UPDATE "main"."sqlite_sequence" SET seq = 4 WHERE name = 'dana_tahapdana';
CREATE TABLE "dankel_realisasidankel" ("id" integer NOT NULL PRIMARY KEY AUTOINCREMENT, "realisasidankel_tahun" integer NOT NULL, "realisasidankel_sp2dtu" varchar(100) NOT NULL UNIQUE, "realisasidankel_tgl" date NOT NULL, "realisasidankel_nilai" decimal NOT NULL, "realisasidankel_lpj" varchar(100) NOT NULL UNIQUE, "realisasidankel_lpjtgl" date NOT NULL, "realisasidankel_lpjnilai" decimal NOT NULL, "realisasidankel_sts" varchar(100) NOT NULL UNIQUE, "realisasidankel_ststgl" date NOT NULL, "realisasidankel_stsnilai" decimal NOT NULL, "realisasidankel_verif" integer NOT NULL, "realisasidankel_dana_id" bigint NOT NULL REFERENCES "dana_subkegiatan" ("id") DEFERRABLE INITIALLY DEFERRED, "realisasidankel_rencana_id" bigint NOT NULL REFERENCES "dankel_rencdankeljadwal" ("id") DEFERRABLE INITIALLY DEFERRED, "realisasidankel_subopd_id" bigint NOT NULL REFERENCES "opd_subopd" ("id") DEFERRABLE INITIALLY DEFERRED, "realisasidankel_tahap_id" bigint NOT NULL REFERENCES "dana_tahapdana" ("id") DEFERRABLE INITIALLY DEFERRED, "realisasidankel_output" integer NOT NULL, "realisasidankel_idrencana_id" bigint NOT NULL REFERENCES "dankel_rencdankel" ("id") DEFERRABLE INITIALLY DEFERRED);UPDATE "main"."sqlite_sequence" SET seq = 1 WHERE name = 'dankel_realisasidankel';
CREATE TABLE "dankel_realisasidankelsisa" ("id" integer NOT NULL PRIMARY KEY AUTOINCREMENT, "realisasidankelsisa_tahun" integer NOT NULL, "realisasidankelsisa_sp2dtu" varchar(100) NOT NULL UNIQUE, "realisasidankelsisa_tgl" date NOT NULL, "realisasidankelsisa_nilai" decimal NOT NULL, "realisasidankelsisa_lpj" varchar(100) NOT NULL UNIQUE, "realisasidankelsisa_lpjtgl" date NOT NULL, "realisasidankelsisa_lpjnilai" decimal NOT NULL, "realisasidankelsisa_sts" varchar(100) NOT NULL UNIQUE, "realisasidankelsisa_ststgl" date NOT NULL, "realisasidankelsisa_stsnilai" decimal NOT NULL, "realisasidankelsisa_verif" integer NOT NULL, "realisasidankelsisa_dana_id" bigint NOT NULL REFERENCES "dana_subkegiatan" ("id") DEFERRABLE INITIALLY DEFERRED, "realisasidankelsisa_rencana_id" bigint NOT NULL REFERENCES "dankel_rencdankeljadwalsisa" ("id") DEFERRABLE INITIALLY DEFERRED, "realisasidankelsisa_subopd_id" bigint NOT NULL REFERENCES "opd_subopd" ("id") DEFERRABLE INITIALLY DEFERRED, "realisasidankelsisa_tahap_id" bigint NOT NULL REFERENCES "dana_tahapdana" ("id") DEFERRABLE INITIALLY DEFERRED, "realisasidankelsisa_output" integer NOT NULL, "realisasidankelsisa_idrencana_id" bigint NOT NULL REFERENCES "dankel_rencdankelsisa" ("id") DEFERRABLE INITIALLY DEFERRED);UPDATE "main"."sqlite_sequence" SET seq = 12 WHERE name = 'dankel_realisasidankelsisa';
CREATE TABLE "dankel_rencdankel" ("id" integer NOT NULL PRIMARY KEY AUTOINCREMENT, "rencdankel_tahun" integer NOT NULL, "rencdankel_pagu" decimal NOT NULL, "rencdankel_output" decimal NOT NULL, "rencdankel_ket" text NOT NULL, "rencdankel_verif" integer NOT NULL, "rencdankel_sub_id" bigint NOT NULL REFERENCES "dausg_dankelsub" ("id") DEFERRABLE INITIALLY DEFERRED, "rencdankel_subopd_id" bigint NOT NULL REFERENCES "opd_subopd" ("id") DEFERRABLE INITIALLY DEFERRED, "rencdankel_dana_id" bigint NOT NULL REFERENCES "dana_subkegiatan" ("id") DEFERRABLE INITIALLY DEFERRED, CONSTRAINT "unique_rencdankel" UNIQUE ("rencdankel_tahun", "rencdankel_subopd_id", "rencdankel_sub_id"));UPDATE "main"."sqlite_sequence" SET seq = 10 WHERE name = 'dankel_rencdankel';
CREATE TABLE "dankel_rencdankeljadwal" ("id" integer NOT NULL PRIMARY KEY AUTOINCREMENT, "rencdankel_tahun" integer NOT NULL, "rencdankel_pagu" decimal NOT NULL, "rencdankel_output" decimal NOT NULL, "rencdankel_ket" text NOT NULL, "rencdankel_jadwal" integer NULL, "rencdankel_dana_id" bigint NOT NULL REFERENCES "dana_subkegiatan" ("id") DEFERRABLE INITIALLY DEFERRED, "rencdankel_sub_id" bigint NOT NULL REFERENCES "dausg_dankelsub" ("id") DEFERRABLE INITIALLY DEFERRED, "rencdankel_subopd_id" bigint NOT NULL REFERENCES "opd_subopd" ("id") DEFERRABLE INITIALLY DEFERRED, "rencdankel_id_id" bigint NOT NULL REFERENCES "dankel_rencdankel" ("id") DEFERRABLE INITIALLY DEFERRED);UPDATE "main"."sqlite_sequence" SET seq = 2 WHERE name = 'dankel_rencdankeljadwal';
CREATE TABLE "dankel_rencdankeljadwalsisa" ("id" integer NOT NULL PRIMARY KEY AUTOINCREMENT, "rencdankelsisa_tahun" integer NOT NULL, "rencdankelsisa_pagu" decimal NOT NULL, "rencdankelsisa_output" decimal NOT NULL, "rencdankelsisa_ket" text NOT NULL, "rencdankelsisa_jadwal" integer NULL, "rencdankelsisa_dana_id" bigint NOT NULL REFERENCES "dana_subkegiatan" ("id") DEFERRABLE INITIALLY DEFERRED, "rencdankelsisa_sub_id" bigint NOT NULL REFERENCES "dausg_dankelsub" ("id") DEFERRABLE INITIALLY DEFERRED, "rencdankelsisa_subopd_id" bigint NOT NULL REFERENCES "opd_subopd" ("id") DEFERRABLE INITIALLY DEFERRED, "rencdankelsisa_id_id" bigint NOT NULL REFERENCES "dankel_rencdankelsisa" ("id") DEFERRABLE INITIALLY DEFERRED);UPDATE "main"."sqlite_sequence" SET seq = 10 WHERE name = 'dankel_rencdankeljadwalsisa';
CREATE TABLE "dankel_rencdankelsisa" ("id" integer NOT NULL PRIMARY KEY AUTOINCREMENT, "rencdankelsisa_tahun" integer NOT NULL, "rencdankelsisa_pagu" decimal NOT NULL, "rencdankelsisa_output" decimal NOT NULL, "rencdankelsisa_ket" text NOT NULL, "rencdankelsisa_verif" integer NOT NULL, "rencdankelsisa_sub_id" bigint NOT NULL REFERENCES "dausg_dankelsub" ("id") DEFERRABLE INITIALLY DEFERRED, "rencdankelsisa_subopd_id" bigint NOT NULL REFERENCES "opd_subopd" ("id") DEFERRABLE INITIALLY DEFERRED, "rencdankelsisa_dana_id" bigint NOT NULL REFERENCES "dana_subkegiatan" ("id") DEFERRABLE INITIALLY DEFERRED, CONSTRAINT "unique_rencdankelsisa" UNIQUE ("rencdankelsisa_tahun", "rencdankelsisa_subopd_id", "rencdankelsisa_sub_id"));UPDATE "main"."sqlite_sequence" SET seq = 9 WHERE name = 'dankel_rencdankelsisa';
CREATE TABLE "dashboard_level" ("id" integer NOT NULL PRIMARY KEY AUTOINCREMENT, "level_nama" varchar(30) NOT NULL UNIQUE);UPDATE "main"."sqlite_sequence" SET seq = 4 WHERE name = 'dashboard_level';
CREATE TABLE "dashboard_levelsub" ("id" integer NOT NULL PRIMARY KEY AUTOINCREMENT, "lihat" bool NOT NULL, "simpan" bool NOT NULL, "levelsub_level_id" bigint NOT NULL REFERENCES "dashboard_level" ("id") DEFERRABLE INITIALLY DEFERRED, "levelsub_submenu_id" bigint NOT NULL REFERENCES "dashboard_submenu" ("id") DEFERRABLE INITIALLY DEFERRED, "edit" bool NOT NULL, "hapus" bool NOT NULL);UPDATE "main"."sqlite_sequence" SET seq = 591 WHERE name = 'dashboard_levelsub';
CREATE TABLE "dashboard_menu" ("id" integer NOT NULL PRIMARY KEY AUTOINCREMENT, "menu_nama" varchar(30) NOT NULL UNIQUE, "menu_icon" varchar(40) NOT NULL, "menu_link" varchar(40) NOT NULL);UPDATE "main"."sqlite_sequence" SET seq = 9 WHERE name = 'dashboard_menu';
CREATE TABLE "dashboard_submenu" ("id" integer NOT NULL PRIMARY KEY AUTOINCREMENT, "submenu_nama" varchar(30) NOT NULL, "submenu_icon" varchar(40) NOT NULL, "submenu_link" varchar(40) NOT NULL, "submenu_menu_id" bigint NOT NULL REFERENCES "dashboard_menu" ("id") DEFERRABLE INITIALLY DEFERRED);UPDATE "main"."sqlite_sequence" SET seq = 32 WHERE name = 'dashboard_submenu';
CREATE TABLE "dashboard_userlevel" ("id" integer NOT NULL PRIMARY KEY AUTOINCREMENT, "user_nama_id" integer NOT NULL UNIQUE REFERENCES "auth_user" ("id") DEFERRABLE INITIALLY DEFERRED, "userlevel_id" bigint NOT NULL REFERENCES "dashboard_level" ("id") DEFERRABLE INITIALLY DEFERRED, "userlevelopd_id" bigint NOT NULL REFERENCES "opd_subopd" ("id") DEFERRABLE INITIALLY DEFERRED);UPDATE "main"."sqlite_sequence" SET seq = 4 WHERE name = 'dashboard_userlevel';
CREATE TABLE "dausg_dankelkeg" ("id" integer NOT NULL PRIMARY KEY AUTOINCREMENT, "dankelkeg_nama" varchar(200) NOT NULL, "dankelkeg_prog_id" bigint NOT NULL REFERENCES "dausg_dankelprog" ("id") DEFERRABLE INITIALLY DEFERRED);UPDATE "main"."sqlite_sequence" SET seq = 12 WHERE name = 'dausg_dankelkeg';
CREATE TABLE "dausg_dankelprog" ("id" integer NOT NULL PRIMARY KEY AUTOINCREMENT, "dankel_prog" varchar(200) NOT NULL, "dankel_dana_id" bigint NOT NULL REFERENCES "dana_subkegiatan" ("id") DEFERRABLE INITIALLY DEFERRED);UPDATE "main"."sqlite_sequence" SET seq = 3 WHERE name = 'dausg_dankelprog';
CREATE TABLE "dausg_dankelsub" ("id" integer NOT NULL PRIMARY KEY AUTOINCREMENT, "dankelsub_nama" varchar(200) NOT NULL, "dankelsub_satuan" varchar(200) NOT NULL, "dankelsub_keg_id" bigint NOT NULL REFERENCES "dausg_dankelkeg" ("id") DEFERRABLE INITIALLY DEFERRED);UPDATE "main"."sqlite_sequence" SET seq = 38 WHERE name = 'dausg_dankelsub';
CREATE TABLE "dausg_dausgkesehatankeg" ("id" integer NOT NULL PRIMARY KEY AUTOINCREMENT, "dausgkesehatankeg_nama" varchar(200) NOT NULL, "dausgkesehatankeg_prog_id" bigint NOT NULL REFERENCES "dausg_dausgkesehatanprog" ("id") DEFERRABLE INITIALLY DEFERRED);UPDATE "main"."sqlite_sequence" SET seq = 41 WHERE name = 'dausg_dausgkesehatankeg';
CREATE TABLE "dausg_dausgkesehatanprog" ("id" integer NOT NULL PRIMARY KEY AUTOINCREMENT, "dausgkesehatan_prog" varchar(200) NOT NULL, "dausgkesehatan_dana_id" bigint NOT NULL REFERENCES "dana_subkegiatan" ("id") DEFERRABLE INITIALLY DEFERRED);UPDATE "main"."sqlite_sequence" SET seq = 41 WHERE name = 'dausg_dausgkesehatanprog';
CREATE TABLE "dausg_dausgkesehatansub" ("id" integer NOT NULL PRIMARY KEY AUTOINCREMENT, "dausgkesehatansub_satuan" varchar(200) NOT NULL, "dausgkesehatansub_keg_id" bigint NOT NULL REFERENCES "dausg_dausgkesehatankeg" ("id") DEFERRABLE INITIALLY DEFERRED, "dausgkesehatansub_nama" varchar(500) NOT NULL);UPDATE "main"."sqlite_sequence" SET seq = 171 WHERE name = 'dausg_dausgkesehatansub';
CREATE TABLE "dausg_dausgpendidikankeg" ("id" integer NOT NULL PRIMARY KEY AUTOINCREMENT, "dausgpendidikankeg_nama" varchar(200) NOT NULL, "dausgpendidikankeg_prog_id" bigint NOT NULL REFERENCES "dausg_dausgpendidikanprog" ("id") DEFERRABLE INITIALLY DEFERRED);UPDATE "main"."sqlite_sequence" SET seq = 97 WHERE name = 'dausg_dausgpendidikankeg';
CREATE TABLE "dausg_dausgpendidikanprog" ("id" integer NOT NULL PRIMARY KEY AUTOINCREMENT, "dausgpendidikan_prog" varchar(200) NOT NULL, "dausgpendidikan_dana_id" bigint NOT NULL REFERENCES "dana_subkegiatan" ("id") DEFERRABLE INITIALLY DEFERRED);UPDATE "main"."sqlite_sequence" SET seq = 97 WHERE name = 'dausg_dausgpendidikanprog';
CREATE TABLE "dausg_dausgpendidikansub" ("id" integer NOT NULL PRIMARY KEY AUTOINCREMENT, "dausgpendidikansub_satuan" varchar(200) NOT NULL, "dausgpendidikansub_keg_id" bigint NOT NULL REFERENCES "dausg_dausgpendidikankeg" ("id") DEFERRABLE INITIALLY DEFERRED, "dausgpendidikansub_nama" varchar(500) NOT NULL);UPDATE "main"."sqlite_sequence" SET seq = 480 WHERE name = 'dausg_dausgpendidikansub';
CREATE TABLE "dausg_dausgpukeg" ("id" integer NOT NULL PRIMARY KEY AUTOINCREMENT, "dausgpukeg_nama" varchar(200) NOT NULL, "dausgpukeg_prog_id" bigint NOT NULL REFERENCES "dausg_dausgpuprog" ("id") DEFERRABLE INITIALLY DEFERRED);UPDATE "main"."sqlite_sequence" SET seq = 10 WHERE name = 'dausg_dausgpukeg';
CREATE TABLE "dausg_dausgpuprog" ("id" integer NOT NULL PRIMARY KEY AUTOINCREMENT, "dausgpu_prog" varchar(200) NOT NULL, "dausgpu_dana_id" bigint NOT NULL REFERENCES "dana_subkegiatan" ("id") DEFERRABLE INITIALLY DEFERRED);UPDATE "main"."sqlite_sequence" SET seq = 10 WHERE name = 'dausg_dausgpuprog';
CREATE TABLE "dausg_dausgpusub" ("id" integer NOT NULL PRIMARY KEY AUTOINCREMENT, "dausgpusub_satuan" varchar(200) NOT NULL, "dausgpusub_keg_id" bigint NOT NULL REFERENCES "dausg_dausgpukeg" ("id") DEFERRABLE INITIALLY DEFERRED, "dausgpusub_nama" varchar(500) NOT NULL);UPDATE "main"."sqlite_sequence" SET seq = 207 WHERE name = 'dausg_dausgpusub';
CREATE TABLE "django_admin_log" ("id" integer NOT NULL PRIMARY KEY AUTOINCREMENT, "object_id" text NULL, "object_repr" varchar(200) NOT NULL, "action_flag" smallint unsigned NOT NULL CHECK ("action_flag" >= 0), "change_message" text NOT NULL, "content_type_id" integer NULL REFERENCES "django_content_type" ("id") DEFERRABLE INITIALLY DEFERRED, "user_id" integer NOT NULL REFERENCES "auth_user" ("id") DEFERRABLE INITIALLY DEFERRED, "action_time" datetime NOT NULL);UPDATE "main"."sqlite_sequence" SET seq = 4 WHERE name = 'django_admin_log';
CREATE TABLE "django_content_type" ("id" integer NOT NULL PRIMARY KEY AUTOINCREMENT, "app_label" varchar(100) NOT NULL, "model" varchar(100) NOT NULL);UPDATE "main"."sqlite_sequence" SET seq = 41 WHERE name = 'django_content_type';
CREATE TABLE "django_migrations" ("id" integer NOT NULL PRIMARY KEY AUTOINCREMENT, "app" varchar(255) NOT NULL, "name" varchar(255) NOT NULL, "applied" datetime NOT NULL);UPDATE "main"."sqlite_sequence" SET seq = 67 WHERE name = 'django_migrations';
CREATE TABLE "django_session" ("session_key" varchar(40) NOT NULL PRIMARY KEY, "session_data" text NOT NULL, "expire_date" datetime NOT NULL);
CREATE TABLE "opd_opd" ("id" integer NOT NULL PRIMARY KEY AUTOINCREMENT, "nama_opd" varchar(100) NOT NULL UNIQUE, "kode_opd" varchar(25) NOT NULL UNIQUE);UPDATE "main"."sqlite_sequence" SET seq = 57 WHERE name = 'opd_opd';
CREATE TABLE "opd_pejabat" ("id" integer NOT NULL PRIMARY KEY AUTOINCREMENT, "pejabat_jabatan" varchar(40) NOT NULL, "pejabat_nama" varchar(40) NOT NULL, "pejabat_nip" varchar(18) NOT NULL UNIQUE, "pejabat_sub_id" bigint NOT NULL UNIQUE REFERENCES "opd_subopd" ("id") DEFERRABLE INITIALLY DEFERRED);UPDATE "main"."sqlite_sequence" SET seq = 3 WHERE name = 'opd_pejabat';
CREATE TABLE "opd_subopd" ("id" integer NOT NULL PRIMARY KEY AUTOINCREMENT, "sub_nama" varchar(200) NOT NULL, "sub_opd_id" bigint NOT NULL REFERENCES "opd_opd" ("id") DEFERRABLE INITIALLY DEFERRED);UPDATE "main"."sqlite_sequence" SET seq = 125 WHERE name = 'opd_subopd';
CREATE TABLE "pagu_pagudausg" ("id" integer NOT NULL PRIMARY KEY AUTOINCREMENT, "pagudausg_tahun" integer NOT NULL, "pagudausg_nilai" decimal NOT NULL, "pagudausg_sisa" decimal NOT NULL, "pagudausg_opd_id" bigint NOT NULL REFERENCES "opd_subopd" ("id") DEFERRABLE INITIALLY DEFERRED, "pagudausg_dana_id" bigint NOT NULL REFERENCES "dana_subkegiatan" ("id") DEFERRABLE INITIALLY DEFERRED, CONSTRAINT "unique_pagudausg" UNIQUE ("pagudausg_tahun", "pagudausg_opd_id", "pagudausg_dana_id"));UPDATE "main"."sqlite_sequence" SET seq = 10 WHERE name = 'pagu_pagudausg';
CREATE TABLE "penerimaan_distribusipenerimaan" ("id" integer NOT NULL PRIMARY KEY AUTOINCREMENT, "distri_nilai" decimal NOT NULL, "distri_ket" varchar(50) NOT NULL, "distri_penerimaan_id" bigint NOT NULL REFERENCES "penerimaan_penerimaan" ("id") DEFERRABLE INITIALLY DEFERRED, "distri_subopd_id" bigint NOT NULL REFERENCES "opd_subopd" ("id") DEFERRABLE INITIALLY DEFERRED, CONSTRAINT "unique_distrib" UNIQUE ("distri_penerimaan_id", "distri_subopd_id"));UPDATE "main"."sqlite_sequence" SET seq = 8 WHERE name = 'penerimaan_distribusipenerimaan';
CREATE TABLE "penerimaan_penerimaan" ("id" integer NOT NULL PRIMARY KEY AUTOINCREMENT, "penerimaan_tahun" integer NOT NULL, "penerimaan_tgl" date NOT NULL, "penerimaan_ket" varchar(200) NOT NULL, "penerimaan_nilai" decimal NOT NULL, "penerimaan_tahap_id" bigint NOT NULL REFERENCES "dana_tahapdana" ("id") DEFERRABLE INITIALLY DEFERRED, "penerimaan_dana_id" bigint NOT NULL REFERENCES "dana_subkegiatan" ("id") DEFERRABLE INITIALLY DEFERRED, CONSTRAINT "unique_penerimaan" UNIQUE ("penerimaan_tahun", "penerimaan_dana_id", "penerimaan_tahap_id"));UPDATE "main"."sqlite_sequence" SET seq = 4 WHERE name = 'penerimaan_penerimaan';
CREATE TABLE sqlite_sequence(name,seq);
BEGIN;
DELETE FROM "main"."auth_group";
COMMIT;
BEGIN;
DELETE FROM "main"."auth_group_permissions";
COMMIT;
BEGIN;
DELETE FROM "main"."auth_permission";
INSERT INTO "main"."auth_permission" ("id","content_type_id","codename","name") VALUES (1, 1, 'add_logentry', 'Can add log entry'),(2, 1, 'change_logentry', 'Can change log entry'),(3, 1, 'delete_logentry', 'Can delete log entry'),(4, 1, 'view_logentry', 'Can view log entry'),(5, 2, 'add_permission', 'Can add permission'),(6, 2, 'change_permission', 'Can change permission'),(7, 2, 'delete_permission', 'Can delete permission'),(8, 2, 'view_permission', 'Can view permission'),(9, 3, 'add_group', 'Can add group'),(10, 3, 'change_group', 'Can change group'),(11, 3, 'delete_group', 'Can delete group'),(12, 3, 'view_group', 'Can view group'),(13, 4, 'add_user', 'Can add user'),(14, 4, 'change_user', 'Can change user'),(15, 4, 'delete_user', 'Can delete user'),(16, 4, 'view_user', 'Can view user'),(17, 5, 'add_contenttype', 'Can add content type'),(18, 5, 'change_contenttype', 'Can change content type'),(19, 5, 'delete_contenttype', 'Can delete content type'),(20, 5, 'view_contenttype', 'Can view content type'),(21, 6, 'add_session', 'Can add session'),(22, 6, 'change_session', 'Can change session'),(23, 6, 'delete_session', 'Can delete session'),(24, 6, 'view_session', 'Can view session'),(25, 7, 'add_level', 'Can add level'),(26, 7, 'change_level', 'Can change level'),(27, 7, 'delete_level', 'Can delete level'),(28, 7, 'view_level', 'Can view level'),(29, 8, 'add_menu', 'Can add menu'),(30, 8, 'change_menu', 'Can change menu'),(31, 8, 'delete_menu', 'Can delete menu'),(32, 8, 'view_menu', 'Can view menu'),(33, 9, 'add_userlevel', 'Can add userlevel'),(34, 9, 'change_userlevel', 'Can change userlevel'),(35, 9, 'delete_userlevel', 'Can delete userlevel'),(36, 9, 'view_userlevel', 'Can view userlevel'),(37, 10, 'add_submenu', 'Can add submenu'),(38, 10, 'change_submenu', 'Can change submenu'),(39, 10, 'delete_submenu', 'Can delete submenu'),(40, 10, 'view_submenu', 'Can view submenu'),(41, 11, 'add_levelsub', 'Can add levelsub'),(42, 11, 'change_levelsub', 'Can change levelsub'),(43, 11, 'delete_levelsub', 'Can delete levelsub'),(44, 11, 'view_levelsub', 'Can view levelsub'),(45, 12, 'add_opd', 'Can add opd'),(46, 12, 'change_opd', 'Can change opd'),(47, 12, 'delete_opd', 'Can delete opd'),(48, 12, 'view_opd', 'Can view opd'),(49, 13, 'add_subopd', 'Can add subopd'),(50, 13, 'change_subopd', 'Can change subopd'),(51, 13, 'delete_subopd', 'Can delete subopd'),(52, 13, 'view_subopd', 'Can view subopd'),(53, 14, 'add_dana', 'Can add dana'),(54, 14, 'change_dana', 'Can change dana'),(55, 14, 'delete_dana', 'Can delete dana'),(56, 14, 'view_dana', 'Can view dana'),(57, 15, 'add_kegiatan', 'Can add kegiatan'),(58, 15, 'change_kegiatan', 'Can change kegiatan'),(59, 15, 'delete_kegiatan', 'Can delete kegiatan'),(60, 15, 'view_kegiatan', 'Can view kegiatan'),(61, 16, 'add_program', 'Can add program'),(62, 16, 'change_program', 'Can change program'),(63, 16, 'delete_program', 'Can delete program'),(64, 16, 'view_program', 'Can view program'),(65, 17, 'add_subkegiatan', 'Can add subkegiatan'),(66, 17, 'change_subkegiatan', 'Can change subkegiatan'),(67, 17, 'delete_subkegiatan', 'Can delete subkegiatan'),(68, 17, 'view_subkegiatan', 'Can view subkegiatan'),(69, 18, 'add_tahapdana', 'Can add tahap dana'),(70, 18, 'change_tahapdana', 'Can change tahap dana'),(71, 18, 'delete_tahapdana', 'Can delete tahap dana'),(72, 18, 'view_tahapdana', 'Can view tahap dana'),(73, 19, 'add_subrinc', 'Can add subrinc'),(74, 19, 'change_subrinc', 'Can change subrinc'),(75, 19, 'delete_subrinc', 'Can delete subrinc'),(76, 19, 'view_subrinc', 'Can view subrinc'),(77, 20, 'add_dankelkeg', 'Can add dankel keg'),(78, 20, 'change_dankelkeg', 'Can change dankel keg'),(79, 20, 'delete_dankelkeg', 'Can delete dankel keg'),(80, 20, 'view_dankelkeg', 'Can view dankel keg'),(81, 21, 'add_dausgkesehatankeg', 'Can add dausgkesehatan keg'),(82, 21, 'change_dausgkesehatankeg', 'Can change dausgkesehatan keg'),(83, 21, 'delete_dausgkesehatankeg', 'Can delete dausgkesehatan keg'),(84, 21, 'view_dausgkesehatankeg', 'Can view dausgkesehatan keg'),(85, 22, 'add_dausgpendidikankeg', 'Can add dausgpendidikan keg'),(86, 22, 'change_dausgpendidikankeg', 'Can change dausgpendidikan keg'),(87, 22, 'delete_dausgpendidikankeg', 'Can delete dausgpendidikan keg'),(88, 22, 'view_dausgpendidikankeg', 'Can view dausgpendidikan keg'),(89, 23, 'add_dausgpukeg', 'Can add dausgpu keg'),(90, 23, 'change_dausgpukeg', 'Can change dausgpu keg'),(91, 23, 'delete_dausgpukeg', 'Can delete dausgpu keg'),(92, 23, 'view_dausgpukeg', 'Can view dausgpu keg'),(93, 24, 'add_dausgpusub', 'Can add dausgpu sub'),(94, 24, 'change_dausgpusub', 'Can change dausgpu sub'),(95, 24, 'delete_dausgpusub', 'Can delete dausgpu sub'),(96, 24, 'view_dausgpusub', 'Can view dausgpu sub'),(97, 25, 'add_dausgpuprog', 'Can add dausgpu prog'),(98, 25, 'change_dausgpuprog', 'Can change dausgpu prog'),(99, 25, 'delete_dausgpuprog', 'Can delete dausgpu prog'),(100, 25, 'view_dausgpuprog', 'Can view dausgpu prog'),(101, 26, 'add_dausgpendidikansub', 'Can add dausgpendidikan sub'),(102, 26, 'change_dausgpendidikansub', 'Can change dausgpendidikan sub'),(103, 26, 'delete_dausgpendidikansub', 'Can delete dausgpendidikan sub'),(104, 26, 'view_dausgpendidikansub', 'Can view dausgpendidikan sub'),(105, 27, 'add_dausgpendidikanprog', 'Can add dausgpendidikan prog'),(106, 27, 'change_dausgpendidikanprog', 'Can change dausgpendidikan prog'),(107, 27, 'delete_dausgpendidikanprog', 'Can delete dausgpendidikan prog'),(108, 27, 'view_dausgpendidikanprog', 'Can view dausgpendidikan prog'),(109, 28, 'add_dausgkesehatansub', 'Can add dausgkesehatan sub'),(110, 28, 'change_dausgkesehatansub', 'Can change dausgkesehatan sub'),(111, 28, 'delete_dausgkesehatansub', 'Can delete dausgkesehatan sub'),(112, 28, 'view_dausgkesehatansub', 'Can view dausgkesehatan sub'),(113, 29, 'add_dausgkesehatanprog', 'Can add dausgkesehatan prog'),(114, 29, 'change_dausgkesehatanprog', 'Can change dausgkesehatan prog'),(115, 29, 'delete_dausgkesehatanprog', 'Can delete dausgkesehatan prog'),(116, 29, 'view_dausgkesehatanprog', 'Can view dausgkesehatan prog'),(117, 30, 'add_dankelsub', 'Can add dankelsub'),(118, 30, 'change_dankelsub', 'Can change dankelsub'),(119, 30, 'delete_dankelsub', 'Can delete dankelsub'),(120, 30, 'view_dankelsub', 'Can view dankelsub'),(121, 31, 'add_dankelprog', 'Can add dankel prog'),(122, 31, 'change_dankelprog', 'Can change dankel prog'),(123, 31, 'delete_dankelprog', 'Can delete dankel prog'),(124, 31, 'view_dankelprog', 'Can view dankel prog'),(125, 32, 'add_penerimaan', 'Can add penerimaan'),(126, 32, 'change_penerimaan', 'Can change penerimaan'),(127, 32, 'delete_penerimaan', 'Can delete penerimaan'),(128, 32, 'view_penerimaan', 'Can view penerimaan'),(129, 33, 'add_distribusipenerimaan', 'Can add distribusi penerimaan'),(130, 33, 'change_distribusipenerimaan', 'Can change distribusi penerimaan'),(131, 33, 'delete_distribusipenerimaan', 'Can delete distribusi penerimaan'),(132, 33, 'view_distribusipenerimaan', 'Can view distribusi penerimaan'),(133, 34, 'add_rencdankelsisa', 'Can add renc dankelsisa'),(134, 34, 'change_rencdankelsisa', 'Can change renc dankelsisa'),(135, 34, 'delete_rencdankelsisa', 'Can delete renc dankelsisa'),(136, 34, 'view_rencdankelsisa', 'Can view renc dankelsisa'),(137, 35, 'add_rencdankel', 'Can add renc dankel'),(138, 35, 'change_rencdankel', 'Can change renc dankel'),(139, 35, 'delete_rencdankel', 'Can delete renc dankel'),(140, 35, 'view_rencdankel', 'Can view renc dankel'),(141, 36, 'add_realisasidankel', 'Can add realisasi dankel'),(142, 36, 'change_realisasidankel', 'Can change realisasi dankel'),(143, 36, 'delete_realisasidankel', 'Can delete realisasi dankel'),(144, 36, 'view_realisasidankel', 'Can view realisasi dankel'),(145, 37, 'add_pagudausg', 'Can add pagudausg'),(146, 37, 'change_pagudausg', 'Can change pagudausg'),(147, 37, 'delete_pagudausg', 'Can delete pagudausg'),(148, 37, 'view_pagudausg', 'Can view pagudausg'),(149, 38, 'add_realisasidankelsisa', 'Can add realisasi dankelsisa'),(150, 38, 'change_realisasidankelsisa', 'Can change realisasi dankelsisa'),(151, 38, 'delete_realisasidankelsisa', 'Can delete realisasi dankelsisa'),(152, 38, 'view_realisasidankelsisa', 'Can view realisasi dankelsisa'),(153, 39, 'add_rencdankeljadwal', 'Can add renc dankeljadwal'),(154, 39, 'change_rencdankeljadwal', 'Can change renc dankeljadwal'),(155, 39, 'delete_rencdankeljadwal', 'Can delete renc dankeljadwal'),(156, 39, 'view_rencdankeljadwal', 'Can view renc dankeljadwal'),(157, 40, 'add_rencdankeljadwalsisa', 'Can add renc dankeljadwalsisa'),(158, 40, 'change_rencdankeljadwalsisa', 'Can change renc dankeljadwalsisa'),(159, 40, 'delete_rencdankeljadwalsisa', 'Can delete renc dankeljadwalsisa'),(160, 40, 'view_rencdankeljadwalsisa', 'Can view renc dankeljadwalsisa'),(161, 41, 'add_pejabat', 'Can add pejabat'),(162, 41, 'change_pejabat', 'Can change pejabat'),(163, 41, 'delete_pejabat', 'Can delete pejabat'),(164, 41, 'view_pejabat', 'Can view pejabat');
COMMIT;
BEGIN;
DELETE FROM "main"."auth_user";
INSERT INTO "main"."auth_user" ("id","password","last_login","is_superuser","username","last_name","email","is_staff","is_active","date_joined","first_name") VALUES (1, 'pbkdf2_sha256$600000$dyw3WHSVGJodNeAJSU0X6y$/oIoW98lH+RrzbhqUHqD1NZCXGRwG/E+e+rHVi2ly6c=', '2024-08-31 05:49:07.118222', 1, 'admin', '', '', 1, 1, '2024-07-12 08:45:30.555345', ''),(2, 'pbkdf2_sha256$600000$1Llvz1Ho1dmxYgyqRJohRv$VRcHf7xtAktVjyhRkDEk53ZiuRrH2EmyPFXV86MahVg=', '2024-09-02 01:23:35.123228', 0, 'saleh', '', '', 0, 1, '2024-07-17 16:12:21.717560', ''),(4, 'pbkdf2_sha256$600000$pKohTrTxD1N9dan9i2maea$E6yqd/lqLXQtseiMV3yljs2yNzd4nOt4R2kdDdt0itg=', '2024-08-19 10:43:54.222587', 0, 'kelurahan1', '', '', 0, 1, '2024-08-05 04:14:41.078171', ''),(5, 'pbkdf2_sha256$600000$7Xn37SgYo3NhVVPqgaOZ4Z$b9GPdkDOVtf1NQp0M2K5baiWmd+unkP/bNWToWg6IAY=', '2024-08-29 10:53:56.328353', 0, 'Apip', '', '', 0, 1, '2024-08-19 01:44:12.377715', '');
COMMIT;
BEGIN;
DELETE FROM "main"."auth_user_groups";
COMMIT;
BEGIN;
DELETE FROM "main"."auth_user_user_permissions";
COMMIT;
BEGIN;
DELETE FROM "main"."dana_dana";
INSERT INTO "main"."dana_dana" ("id","dana_nama") VALUES (1, 'Dana Bagi Hasil'),(2, 'Dana Alokasi Umum'),(3, 'Dana Alokasi Khusus Fisik'),(4, 'Dana Insentif Daerah'),(5, 'Dana Alokasi Khusus Nonfisik'),(6, 'Dana Desa');
COMMIT;
BEGIN;
DELETE FROM "main"."dana_kegiatan";
INSERT INTO "main"."dana_kegiatan" ("id","kegiatan_nama","kegiatan_program_id","kegiatan_slug") VALUES (1, 'Belanja Dana Bagi Hasil PPh Pasal 21', 3, 'belanja-dana-bagi-hasil-pph-pasal-21'),(2, 'Belanja Dana Bagi Hasil PPh Pasal 25/29 OP', 3, 'belanja-dana-bagi-hasil-pph-pasal-2529-op'),(3, 'Belanja Dana Bagi Hasil PBB untuk Kabupaten/Kota', 4, 'belanja-dana-bagi-hasil-pbb-untuk-kabupatenkota'),(4, 'Belanja Dana Bagi Hasil Minyak Bumi', 5, 'belanja-dana-bagi-hasil-minyak-bumi'),(5, 'Belanja Dana Bagi Hasil Gas Bumi', 6, 'belanja-dana-bagi-hasil-gas-bumi'),(6, 'Belanja Dana Bagi Hasil Pertambangan Umum - Royalti', 7, 'belanja-dana-bagi-hasil-pertambangan-umum-royalti'),(7, 'Belanja Dana Bagi Hasil Pertambangan Panas Bumi - Iuran Tetap', 8, 'belanja-dana-bagi-hasil-pertambangan-panas-bumi-iuran-tetap'),(8, 'Belanja Dana Bagi Hasil Pertambangan Panas Bumi - Iuran Produksi (Royalti)', 8, 'belanja-dana-bagi-hasil-pertambangan-panas-bumi-iuran-produksi'),(9, 'Belanja Dana Bagi Hasil Kehutanan - PSDH', 9, 'belanja-dana-bagi-hasil-kehutanan-psdh'),(10, 'Belanja Dana Bagi Hasil Perikanan', 10, 'belanja-dana-bagi-hasil-perikanan'),(11, 'Dana Bagi Hasil Perkebunan Sawit', 11, 'dana-bagi-hasil-perkebunan-sawit'),(12, 'Belanja Dana Bagi Hasil Cukai Hasil Tembakau', 12, 'belanja-dana-bagi-hasil-cukai-hasil-tembakau'),(13, 'Belanja Dana Alokasi Umum', 13, 'belanja-dana-alokasi-umum'),(14, 'Transfer Dana Alokasi Umum Dukungan Penggajian PPPK Daerah', 13, 'transfer-dana-alokasi-umum-dukungan-penggajian-pppk-daerah'),(15, 'Dana Kelurahan', 13, 'transfer-dana-alokasi-umum-dukungan-pembangunan-sarana-dan-prasarana-pemberdayaan-masyarakat-di-kelurahan'),(16, 'Transfer Dana Alokasi Umum Dukungan Bidang Pendidikan', 13, 'transfer-dana-alokasi-umum-dukungan-bidang-pendidikan'),(17, 'Transfer Dana Alokasi Umum Dukungan Bidang Kesehatan', 13, 'transfer-dana-alokasi-umum-dukungan-bidang-kesehatan'),(18, 'Transfer Dana Alokasi Umum Dukungan Bidang Pekerjaan Umum', 13, 'transfer-dana-alokasi-umum-dukungan-bidang-pekerjaan-umum'),(19, 'Dana Alokasi Khusus Penugasan', 14, 'dana-alokasi-khusus-penugasan'),(20, 'Dana Insentif Daerah', 15, 'dana-insentif-daerah'),(21, 'Dana Tunjangan Profesi Guru ASN Daerah', 16, 'dana-tunjangan-profesi-guru-asn-daerah'),(22, 'Dana Tambahan Penghasilan Guru ASN Daerah', 17, 'dana-tambahan-penghasilan-guru-asn-daerah'),(23, 'Dana Bantuan Operasional Sekolah', 18, 'dana-bantuan-operasional-sekolah'),(24, 'Dana Bantuan Operasional Kesehatan', 19, 'dana-bantuan-operasional-kesehatan'),(25, 'Dana Bantuan Operasional Keluarga Berencana', 19, 'dana-bantuan-operasional-keluarga-berencana'),(26, 'Dana Peningkatan Kapasitas Koperasi dan Usaha Mikro Kecil', 20, 'dana-peningkatan-kapasitas-koperasi-dan-usaha-mikro-kecil'),(27, 'Dana Bantuan Operasional Penyelenggaraan - Pendidikan Anak Usia Dini', 21, 'dana-bantuan-operasional-penyelenggaraan-pendidikan-anak-usia'),(28, 'Dana Bantuan Operasional Penyelenggaraan (BOP) Pendidikan Kesetaraan', 21, 'dana-bantuan-operasional-penyelenggaraan-bop-pendidikan-kesetaraan'),(29, 'Dana Pelayanan Perlindungan Perempuan dan Anak', 22, 'dana-pelayanan-perlindungan-perempuan-dan-anak'),(30, 'Dana Fasilitasi Penanaman Modal', 23, 'dana-fasilitasi-penanaman-modal'),(31, 'Dana Ketahanan Pangan dan Pertanian', 24, 'dana-ketahanan-pangan-dan-pertanian'),(32, 'Dana Desa', 25, 'dana-desa');
COMMIT;
BEGIN;
DELETE FROM "main"."dana_program";
INSERT INTO "main"."dana_program" ("id","program_nama","program_dana_id") VALUES (3, 'Transfer Dana Bagi Hasil Pajak Penghasilan Perorangan', 1),(4, 'Transfer Dana bagi hasil PBB', 1),(5, 'Transfer DBH-SDA Minyak Bumi', 1),(6, 'Transfer DBH-SDA Gas Bumi', 1),(7, 'Transfer DBH-SDA Pertambangan Umum', 1),(8, 'Transfer DBH-SDA Pertambangan Panas Bumi', 1),(9, 'Transfer DBH-SDA Kehutanan', 1),(10, 'Transfer DBH Perikanan', 1),(11, 'Transfer DBH-SDA Sawit', 1),(12, 'Transfer Dana Bagi Hasil Cukai', 1),(13, 'Transfer Dana Alokasi Umum', 2),(14, 'Dana Alokasi Khusus Infrastruktur Publik Daerah dan Penugasan', 3),(15, 'Dana Insentif Daerah', 4),(16, 'Dana Tunjangan Profesi Guru ASN Daerah (TPG) dan Tunjangan Khusus Guru ASN di Daerah Khusus', 5),(17, 'Dana Tambahan Penghasilan Guru ASN Daerah', 5),(18, 'Dana Bantuan Operasional Sekolah (BOS)', 5),(19, 'Dana Bantuan Operasional Kesehatan dan Bantuan Operasional Keluarga Berencana', 5),(20, 'Dana Peningkatan Kapasitas Koperasi, Usaha Kecil Menengah, Ketenagakerjaan, dan Kependudukan', 5),(21, 'Dana Bantuan Operasional Penyelenggaraan - Pendidikan Anak Usia Dini', 5),(22, 'Dana Pelayanan Perlindungan Perempuan dan Anak', 5),(23, 'Dana Fasilitasi Penanaman Modal', 5),(24, 'Dana Ketahanan Pangan dan Pertanian', 5),(25, 'Dana Desa', 6);
COMMIT;
BEGIN;
DELETE FROM "main"."dana_subkegiatan";
INSERT INTO "main"."dana_subkegiatan" ("id","sub_nama","sub_keg_id","sub_slug") VALUES (1, 'Belanja Dana Bagi Hasil PPh Pasal 21', 1, 'belanja-dana-bagi-hasil-pph-pasal-21'),(2, 'Belanja Dana Bagi Hasil PPh Pasal 25/29 OP', 2, 'belanja-dana-bagi-hasil-pph-pasal-2529-op'),(3, 'Belanja Dana Bagi Hasil PBB untuk Kabupaten/Kota', 3, 'belanja-dana-bagi-hasil-pbb-untuk-kabupatenkota'),(4, 'Belanja Dana Bagi Hasil Minyak Bumi', 4, 'belanja-dana-bagi-hasil-minyak-bumi'),(5, 'Belanja Dana Bagi Hasil Gas Bumi', 5, 'belanja-dana-bagi-hasil-gas-bumi'),(6, 'Belanja Dana Bagi Hasil Pertambangan Umum - Royalti', 6, 'belanja-dana-bagi-hasil-pertambangan-umum-royalti'),(7, 'Belanja Dana Bagi Hasil Pertambangan Panas Bumi - Iuran Tetap', 7, 'belanja-dana-bagi-hasil-pertambangan-panas-bumi-iuran-tetap'),(8, 'Belanja Dana Bagi Hasil Pertambangan Panas Bumi - Iuran Produksi (Royalti)', 8, 'belanja-dana-bagi-hasil-pertambangan-panas-bumi-iuran-produksi-royalti'),(9, 'Belanja Dana Bagi Hasil Kehutanan - PSDH', 9, 'belanja-dana-bagi-hasil-kehutanan-psdh'),(10, 'Belanja Dana Bagi Hasil Perikanan', 10, 'belanja-dana-bagi-hasil-perikanan'),(11, 'Dana Bagi Hasil Perkebunan Sawit', 11, 'dana-bagi-hasil-perkebunan-sawit'),(12, 'Belanja Dana Bagi Hasil Cukai Hasil Tembakau', 12, 'belanja-dana-bagi-hasil-cukai-hasil-tembakau'),(13, 'Alokasi DAU yang tidak ditentukan penggunaannya yang disalurkan', 13, 'alokasi-dau-yang-tidak-ditentukan-penggunaannya-yang-disalurkan'),(14, 'Alokasi DAU Dukungan Penggajian PPPK Daerah yang disalurkan', 14, 'alokasi-dau-dukungan-penggajian-pppk-daerah-yang-disalurkan'),(15, 'Dana Kelurahan', 15, 'dana-kelurahan'),(16, 'DAU Dukungan Bidang Pendidikan', 16, 'dau-dukungan-bidang-pendidikan'),(17, 'DAU Dukungan Bidang Kesehatan', 17, 'dau-dukungan-bidang-kesehatan'),(18, 'DAU Dukungan Bidang Pekerjaan Umum', 18, 'dau-dukungan-bidang-pekerjaan-umum'),(19, 'DAK Fisik Penugasan Bidang Air Minum Mendukung Peningkatan Kualitas SDM', 19, 'dak-fisik-penugasan-bidang-air-minum-mendukung-peningkatan-kualitas-sdm'),(20, 'DAK Fisik Penugasan Bidang Jalan Mendukung Konektivitas Daerah', 19, 'dak-fisik-penugasan-bidang-jalan-mendukung-konektivitas-daerah'),(21, 'DAK Fisik Penugasan Bidang Kesehatan Subbidang Penguatan Penurunan Angka Kematian Ibu, Bayi, dan Intervensi Stunting', 19, 'dak-fisik-penugasan-bidang-kesehatan-subbidang-penguatan-penurunan-angka-kematian-ibu-bayi-dan-intervensi-stunting'),(22, 'DAK Fisik Penugasan Bidang Pendidikan Subbidang PAUD', 19, 'dak-fisik-penugasan-bidang-pendidikan-subbidang-paud'),(23, 'DAK Fisik Penugasan Bidang Pertanian Tematik Pengembangan Food Estate', 19, 'dak-fisik-penugasan-bidang-pertanian-tematik-pengembangan-food-estate'),(24, 'DAK Fisik Penugasan Bidang Irigasi Tematik Pengembangan Food Estate', 19, 'dak-fisik-penugasan-bidang-irigasi-tematik-pengembangan-food-estate'),(25, 'DAK Fisik Penugasan Bidang Jalan Tematik Pengembangan Food Estate', 19, 'dak-fisik-penugasan-bidang-jalan-tematik-pengembangan-food-estate'),(26, 'DAK Fisik Penugasan Bidang Pendidikan Subbidang SD', 19, 'dak-fisik-penugasan-bidang-pendidikan-subbidang-sd'),(27, 'DAK Fisik Penugasan Bidang Pendidikan Subbidang SMP', 19, 'dak-fisik-penugasan-bidang-pendidikan-subbidang-smp'),(28, 'DAK Fisik Penugasan Bidang Kesehatan Subbidang Penguatan Sistem Kesehatan', 19, 'dak-fisik-penugasan-bidang-kesehatan-subbidang-penguatan-sistem-kesehatan'),(29, 'DAK Fisik Penugasan Bidang Kesehatan Subbidang Keluarga Berencana', 19, 'dak-fisik-penugasan-bidang-kesehatan-subbidang-keluarga-berencana'),(30, 'DAK Fisik Penugasan Bidang Sanitasi Mendukung Peningkatan Kualitas SDM', 19, 'dak-fisik-penugasan-bidang-sanitasi-mendukung-peningkatan-kualitas-sdm'),(31, 'Insentif Fiskal Kinerja tahun sebelumnya', 20, 'insentif-fiskal-kinerja-tahun-sebelumnya'),(32, 'Dana Tunjangan Profesi Guru ASN Daerah', 21, 'dana-tunjangan-profesi-guru-asn-daerah'),(33, 'Dana Tambahan Penghasilan Guru ASN Daerah', 22, 'dana-tambahan-penghasilan-guru-asn-daerah'),(34, 'Dana Bantuan Operasional Sekolah Reguler', 23, 'dana-bantuan-operasional-sekolah-reguler'),(35, 'Dana Bantuan Operasional Sekolah Kinerja', 23, 'dana-bantuan-operasional-sekolah-kinerja'),(36, 'Dana Bantuan Operasional Kesehatan Dinas', 24, 'dana-bantuan-operasional-kesehatan-dinas'),(37, 'Dana Bantuan Operasional Kesehatan Puskesmas', 24, 'dana-bantuan-operasional-kesehatan-puskesmas'),(38, 'Dana Bantuan Operasional Keluarga Berencana', 25, 'dana-bantuan-operasional-keluarga-berencana'),(39, 'Dana Pengingkatan Kapasitas Koperasi dan Usaha Mikro Kecil', 26, 'dana-pengingkatan-kapasitas-koperasi-dan-usaha-mikro-kecil'),(40, 'Dana Bantuan Operasional Penyelenggaraan Pendidikan Anak Usia Dini Reguler', 27, 'dana-bantuan-operasional-penyelenggaraan-pendidikan-anak-usia-dini-reguler'),(41, 'Dana Bantuan Operasional Penyelenggaraan Pendidikan Anak Usia Dini Kinerja', 27, 'dana-bantuan-operasional-penyelenggaraan-pendidikan-anak-usia-dini-kinerja'),(42, 'Dana Bantuan Operasional Penyelenggaraan Pendidikan Kesetaraan Reguler', 28, 'dana-bantuan-operasional-penyelenggaraan-pendidikan-kesetaraan-reguler'),(43, 'Dana Bantuan Operasioanal Penyelenggaraan Pendidikan Kesetaraan Kinerja', 28, 'dana-bantuan-operasioanal-penyelenggaraan-pendidikan-kesetaraan-kinerja'),(44, 'Dana Pelayanan Perlindungan Perempuan dan Anak', 29, 'dana-pelayanan-perlindungan-perempuan-dan-anak'),(45, 'Dana Fasilitasi Penanaman Modal', 30, 'dana-fasilitasi-penanaman-modal'),(46, 'Dana Ketahanan Pangan dan Pertanian', 31, 'dana-ketahanan-pangan-dan-pertanian'),(47, 'Dana Desa', 32, 'dana-desa'),(48, 'Sisa Dana Kelurahan', 15, 'sisa-dana-kelurahan');
COMMIT;
BEGIN;
DELETE FROM "main"."dana_subrinc";
COMMIT;
BEGIN;
DELETE FROM "main"."dana_tahapdana";
INSERT INTO "main"."dana_tahapdana" ("id","tahap_dana") VALUES (1, 'Tahap I/ TW I/ Semester I'),(2, 'Tahap II/ TW II/ Semester II'),(3, 'Tahap III/ TW III'),(4, 'Tahap IV/ TW IV');
COMMIT;
BEGIN;
DELETE FROM "main"."dankel_realisasidankel";
INSERT INTO "main"."dankel_realisasidankel" ("id","realisasidankel_tahun","realisasidankel_sp2dtu","realisasidankel_tgl","realisasidankel_nilai","realisasidankel_lpj","realisasidankel_lpjtgl","realisasidankel_lpjnilai","realisasidankel_sts","realisasidankel_ststgl","realisasidankel_stsnilai","realisasidankel_verif","realisasidankel_dana_id","realisasidankel_rencana_id","realisasidankel_subopd_id","realisasidankel_tahap_id","realisasidankel_output","realisasidankel_idrencana_id") VALUES (1, 2024, 'asds', '2024-08-31', 10000, 'dasd', '2024-08-31', 10000, 'asdsad', '2024-08-31', 0, 0, 15, 1, 72, 1, 1, 8);
COMMIT;
BEGIN;
DELETE FROM "main"."dankel_realisasidankelsisa";
INSERT INTO "main"."dankel_realisasidankelsisa" ("id","realisasidankelsisa_tahun","realisasidankelsisa_sp2dtu","realisasidankelsisa_tgl","realisasidankelsisa_nilai","realisasidankelsisa_lpj","realisasidankelsisa_lpjtgl","realisasidankelsisa_lpjnilai","realisasidankelsisa_sts","realisasidankelsisa_ststgl","realisasidankelsisa_stsnilai","realisasidankelsisa_verif","realisasidankelsisa_dana_id","realisasidankelsisa_rencana_id","realisasidankelsisa_subopd_id","realisasidankelsisa_tahap_id","realisasidankelsisa_output","realisasidankelsisa_idrencana_id") VALUES (12, 2024, 'asds', '2024-08-31', 10000, 'asd', '2024-08-31', 10000, 'asdasd', '2024-08-31', 0, 0, 48, 10, 72, 1, 1, 9);
COMMIT;
BEGIN;
DELETE FROM "main"."dankel_rencdankel";
INSERT INTO "main"."dankel_rencdankel" ("id","rencdankel_tahun","rencdankel_pagu","rencdankel_output","rencdankel_ket","rencdankel_verif","rencdankel_sub_id","rencdankel_subopd_id","rencdankel_dana_id") VALUES (8, 2024, 90000000, 1, 'Pembangunan Saluran Drainase di Lk. III Kel. Aek Loba Pekan Kec. Aek Kuasan', 0, 9, 72, 15),(10, 2024, 37400000, 2, 'Pelatihan kader kesehatan masyarakat, pencegahan stunting dan pemberian makanan tambahankepadabalita', 0, 23, 72, 15);
COMMIT;
BEGIN;
DELETE FROM "main"."dankel_rencdankeljadwal";
INSERT INTO "main"."dankel_rencdankeljadwal" ("id","rencdankel_tahun","rencdankel_pagu","rencdankel_output","rencdankel_ket","rencdankel_jadwal","rencdankel_dana_id","rencdankel_sub_id","rencdankel_subopd_id","rencdankel_id_id") VALUES (1, 2024, 90000000, 1, 'Pembangunan Saluran Drainase di Lk. III Kel. Aek Loba Pekan Kec. Aek Kuasan', 1, 15, 9, 72, 8),(2, 2024, 37400000, 2, 'Pelatihan kader kesehatan masyarakat, pencegahan stunting dan pemberian makanan tambahankepadabalita', 1, 15, 23, 72, 10);
COMMIT;
BEGIN;
DELETE FROM "main"."dankel_rencdankeljadwalsisa";
INSERT INTO "main"."dankel_rencdankeljadwalsisa" ("id","rencdankelsisa_tahun","rencdankelsisa_pagu","rencdankelsisa_output","rencdankelsisa_ket","rencdankelsisa_jadwal","rencdankelsisa_dana_id","rencdankelsisa_sub_id","rencdankelsisa_subopd_id","rencdankelsisa_id_id") VALUES (10, 2024, 38000000, 1, '', 1, 48, 9, 72, 9);
COMMIT;
BEGIN;
DELETE FROM "main"."dankel_rencdankelsisa";
INSERT INTO "main"."dankel_rencdankelsisa" ("id","rencdankelsisa_tahun","rencdankelsisa_pagu","rencdankelsisa_output","rencdankelsisa_ket","rencdankelsisa_verif","rencdankelsisa_sub_id","rencdankelsisa_subopd_id","rencdankelsisa_dana_id") VALUES (9, 2024, 80000, 1, '', 0, 9, 72, 48);
COMMIT;
BEGIN;
DELETE FROM "main"."dashboard_level";
INSERT INTO "main"."dashboard_level" ("id","level_nama") VALUES (1, 'Admin'),(2, 'Pengguna'),(3, 'APIP'),(4, 'BKAD');
COMMIT;
BEGIN;
DELETE FROM "main"."dashboard_levelsub";
INSERT INTO "main"."dashboard_levelsub" ("id","lihat","simpan","levelsub_level_id","levelsub_submenu_id","edit","hapus") VALUES (466, 1, 1, 1, 1, 0, 0),(467, 1, 1, 1, 2, 0, 0),(468, 0, 0, 1, 3, 0, 0),(469, 0, 0, 1, 4, 0, 0),(470, 0, 0, 1, 5, 0, 0),(471, 0, 0, 1, 6, 0, 0),(472, 0, 0, 1, 7, 0, 0),(473, 0, 0, 1, 8, 0, 0),(474, 0, 0, 1, 9, 0, 0),(475, 0, 0, 1, 10, 0, 0),(476, 0, 0, 1, 11, 0, 0),(477, 0, 0, 1, 12, 0, 0),(478, 0, 0, 1, 13, 0, 0),(479, 0, 0, 1, 14, 0, 0),(480, 0, 0, 1, 15, 0, 0),(481, 0, 0, 1, 16, 0, 0),(482, 0, 0, 1, 17, 0, 0),(483, 0, 0, 1, 18, 0, 0),(484, 0, 0, 1, 19, 0, 0),(485, 0, 0, 1, 20, 0, 0),(486, 0, 0, 1, 21, 0, 0),(487, 0, 0, 1, 22, 0, 0),(488, 0, 0, 1, 23, 0, 0),(489, 0, 0, 1, 24, 0, 0),(490, 0, 0, 1, 25, 0, 0),(491, 0, 0, 1, 26, 0, 0),(492, 0, 0, 1, 27, 0, 0),(493, 0, 0, 1, 28, 0, 0),(494, 0, 0, 1, 29, 0, 0),(495, 0, 0, 1, 30, 0, 0),(496, 0, 0, 1, 31, 0, 0),(497, 1, 1, 2, 1, 1, 1),(498, 0, 0, 2, 2, 0, 0),(499, 1, 0, 2, 3, 0, 0),(500, 0, 0, 2, 4, 0, 0),(501, 0, 0, 2, 5, 0, 0),(502, 1, 1, 2, 6, 1, 1),(503, 1, 1, 2, 7, 1, 1),(504, 1, 1, 2, 8, 1, 1),(505, 0, 0, 2, 9, 0, 0),(506, 0, 0, 2, 10, 0, 0),(507, 0, 0, 2, 11, 0, 0),(508, 0, 0, 2, 12, 0, 0),(509, 0, 0, 2, 13, 0, 0),(510, 0, 0, 2, 14, 0, 0),(511, 0, 0, 2, 15, 0, 0),(512, 0, 0, 2, 16, 0, 0),(513, 0, 0, 2, 17, 0, 0),(514, 0, 0, 2, 18, 0, 0),(515, 0, 0, 2, 19, 0, 0),(516, 0, 0, 2, 20, 0, 0),(517, 0, 0, 2, 21, 0, 0),(518, 0, 0, 2, 22, 0, 0),(519, 0, 0, 2, 23, 0, 0),(520, 0, 0, 2, 24, 0, 0),(521, 0, 0, 2, 25, 0, 0),(522, 0, 0, 2, 26, 0, 0),(523, 0, 0, 2, 27, 0, 0),(524, 0, 0, 2, 28, 0, 0),(525, 0, 0, 2, 29, 0, 0),(526, 0, 0, 2, 30, 0, 0),(527, 0, 0, 2, 31, 0, 0),(528, 1, 1, 3, 1, 1, 1),(529, 1, 0, 3, 2, 0, 0),(530, 1, 0, 3, 3, 0, 0),(531, 1, 0, 3, 4, 0, 0),(532, 0, 0, 3, 5, 0, 0),(533, 1, 0, 3, 6, 0, 0),(534, 1, 0, 3, 7, 1, 0),(535, 1, 0, 3, 8, 0, 0),(536, 0, 0, 3, 9, 0, 0),(537, 0, 0, 3, 10, 0, 0),(538, 0, 0, 3, 11, 0, 0),(539, 0, 0, 3, 12, 0, 0),(540, 0, 0, 3, 13, 0, 0),(541, 0, 0, 3, 14, 0, 0),(542, 0, 0, 3, 15, 0, 0),(543, 0, 0, 3, 16, 0, 0),(544, 0, 0, 3, 17, 0, 0),(545, 0, 0, 3, 18, 0, 0),(546, 0, 0, 3, 19, 0, 0),(547, 0, 0, 3, 20, 0, 0),(548, 0, 0, 3, 21, 0, 0),(549, 0, 0, 3, 22, 0, 0),(550, 0, 0, 3, 23, 0, 0),(551, 0, 0, 3, 24, 0, 0),(552, 0, 0, 3, 25, 0, 0),(553, 0, 0, 3, 26, 0, 0),(554, 0, 0, 3, 27, 0, 0),(555, 0, 0, 3, 28, 0, 0),(556, 0, 0, 3, 29, 0, 0),(557, 0, 0, 3, 30, 0, 0),(558, 0, 0, 3, 31, 0, 0),(559, 0, 0, 4, 1, 0, 0),(560, 0, 0, 4, 2, 0, 0),(561, 0, 0, 4, 3, 0, 0),(562, 0, 0, 4, 4, 0, 0),(563, 0, 0, 4, 5, 0, 0),(564, 0, 0, 4, 6, 0, 0),(565, 0, 0, 4, 7, 0, 0),(566, 0, 0, 4, 8, 0, 0),(567, 0, 0, 4, 9, 0, 0),(568, 0, 0, 4, 10, 0, 0),(569, 0, 0, 4, 11, 0, 0),(570, 0, 0, 4, 12, 0, 0),(571, 0, 0, 4, 13, 0, 0),(572, 0, 0, 4, 14, 0, 0),(573, 0, 0, 4, 15, 0, 0),(574, 0, 0, 4, 16, 0, 0),(575, 0, 0, 4, 17, 0, 0),(576, 0, 0, 4, 18, 0, 0),(577, 0, 0, 4, 19, 0, 0),(578, 0, 0, 4, 20, 0, 0),(579, 0, 0, 4, 21, 0, 0),(580, 0, 0, 4, 22, 0, 0),(581, 0, 0, 4, 23, 0, 0),(582, 0, 0, 4, 24, 0, 0),(583, 0, 0, 4, 25, 0, 0),(584, 0, 0, 4, 26, 0, 0),(585, 0, 0, 4, 27, 0, 0),(586, 0, 0, 4, 28, 0, 0),(587, 0, 0, 4, 29, 0, 0),(588, 0, 0, 4, 30, 0, 0),(589, 0, 0, 4, 31, 0, 0),(590, 1, 0, 2, 32, 0, 0),(591, 0, 0, 3, 32, 0, 0);
COMMIT;
BEGIN;
DELETE FROM "main"."dashboard_menu";
INSERT INTO "main"."dashboard_menu" ("id","menu_nama","menu_icon","menu_link") VALUES (1, 'Data Umum', 'far fa-file-alt', 'data_umum'),(2, 'Pagu', 'fas fa-thumbtack', ''),(3, 'Penerimaan', 'fas fa-wrench', 'opd'),(4, 'Dana Kelurahan', 'fas fa-door-open', ''),(5, 'Bidang Pendidikan', 'fas fa-graduation-cap', ''),(6, 'Bidang Kesehatan', 'fas fa-stethoscope', ''),(7, 'Bidang Pekerjaan Umum', 'fas fa-city', ''),(8, 'Master', 'fas fa-warehouse', ''),(9, 'Admin', 'fas fa-th', 'master');
COMMIT;
BEGIN;
DELETE FROM "main"."dashboard_submenu";
INSERT INTO "main"."dashboard_submenu" ("id","submenu_nama","submenu_icon","submenu_link","submenu_menu_id") VALUES (1, 'Pejabat', 'fas fa-user-tie fa-spin', 'list_pejabat', 1),(2, 'Pagu TKDD', 'fas fa-sliders-h', 'list_pagudausg', 2),(3, 'Penerimaan', 'fas fa-cart-arrow-down', 'list_penerimaan', 3),(4, 'Rencana Kegiatan', 'fas fa-walking', '', 3),(5, 'Pengeluaran', 'fas fa-hand-holding-usd', '', 3),(6, 'Rencana', 'fas fa-wallet', 'dankel_home', 4),(7, 'Realisasi', 'far fa-newspaper', 'realisasidankel_home', 4),(8, 'Laporan', 'fas fa-file-alt', 'laporan_home', 4),(9, 'Rencana', 'fas fa-ruler-combined', '', 5),(10, 'Realisasi', 'fas fa-wallet', '', 5),(11, 'Laporan', 'far fa-newspaper', '', 5),(12, 'Rencana', 'fas fa-ruler-combined', '', 6),(13, 'Realisasi', 'fas fa-wallet', '', 6),(14, 'Laporan', 'far fa-newspaper', '', 6),(15, 'Rencana', 'fas fa-ruler-combined', '', 7),(16, 'Realisasi', 'fas fa-wallet', '', 7),(17, 'Laporan', 'far fa-newspaper', '', 7),(18, 'Menu', 'fas fa-window-maximize', 'list_menu', 8),(19, 'Sub Menu', 'fas fa-window-restore', 'list_submenu', 8),(20, 'Opd', 'fas fa-building', 'list_opd', 8),(21, 'Jenis Dana', 'fas fa-money-bill-wave-alt', 'list_dana', 8),(22, 'Program Dana', 'fas fa-tasks', 'list_program', 8),(23, 'Kegiatan Dana', 'fas fa-walking', 'list_kegiatan', 8),(24, 'SubKeg Dana', 'fas fa-folder-open', 'list_subkegiatan', 8),(25, 'Sub Rincian Dana', 'fas fa-folder-plus', 'list_subrinc', 8),(26, 'DAU SG', 'fas fa-weight', 'dausg', 8),(27, 'BKP', 'fas fa-tachometer-alt', '', 8),(28, 'Sub OPD', 'fas fa-store-alt', 'list_subopd', 8),(29, 'Level', 'fas fa-layer-group', 'list_level', 9),(30, 'User Level', 'fas fa-user-circle', 'list_userlevel', 9),(31, 'Pengguna', 'fas fa-user', 'list_pengguna', 9),(32, 'Posting', 2, 'posting_home', 8);
COMMIT;
BEGIN;
DELETE FROM "main"."dashboard_userlevel";
INSERT INTO "main"."dashboard_userlevel" ("id","user_nama_id","userlevel_id","userlevelopd_id") VALUES (1, 2, 2, 72),(3, 4, 2, 78),(4, 5, 3, 70);
COMMIT;
BEGIN;
DELETE FROM "main"."dausg_dankelkeg";
INSERT INTO "main"."dausg_dankelkeg" ("id","dankelkeg_nama","dankelkeg_prog_id") VALUES (1, 'Pengadaan, pembangunan, pengembangan dan pemeliharaan sarana prasarana transportasi', 1),(2, 'Pengadaan, pembangunan, pengembangan dan pemeliharaan sarana prasarana kesehatan', 1),(3, 'Pengadaan, pembangunan, pengembangan dan pemeliharaan sarana dan prasarana lingkungan pemukiman', 1),(4, 'Pengadaan, pembangunan, pengembangan dan pemeliharaan sarana prasarana transportasi', 1),(5, 'Pengadaan, pembangunan, pengembangan dan pemeliharaan sarana prasarana kesehatan', 1),(6, 'Pengadaan, pembangunan, pengembangan dan pemeliharaan sarana prasarana pendidikan dan kebudayaan', 1),(7, 'Pengelolaan kegiatan pelayanan kesehatan masyarakat', 2),(8, 'Pengelolaan kegiatan pelayanan pendidikan dan kebudayaan', 2),(9, 'Pengelolaan kegiatan pengembangan usaha mikro, kecil, dan menengah', 2),(10, 'Pengelolaan kegiatan lembaga kemasyarakatan', 2),(11, 'Pengelolaan kegiatan ketenteraman, ketertiban umum, dan perlindungan masyarakat', 2),(12, 'Penguatan kesiapsiagaan masyarakat dalam menghadapi bencana serta kejadian luar biasa lainnya', 2);
COMMIT;
BEGIN;
DELETE FROM "main"."dausg_dankelprog";
INSERT INTO "main"."dausg_dankelprog" ("id","dankel_prog","dankel_dana_id") VALUES (1, 'Pembangunan sarana dan prasarana Kelurahan', 15),(2, 'Pemberdayaan masyarakat di Kelurahan', 15);
COMMIT;
BEGIN;
DELETE FROM "main"."dausg_dankelsub";
INSERT INTO "main"."dausg_dankelsub" ("id","dankelsub_nama","dankelsub_satuan","dankelsub_keg_id") VALUES (1, 'Sarana prasarana transportasi lainnya', 'Unit', 1),(2, 'Mandi, cuci, kakus untuk umum/komunal', 'Unit', 2),(3, 'Sumur resapan', 'Unit', 3),(4, 'Jaringan pengelolaan air limbah domestik skala pemukiman', 'Unit', 3),(5, 'Alat pemadam api ringan', 'Unit', 3),(6, 'Pompa kebakaran portabel', 'Unit', 3),(7, 'Penerangan lingkungan pemukiman', 'Unit', 3),(8, 'Sarana prasarana lingkungan pemukiman lainnya', 'Unit', 3),(9, 'Drainase dan selokan', 'Unit', 3),(10, 'Sarana pengumpulan sampah dan sarana pengolahan sampah', 'Unit', 3),(11, 'Jaringan air minum', 'Unit', 3),(12, 'Jalan pemukiman', 'Meter', 4),(13, 'Jalan poros Kelurahan', 'Meter', 4),(14, 'Pos pelayanan terpadu dan pos pembinaan terpadu', 'Unit', 5),(15, 'Sarana prasarana kesehatan lainnya', 'Unit', 5),(16, 'Wahana permainan anak di pendidikan anak usia dini', 'Unit', 6),(17, 'Sarana prasarana pendidikan dan kebudayaan lainnya', 'Unit', 6),(18, 'Bangunan pendidikan anak usia dini', 'Unit', 6),(19, 'Taman bacaan masyarakat', 'Unit', 6),(20, 'Pelayanan perilaku hidup bersih dan sehat', 'Pokmas/Ormas', 7),(21, 'Keluarga berencana', 'Pokmas/Ormas', 7),(22, 'Kegiatan pengelolaan pelayanan kesehatan masyarakat lainnya', 'Pokmas/Ormas', 7),(23, 'Pelatihan kader kesehatan masyarakat', 'Pokmas/Ormas', 7),(24, 'Penyelenggaraan pelatihan kerja', 'Pokmas/Ormas', 8),(25, 'Kegiatan pengelolaan pelayanan pendidikan dan kebudayaan lainnya', 'Pokmas/Ormas', 8),(26, 'Penyelenggaraan kursus seni budaya', 'Pokmas/Ormas', 8),(27, 'Kegiatan pengelolaan pengembangan usaha mikro, kecil, dan menengah lainnya', 'Pokmas/Ormas', 9),(28, 'Penyelenggaraan pelatihan usaha', 'Pokmas/Ormas', 9),(29, 'Pelatihan pembinaan Lembaga Kemasyarakatan Kelurahan', 'Pokmas/Ormas', 10),(30, 'Kegiatan pengelolaan lembaga kemasyarakatan lainnya', 'Pokmas/Ormas', 10),(31, 'Pengadaan/penyelenggaraan pos keamanan Kelurahan', 'Pokmas/Ormas', 11),(32, 'Penguatan dan peningkatan kapasitas tenaga keamanan/ketertiban Kelurahan', 'Pokmas/Ormas', 11),(33, 'Kegiatan pengelolaan ketenteraman, ketertiban umum dan perlindungan masyarakat lainnya', 'Pokmas/Ormas', 11),(34, 'Penyediaan layanan informasi tentang bencana', 'Pokmas/Ormas', 12),(35, 'Pelatihan kesiapsiagaan masyarakat dalam menghadapi bencana', 'Pokmas/Ormas', 12),(36, 'Pelatihan tenaga sukarelawan untuk penanganan bencana', 'Pokmas/Ormas', 12),(37, 'Penguatan kesiapsiagaan masyarakat yang lainnya', 'Pokmas/Ormas', 12),(38, 'Edukasi manajemen proteksi kebakaran', 'Pokmas/Ormas', 12);
COMMIT;
BEGIN;
DELETE FROM "main"."dausg_dausgkesehatankeg";
INSERT INTO "main"."dausg_dausgkesehatankeg" ("id","dausgkesehatankeg_nama","dausgkesehatankeg_prog_id") VALUES (1, 'Penyediaan Fasilitas Pelayanan Kesehatan untuk UKM dan UKP Kewenangan Daerah Kabupaten/Kota', 1),(2, 'Penyediaan Layanan Kesehatan untuk UKM dan UKP Rujukan Tingkat Daerah Kabupaten/Kota', 2),(3, 'Penyelenggaraan Sistem Informasi Kesehatan Secara Terintegrasi', 3),(4, 'Penerbitan Izin Rumah Sakit Kelas C, D dan Fasilitas Pelayanan Kesehatan Tingkat Daerah Kabupaten/Kota', 4),(5, 'Pemberian Izin Praktik Tenaga Kesehatan di Wilayah Kabupaten/Kota', 5),(6, 'Perencanaan Kebutuhan dan Pendayagunaan Sumber Daya Manusia Kesehatan untuk UKP dan UKM di Wilayah Kabupaten/Kota', 6),(7, 'Pengembangan Mutu dan Peningkatan Kompetensi Teknis Sumber Daya Manusia Kesehatan Tingkat Daerah Kabupaten/Kota', 7),(8, 'Pemberian Izin Apotek, Toko Obat, Toko Alat Kesehatan dan Optikal, Usaha Mikro Obat Tradisional (UMOT)', 8),(9, 'Pemberian Sertifikat Produksi untuk Sarana Produksi Alat Kesehatan Kelas 1 tertentu dan Perbekalan Kesehatan Rumah Tangga Kelas 1 Tertentu Perusahaan Rumah Tangga', 9),(10, 'Penerbitan Sertifikat Produksi Pangan Industri Rumah Tangga dan Nomor P-IRT sebagai Izin Produksi, untuk Produk Makanan Minuman Tertentu yang Dapat Diproduksi oleh Industri Rumah Tangga', 10),(11, 'Penerbitan Sertifikat Laik Higiene Sanitasi Tempat Pengelolaan Makanan (TPM) antara lain Jasa Boga, Rumah Makan/Restoran dan Depot Air Minum (DAM)', 11),(12, 'Penerbitan Stiker Pembinaan pada Makanan Jajanan dan Sentra Makanan Jajanan', 12),(13, 'Pemeriksaan dan Tindak Lanjut Hasil Pemeriksaan Post Market pada Produksi dan Produk Makanan Minuman Industri Rumah Tangga', 13),(14, 'Advokasi, Pemberdayaan, Kemitraan, Peningkatan Peran serta Masyarakat dan Lintas Sektor Tingkat Daerah Kabupaten/Kota', 14),(15, 'Pelaksanaan Sehat dalam rangka Promotif Preventif Tingkat Daerah Kabupaten/Kota', 15),(16, 'Pelaksanaan Sehat dalam rangka Promotif, Preventif Tingkat Daerah Kabupaten/Kota', 16),(17, 'Pengembangan dan Pelaksanaan Upaya Kesehatan Bersumber Daya Masyarakat (UKBM) Tingkat Daerah Kabupaten/Kota', 17),(18, 'Pembinaan dan dukungan sumber daya yang dibutuhkandalam pelaksanaan akreditasi seluruh puskesmas, dan rumah sakit milikPemerintah Daerah Kabupaten/Kota', 18),(19, 'Dukungan pelaksanaan akreditasi fasilitas pelayanan kesehatan lain kabupaten/ kota', 19),(20, 'Pengelolaan dan Pengembangan Sistem Air Limbah Domestik dalam Daerah Kabupaten/Kota', 20),(21, 'Pelayanan Penyelamatan dan Evakuasi Korban Bencana', 21),(22, 'Rehabilitasi Sosial Dasar Penyandang Disabilitas Terlantar, Anak Terlantar, Lanjut Usia Terlantar, serta Gelandangan Pengemis di Luar Panti Sosial', 22),(23, 'Rehabilitasi Sosial Penyandang Masalah Kesejahteraan Sosial (PMKS) Lainnya Bukan Korban HIV/AIDS dan NAPZA di Luar Panti Sosial', 23),(24, 'Perlindungan Sosial Korban Bencana Alam dan Sosial Kabupaten/Kota', 24),(25, 'Penyediaan Layanan Rujukan Lanjutan bagi Perempuan Korban Kekerasan yang Memerlukan Koordinasi Kewenangan Kabupaten/Kota', 25),(26, 'Pencegahan Pencemaran dan/atau Kerusakan Lingkungan Hidup Kabupaten/Kota', 26),(27, 'Penanggulangan Pencemaran dan/atau Kerusakan Lingkungan Hidup Kabupaten/Kota', 27),(28, 'Pemulihan Pencemaran dan/atau Kerusakan Lingkungan Hidup Kabupaten/Kota', 28),(29, 'Penyimpanan sementara Limbah B3', 29),(30, 'Pengumpulan Limbah B3 dalam 1 (Satu) Daerah Kabupaten/Kota', 30),(31, 'Pemaduan dan Sinkronisasi Kebijakan Pemerintah Daerah Provinsi dengan Pemerintah Daerah Kabupaten/Kota dalam rangka Pengendalian Kuantitas Penduduk', 31),(32, 'Pemetaan Perkiraan Pengendalian Penduduk Cakupan Daerah Kabupaten/Kota', 32),(33, 'Pelaksanaan Advokasi, Komunikasi, Informasi dan Edukasi (KIE) Pengendalian Penduduk dan KB Sesuai Kearifan Budaya Lokal', 33),(34, 'Pendayagunaan Tenaga Penyuluh KB/Petugas Lapangan KB (PKB/PLKB)', 34),(35, 'Pengendalian dan Pendistribusian Kebutuhan Alat dan Obat Kontrasepsi serta Pelaksanaan Pelayanan KB di Daerah Kabupaten/Kota', 35),(36, 'Pemberdayaan dan Peningkatan Peran Serta Organisasi Kemasyarakatan Tingkat Daerah Kabupaten/Kota dalam Pelaksanaan Pelayanan dan Pembinaan Kesertaan Ber-KB', 36),(37, 'Pelaksanaan Kebijakan Kesejahteraan Rakyat', 37),(38, 'Koordinasi dan Sinkronisasi Pemberlakuan Pembatasan Kegiatan Masyarakat (PPKM)', 38),(39, 'Administrasi Keuangan dan Operasional Kepala Daerah dan Wakil Kepala Daerah', 39),(40, 'Layanan Keuangan dan Kesejahteraan DPRD', 40),(41, 'Administrasi Keuangan Perangkat Daerah', 41);
COMMIT;
BEGIN;
DELETE FROM "main"."dausg_dausgkesehatanprog";
INSERT INTO "main"."dausg_dausgkesehatanprog" ("id","dausgkesehatan_prog","dausgkesehatan_dana_id") VALUES (1, 'Penyediaan Fasilitas Pelayanan Kesehatan untuk UKM dan UKP Kewenangan Daerah Kabupaten/Kota', 17),(2, 'Penyediaan Layanan Kesehatan untuk UKM dan UKP Rujukan Tingkat Daerah Kabupaten/Kota', 17),(3, 'Penyelenggaraan Sistem Informasi Kesehatan Secara Terintegrasi', 17),(4, 'Penerbitan Izin Rumah Sakit Kelas C, D dan Fasilitas Pelayanan Kesehatan Tingkat Daerah Kabupaten/Kota', 17),(5, 'Pemberian Izin Praktik Tenaga Kesehatan di Wilayah Kabupaten/Kota', 17),(6, 'Perencanaan Kebutuhan dan Pendayagunaan Sumber Daya Manusia Kesehatan untuk UKP dan UKM di Wilayah Kabupaten/Kota', 17),(7, 'Pengembangan Mutu dan Peningkatan Kompetensi Teknis Sumber Daya Manusia Kesehatan Tingkat Daerah Kabupaten/Kota', 17),(8, 'Pemberian Izin Apotek, Toko Obat, Toko Alat Kesehatan dan Optikal, Usaha Mikro Obat Tradisional (UMOT)', 17),(9, 'Pemberian Sertifikat Produksi untuk Sarana Produksi Alat Kesehatan Kelas 1 tertentu dan Perbekalan Kesehatan Rumah Tangga Kelas 1 Tertentu Perusahaan Rumah Tangga', 17),(10, 'Penerbitan Sertifikat Produksi Pangan Industri Rumah Tangga dan Nomor P-IRT sebagai Izin Produksi, untuk Produk Makanan Minuman Tertentu yang Dapat Diproduksi oleh Industri Rumah Tangga', 17),(11, 'Penerbitan Sertifikat Laik Higiene Sanitasi Tempat Pengelolaan Makanan (TPM) antara lain Jasa Boga, Rumah Makan/Restoran dan Depot Air Minum (DAM)', 17),(12, 'Penerbitan Stiker Pembinaan pada Makanan Jajanan dan Sentra Makanan Jajanan', 17),(13, 'Pemeriksaan dan Tindak Lanjut Hasil Pemeriksaan Post Market pada Produksi dan Produk Makanan Minuman Industri Rumah Tangga', 17),(14, 'Advokasi, Pemberdayaan, Kemitraan, Peningkatan Peran serta Masyarakat dan Lintas Sektor Tingkat Daerah Kabupaten/Kota', 17),(15, 'Pelaksanaan Sehat dalam rangka Promotif Preventif Tingkat Daerah Kabupaten/Kota', 17),(16, 'Pelaksanaan Sehat dalam rangka Promotif, Preventif Tingkat Daerah Kabupaten/Kota', 17),(17, 'Pengembangan dan Pelaksanaan Upaya Kesehatan Bersumber Daya Masyarakat (UKBM) Tingkat Daerah Kabupaten/Kota', 17),(18, 'Pembinaan dan dukungan sumber daya yang dibutuhkandalam pelaksanaan akreditasi seluruh puskesmas, dan rumah sakit milikPemerintah Daerah Kabupaten/Kota', 17),(19, 'Dukungan pelaksanaan akreditasi fasilitas pelayanan kesehatan lain kabupaten/ kota', 17),(20, 'Pengelolaan dan Pengembangan Sistem Air Limbah Domestik dalam Daerah Kabupaten/Kota', 17),(21, 'Pelayanan Penyelamatan dan Evakuasi Korban Bencana', 17),(22, 'Rehabilitasi Sosial Dasar Penyandang Disabilitas Terlantar, Anak Terlantar, Lanjut Usia Terlantar, serta Gelandangan Pengemis di Luar Panti Sosial', 17),(23, 'Rehabilitasi Sosial Penyandang Masalah Kesejahteraan Sosial (PMKS) Lainnya Bukan Korban HIV/AIDS dan NAPZA di Luar Panti Sosial', 17),(24, 'Perlindungan Sosial Korban Bencana Alam dan Sosial Kabupaten/Kota', 17),(25, 'Penyediaan Layanan Rujukan Lanjutan bagi Perempuan Korban Kekerasan yang Memerlukan Koordinasi Kewenangan Kabupaten/Kota', 17),(26, 'Pencegahan Pencemaran dan/atau Kerusakan Lingkungan Hidup Kabupaten/Kota', 17),(27, 'Penanggulangan Pencemaran dan/atau Kerusakan Lingkungan Hidup Kabupaten/Kota', 17),(28, 'Pemulihan Pencemaran dan/atau Kerusakan Lingkungan Hidup Kabupaten/Kota', 17),(29, 'Penyimpanan sementara Limbah B3', 17),(30, 'Pengumpulan Limbah B3 dalam 1 (Satu) Daerah Kabupaten/Kota', 17),(31, 'Pemaduan dan Sinkronisasi Kebijakan Pemerintah Daerah Provinsi dengan Pemerintah Daerah Kabupaten/Kota dalam rangka Pengendalian Kuantitas Penduduk', 17),(32, 'Pemetaan Perkiraan Pengendalian Penduduk Cakupan Daerah Kabupaten/Kota', 17),(33, 'Pelaksanaan Advokasi, Komunikasi, Informasi dan Edukasi (KIE) Pengendalian Penduduk dan KB Sesuai Kearifan Budaya Lokal', 17),(34, 'Pendayagunaan Tenaga Penyuluh KB/Petugas Lapangan KB (PKB/PLKB)', 17),(35, 'Pengendalian dan Pendistribusian Kebutuhan Alat dan Obat Kontrasepsi serta Pelaksanaan Pelayanan KB di Daerah Kabupaten/Kota', 17),(36, 'Pemberdayaan dan Peningkatan Peran Serta Organisasi Kemasyarakatan Tingkat Daerah Kabupaten/Kota dalam Pelaksanaan Pelayanan dan Pembinaan Kesertaan Ber-KB', 17),(37, 'Pelaksanaan Kebijakan Kesejahteraan Rakyat', 17),(38, 'Koordinasi dan Sinkronisasi Pemberlakuan Pembatasan Kegiatan Masyarakat (PPKM)', 17),(39, 'Administrasi Keuangan dan Operasional Kepala Daerah dan Wakil Kepala Daerah', 17),(40, 'Layanan Keuangan dan Kesejahteraan DPRD', 17),(41, 'Administrasi Keuangan Perangkat Daerah', 17);
COMMIT;
BEGIN;
DELETE FROM "main"."dausg_dausgkesehatansub";
INSERT INTO "main"."dausg_dausgkesehatansub" ("id","dausgkesehatansub_satuan","dausgkesehatansub_keg_id","dausgkesehatansub_nama") VALUES (1, 'Unit', 1, 'Pembangunan Rumah Sakit beserta Sarana dan Prasarana Pendukungnya'),(2, 'Unit', 1, 'Pembangunan Puskesmas'),(3, 'Unit', 1, 'Pembangunan Fasilitas Kesehatan Lainnya'),(4, 'Unit', 1, 'Pembangunan Rumah Dinas Tenaga Kesehatan'),(5, 'Unit', 1, 'Pengembangan Rumah Sakit'),(6, 'Unit', 1, 'Pengembangan Puskesmas'),(7, 'Unit', 1, 'Pengembangan Fasilitas Kesehatan Lainnya'),(8, 'Unit', 1, 'Rehabilitasi dan Pemeliharaan Rumah Sakit'),(9, 'Unit', 1, 'Rehabilitasi dan Pemeliharaan Puskesmas'),(10, 'Unit', 1, 'Rehabilitasi dan Pemeliharaan Fasilitas Kesehatan Lainnya'),(11, 'Unit', 1, 'Rehabilitasi dan Pemeliharaan Rumah Dinas Tenaga Kesehatan'),(12, 'Unit', 1, 'Pengadaan Sarana Fasilitas Pelayanan Kesehatan'),(13, 'Unit', 1, 'Pengadaan Prasarana dan Pendukung Fasilitas Pelayanan Kesehatan'),(14, 'Unit', 1, 'Pengadaan Alat Kesehatan/Alat Penunjang Medik Fasilitas Pelayanan Kesehatan'),(15, 'Unit', 1, 'Pengadaan dan Pemeliharaan Alat Kalibrasi'),(16, 'Paket', 1, 'Pengadaan Obat, Vaksin'),(17, 'Paket', 1, 'Pengadaan Bahan Habis Pakai'),(18, 'Unit', 1, 'Pemeliharaan Sarana Fasilitas Pelayanan Kesehatan'),(19, 'Unit', 1, 'Pemeliharaan Prasarana dan Pendukung Fasilitas Pelayanan Kesehatan'),(20, 'Unit', 1, 'Pemeliharaan Rutin dan Berkala Alat Kesehatan/Alat Penunjang Medik Fasilitas Pelayanan Kesehatan'),(21, 'Paket', 1, 'Distribusi Alat Kesehatan, Obat, Vaksin, Bahan Medis Habis Pakai (BMHP), Makanan dan Minuman ke Puskesmas serta Fasilitas Kesehatan Lainnya'),(22, '', 1, 'Pengadaan Obat, Bahan Habis Pakai, Bahan Medis Habis Pakai, Vaksin, Makanan dan Minuman di Fasilitas Kesehatan'),(23, 'Orang', 2, 'Pengelolaan Pelayanan Kesehatan Ibu Hamil'),(24, 'Orang', 2, 'Pengelolaan Pelayanan Kesehatan Ibu Bersalin'),(25, 'Orang', 2, 'Pengelolaan Pelayanan Kesehatan Bayi Baru Lahir'),(26, 'Orang', 2, 'Pengelolaan Pelayanan Kesehatan Balita'),(27, 'Orang', 2, 'Pengelolaan Pelayanan Kesehatan pada Usia Pendidikan Dasar'),(28, 'Orang', 2, 'Pengelolaan Pelayanan Kesehatan pada Usia Produktif'),(29, 'Orang', 2, 'Pengelolaan Pelayanan Kesehatan pada Usia Lanjut'),(30, 'Orang', 2, 'Pengelolaan Pelayanan Kesehatan Penderita Hipertensi'),(31, 'Orang', 2, 'Pengelolaan Pelayanan Kesehatan Penderita Diabetes Melitus'),(32, 'Orang', 2, 'Pengelolaan Pelayanan Kesehatan Orang dengan Gangguan Jiwa Berat'),(33, 'Orang', 2, 'Pengelolaan Pelayanan Kesehatan Orang Terduga Tuberkulosis'),(34, 'Orang', 2, 'Pengelolaan Pelayanan Kesehatan Orang dengan Risiko Terinfeksi HIV'),(35, 'Dokumen', 2, 'Pengelolaan Pelayanan Kesehatan bagi Penduduk pada Kondisi Kejadian Luar Biasa (KLB)'),(36, 'Dokumen', 2, 'Pengelolaan Pelayanan Kesehatan bagi Penduduk Terdampak Krisis Kesehatan Akibat Bencana dan/atau Berpotensi Bencana'),(37, 'Dokumen', 2, 'Pengelolaan Pelayanan Kesehatan Gizi Masyarakat'),(38, 'Dokumen', 2, 'Pengelolaan Pelayanan Kesehatan Kerja dan Olahraga'),(39, 'Dokumen', 2, 'Pengelolaan Pelayanan Kesehatan Lingkungan'),(40, 'Dokumen', 2, 'Pengelolaan Pelayanan Promosi Kesehatan'),(41, 'Dokumen', 2, 'Pengelolaan Pelayanan Kesehatan Tradisional, Akupuntur, Asuhan Mandiri, dan Tradisional Lainnya'),(42, 'Dokumen', 2, 'Pengelolaan Surveilans Kesehatan'),(43, 'Orang', 2, 'Pengelolaan Pelayanan Kesehatan Orang dengan Masalah Kesehatan Jiwa (ODMK)'),(44, 'Orang', 2, 'Pengelolaan Pelayanan Kesehatan Jiwa dan NAPZA'),(45, 'Dokumen', 2, 'Pengelolaan Upaya Kesehatan Khusus'),(46, 'Dokumen', 2, 'Pengelolaan Upaya Pengurangan Risiko Krisis Kesehatan dan Pasca Krisis Kesehatan'),(47, 'Dokumen', 2, 'Pelayanan Kesehatan Penyakit Menular dan Tidak Menular'),(48, 'Dokumen', 2, 'Pengelolaan Jaminan Kesehatan Masyarakat'),(49, 'Orang', 2, 'Deteksi Dini Penyalahgunaan NAPZA di Fasyankes dan Sekolah'),(50, 'Paket', 2, 'Pengambilan dan Pengiriman Spesimen Penyakit Potensial KLB ke Laboratorium Rujukan/Nasional'),(51, 'Dokumen', 2, 'Penyelenggaraan Kabupaten/Kota Sehat'),(52, 'Unit', 2, 'Penyediaan Telemedicine di Fasilitas Pelayanan Kesehatan'),(53, 'Dokumen', 2, 'Pengelolaan Penelitian Kesehatan'),(54, 'Dokumen', 2, 'Operasional Pelayanan Rumah Sakit'),(55, 'Dokumen', 2, 'Operasional Pelayanan Puskesmas'),(56, 'Dokumen', 2, 'Operasional Pelayanan Fasilitas Kesehatan Lainnya'),(57, 'Unit', 2, 'Pelaksanaan Akreditasi Fasilitas Kesehatan di Kabupaten/Kota'),(58, 'Laporan', 2, 'Investigasi Awal Kejadian Tidak Diharapkan (Kejadian Ikutan Pasca Imunisasi dan Pemberian Obat Massal)'),(59, 'Dokumen', 2, 'Pelaksanaan Kewaspadaan Dini dan Respon Wabah'),(60, 'Unit', 2, 'Penyediaan dan Pengelolaan Sistem Penanganan Gawat Darurat Terpadu (SPGDT)'),(61, 'Orang', 2, 'Pengelolaan pelayanan kesehatan orang dengan Tuberkulosis'),(62, 'Orang', 2, 'Pengelolaan pelayanan kesehatan orang dengan HIV (ODHIV)'),(63, 'Orang', 2, 'Pengelolaan pelayanan kesehatan Malaria'),(64, 'Tatanan', 2, 'Pengelolaan Kawasan tanpa rokok'),(65, 'Dokumen', 3, 'Pengelolaan Data dan Informasi Kesehatan'),(66, 'Dokumen', 3, 'Pengelolaan Sistem Informasi Kesehatan'),(67, 'Unit', 3, 'Pengadaan Alat/Perangkat Sistem Informasi Kesehatan dan Jaringan Internet'),(68, 'Unit', 4, 'Pengendalian dan Pengawasan serta Tindak Lanjut Pengawasan Perizinan Rumah Sakit Kelas C, D dan Fasilitas Pelayanan Kesehatan Lainnya'),(69, 'Unit', 4, 'Peningkatan Tata Kelola Rumah Sakit dan Fasilitas Pelayanan Kesehatan Tingkat Daerah Kabupaten/Kota'),(70, 'Unit', 4, 'Peningkatan Mutu Pelayanan Fasilitas Kesehatan'),(71, 'Dokumen', 4, 'Penyiapan Perumusan dan Pelaksanaan Pelayanan Kesehatan Rujukan'),(72, 'Dokumen', 5, 'Pengendalian Perizinan Praktik Tenaga Kesehatan'),(73, 'Dokumen', 5, 'Pembinaan dan Pengawasan Tenaga Kesehatan serta Tindak Lanjut Perizinan Praktik Tenaga Kesehatan'),(74, 'Dokumen', 6, 'Perencanaan dan Distribusi serta Pemerataan Sumber Daya Manusia Kesehatan'),(75, 'Orang', 6, 'Pemenuhan Kebutuhan Sumber Daya Manusia Kesehatan Sesuai Standar'),(76, 'Dokumen', 6, 'Pembinaan dan Pengawasan Sumber Daya Manusia Kesehatan'),(77, 'Orang', 7, 'Pengembangan Mutu dan Peningkatan Kompetensi Teknis Sumber Daya Manusia Kesehatan Tingkat Daerah Kabupaten/Kota'),(78, 'Dokumen', 8, 'Pengendalian dan Pengawasan serta Tindak Lanjut Pengawasan Perizinan Apotek, Toko Obat, Toko Alat Kesehatan, dan Optikal, Usaha Mikro Obat Tradisional (UMOT)'),(79, 'Sarana', 8, 'Penyediaan dan Pengelolaan Data Perizinan dan Tindak Lanjut Pengawasan Izin Apotek, Toko Obat, Toko Alat Kesehatan, dan Optikal, Usaha Mikro Obat Tradisional (UMOT)'),(80, 'Sarana', 8, 'Fasilitasi Pemenuhan Komitmen Izin Apotek, Toko Obat, Toko Alat Kesehatan, dan Optikal, Usaha Mikro Obat Tradisional (UMOT)'),(81, 'Dokumen', 9, 'Pengendalian dan Pengawasan serta Tindak Lanjut Pengawasan Sertifikat Produksi Alat Kesehatan Kelas 1 Tertentu dan PKRT Kelas 1 Tertentu Perusahaan Rumah Tangga'),(82, 'Dokumen', 9, 'Pengendalian dan Pengawasan serta Tindak Lanjut Pengawasan Perbekalan Kesehatan Rumah Tangga Kelas 1 Tertentu Perusahaan Rumah Tangga'),(83, 'Dokumen', 10, 'Pengendalian dan Pengawasan serta Tindak Lanjut Pengawasan Sertifikat Produksi Pangan Industri Rumah Tangga dan Nomor P-IRT sebagai Izin Produksi, untuk Produk Makanan Minuman Tertentu yang Dapat Diproduksi oleh Industri Rumah Tangga'),(84, 'Dokumen', 11, 'Pengendalian dan Pengawasan serta Tindak Lanjut Pengawasan Penerbitan Sertifikat Laik Higiene Sanitasi Tempat Pengelolaan Makanan (TPM) antara lain Jasa Boga, Rumah Makan/Restoran dan Depot Air Minum (DAM)'),(85, 'Dokumen', 12, 'Pengendalian dan Pengawasan serta Tindak Lanjut Penerbitan Stiker Pembinaan pada Makanan Jajanan dan Sentra Makanan Jajanan'),(86, 'Unit', 13, 'Pemeriksaan Post Market pada Produk Makanan- Minuman Industri Rumah Tangga yang Beredar dan Pengawasan serta Tindak Lanjut Pengawasan'),(87, 'Dokumen', 13, 'Penyediaan dan Pengelolaan Data Tindak Lanjut Pengawasan Perizinan Industri Rumah Tangga'),(88, 'Dokumen', 14, 'Peningkatan Upaya Promosi Kesehatan, Advokasi, Kemitraan dan Pemberdayaan Masyarakat'),(89, 'Dokumen', 15, 'Penyelenggaraan Promosi Kesehatan dan Gerakan Hidup Bersih dan Sehat'),(90, 'Keluarga', 15, 'Penumbuhan Kesadaran Keluarga dalam Peningkatan Derajat Kesehatan Keluarga dan Lingkungan dengan Menerapkan Perilaku Hidup Bersih dan Sehat'),(91, '', 16, 'Teknologi Tepat Guna (TTG) sesuai lokasl spesifik daerah dalam pengamanan kualitas air minum dan sanitasi aman'),(92, 'Dokumen', 17, 'Bimbingan Teknis dan Supervisi Pengembangan dan Pelaksanaan Upaya Kesehatan Bersumber Daya Masyarakat (UKBM)'),(93, '', 18, 'Peningkatan Mutu Pelayanan Kesehatan Melalui Akreditasipuskesmas dan rumah sakit di Kabupaten/Kota'),(94, '', 19, 'Peningkatan  Mutu  fasilitas pelayanan  kesehatan  lain kabupaten/ kota'),(95, 'Dokumen', 20, 'Penyusunan Rencana, Kebijakan, Strategi dan Teknis Sistem Pengelolaan Air Limbah Domestik dalam Daerah Kabupaten/Kota'),(96, 'Dokumen', 20, 'Supervisi Pembangunan/Rehabilitasi/ Peningkatan/Perluasan Sistem Pengelolaan Air Limbah Domestik Terpusat Skala Kota'),(97, 'Rumah Tangga', 20, 'Pembangunan/Penyediaan Sistem Pengelolaan Air Limbah Terpusat Skala Kota'),(98, 'Rumah Tangga', 20, 'Rehabilitasi/Peningkatan/Perluasan Sistem Pengelolaan Air Limbah Domestik Terpusat Skala Kota'),(99, 'Rumah Tangga', 20, 'Rehabilitasi/Peningkatan/Perluasan Sistem Pengelolaan Air Limbah Domestik Terpusat Skala Permukiman'),(100, 'Rumah Tangga', 20, 'Pembangunan/Penyediaan Sub Sistem Pengolahan Setempat'),(101, 'Orang', 20, 'Pembinaan Teknik Pengelolaan Air Limbah Domestik'),(102, 'Kelompok', 20, 'Sosialisasi dan Pemberdayaan Masyarakat terkait Penyediaan Sistem Pengelolaan Air Limbah Domestik'),(103, 'Orang', 20, 'Pengembangan SDM dan Kelembagaan Pengelolaan Air Limbah Domestik'),(104, 'Unit', 20, 'Operasi dan Pemeliharaan Sistem Pengelolaan Air Limbah Domestik'),(105, 'Dokumen', 20, 'Supervisi Pembangunan/Rehabilitasi /Peningkatan/Perluasan Sistem Pengelolaan Air Limbah Domestik Terpusat Skala Permukiman'),(106, 'Rumah Tangga', 20, 'Pembangunan/Penyediaan Sistem Pengelolaan Air Limbah Terpusat Skala Permukiman'),(107, 'Unit', 20, 'Penyediaan Sarana Pengangkutan Lumpur Tinja'),(108, 'Rumah Tangga', 20, 'Penyediaan Jasa Penyedotan Lumpur Tinja'),(109, 'Laporan', 21, 'Respon Cepat Kejadian Luar Biasa Penyakit/Wabah Zoonosis Prioritas'),(110, 'Dokumen', 21, 'Respon Cepat Bencana Non Alam Epidemi/Wabah Penyakit'),(111, 'Orang', 22, 'Pemberian Bimbingan Fisik, Mental, Spiritual, dan Sosial'),(112, 'Orang', 22, 'Pemberian Bimbingan Sosial kepada Keluarga Penyandang Disabilitas Terlantar, Anak Terlantar, Lanjut Usia Terlantar, serta Gelandangan Pengemis dan Masyarakat'),(113, 'Orang', 23, 'Penyediaan Perbekalan Kesehatan di Luar Panti'),(114, 'Orang', 23, 'Pemberian Bimbingan Fisik, Mental, Spiritual, dan Sosial'),(115, 'Orang', 23, 'Pemberian Bimbingan Sosial kepada Keluarga Penyandang Masalah Kesejahteraan Sosial (PMKS) Lainnya Bukan Korban HIV/AIDS dan NAPZA'),(116, 'Orang', 23, 'Pemberian Layanan Rujukan'),(117, 'Orang', 24, 'Penyediaan Makanan'),(118, 'Orang', 24, 'Penyediaan Sandang'),(119, 'Layanan', 25, 'Koordinasi dan Sinkronisasi Pelaksanaan Penyediaan Layanan Rujukan Lanjutan bagi Perempuan Korban Kekerasan Kewenangan Kabupaten/Kota'),(120, 'Dokumen', 26, 'Koordinasi, Sinkronisasi, dan Pelaksanaan Pencegahan Pencemaran Lingkungan Hidup Dilaksanakan Terhadap Media Tanah, Air, Udara, dan Laut'),(121, 'Dokumen', 26, 'Koordinasi, Sinkronisasi dan Pelaksanaan Pengendalian Emisi Gas Rumah Kaca, Mitigasi dan Adaptasi Perubahan Iklim'),(122, 'Dokumen', 26, 'Pengelolaan Laboratorium Lingkungan Hidup Kabupaten/Kota'),(123, 'Laporan', 27, 'Pemberian Informasi Peringatan Pencemaran dan/atau Kerusakan Lingkungan Hidup pada Masyarakat'),(124, 'Lokasi', 27, 'Pengisolasian Pencemaran dan/atau Kerusakan Lingkungan Hidup'),(125, 'Titik', 27, 'Penghentian Pencemaran dan/atau Kerusakan Lingkungan Hidup'),(126, 'Dokumen', 28, 'Koordinasi dan Sinkronisasi Penghentian Sumber Pencemaran'),(127, 'Dokumen', 28, 'Koordinasi dan Sinkronisasi Pembersihan Unsur Pencemar'),(128, 'Dokumen', 29, 'Fasilitasi Pemenuhan Komitmen Izin Penyimpanan sementara Limbah B3 Dilaksanakan Melalui Sistem Pelayanan Perizinan Berusaha Terintegrasi Secara Elektronik'),(129, 'Laporan', 29, 'Verifikasi Lapangan untuk Memastikan Pemenuhan Persyaratan Administrasi dan Teknis Penyimpanan sementara Limbah B3'),(130, 'Dokumen', 30, 'Fasilitasi Pemenuhan Komitmen Izin Pengumpulan Limbah B3 Dilaksanakan Melalui Sistem Pelayanan Perizinan Berusaha Terintegrasi Secara Elektronik'),(131, 'Dokumen', 30, 'Koordinasi dan Sinkronisasi Pengelolaan Limbah B3 dengan Pemerintah Provinsi dalam rangka Pengangkutan, Pemanfaatan, Pengolahan, dan/atau Penimbunan'),(132, 'Laporan', 31, 'Pelaksanaan Rapat Pengendalian Program KKBPK'),(133, 'Dokumen', 32, 'Pengolahan dan Pelaporan Data Pengendalian Lapangan dan Pelayanan KB'),(134, 'Laporan', 32, 'Pembinaan dan Pengawasan Pencatatan dan Pelaporan Program KKBPK'),(135, 'Organisasi', 33, 'Advokasi Program KKBPK kepada Stakeholders dan Mitra Kerja'),(136, 'Dokumen', 33, 'Komunikasi, Informasi dan Edukasi (KIE) Program KKBPK Sesuai Kearifan Budaya Lokal'),(137, 'Unit', 33, 'Penyediaan dan Distribusi Sarana KIE Program KKBPK'),(138, 'Dokumen', 33, 'Promosi dan KIE Program KKBPK Melalui Media Massa Cetak dan Elektronik serta Media Luar Ruang'),(139, 'Laporan', 33, 'Penggunaan Media Massa Cetak, Elektronik dan Media Lainnya Sesuai Kearifan Budaya Lokal dalam Pencitraan Program KKBPK'),(140, 'Laporan', 33, 'Pelaksanaan Mekanisme Operasional Program KKBPK Melalui Rapat Koordinasi Kecamatan (Rakorcam), Rapat Koordinasi Desa (Rakordes), dan Mini Lokakarya (Minilok)'),(141, 'Laporan', 33, 'Pengelolaan Operasional dan Sarana di Balai Penyuluhan KKBPK'),(142, 'Laporan', 33, 'Pengendalian Program KKBPK'),(143, 'Organisasi', 34, 'Pembinaan IMP dan Program KKBPK di Lini Lapangan oleh PKB/PLKB'),(144, 'Unit', 34, 'Penyediaan Sarana Pendukung Operasional PKB/PLKB'),(145, 'Laporan', 34, 'Penguatan Pelaksanaan Penyuluhan, Penggerakan, Pelayanan dan Pengembangan Program KKBPK untuk Petugas Keluarga Berencana/Penyuluh Lapangan Keluarga Berencana (PKB/PLKB)'),(146, 'Orang', 34, 'Penggerakan Kader Institusi Masyarakat Pedesaan (IMP)'),(147, 'Laporan', 35, 'Pengendalian Pendistribusian Alat dan Obat Kontrasepsi dan Sarana Penunjang Pelayanan KB ke Fasilitas Kesehatan Termasuk Jaringan dan Jejaringnya'),(148, 'Orang', 35, 'Peningkatan Kompetensi Pengelola dan Petugas Logistik Alat dan Obat Kontrasepsi serta Sarana Penunjang Pelayanan KB'),(149, 'Orang', 35, 'Peningkatan Kesertaan Penggunaan Metode Kontrasepsi Jangka Panjang (MKJP)'),(150, 'Laporan', 35, 'Penyediaan Dukungan Ayoman Komplikasi Berat dan Kegagalan Penggunaan MKJP'),(151, 'Dokumen', 35, 'Penyusunan Rencana Kebutuhan Alat dan Obat Kontrasepsi (Alokon) dan Sarana Penunjang Pelayanan KB'),(152, 'Unit', 35, 'Penyediaan Sarana Penunjang Pelayanan KB'),(153, 'Orang', 35, 'Pembinaan Pasca Pelayanan bagi Peserta KB'),(154, 'Laporan', 35, 'Pembinaan Pelayanan Keluarga Berencana dan Kesehatan Reproduksi di Fasilitas Kesehatan Termasuk Jaringan dan Jejaringnya'),(155, 'Orang', 35, 'Promosi dan Konseling Kesehatan Reproduksi, serta Hak-Hak Reproduksi di Fasilitas Kesehatan dan Kelompok Kegiatan'),(156, 'Orang', 35, 'Peningkatan Kompetensi Tenaga Pelayanan Keluarga Berencana dan Kesehatan Reproduksi'),(157, 'Laporan', 35, 'Dukungan Operasional Pelayanan KB Bergerak'),(158, 'Orang', 35, 'Promosi dan Konseling KB Pasca Persalinan dan Pasca Keguguran'),(159, 'Orang', 35, 'Peningkatan Kesertaan KB Pria'),(160, 'Organisasi', 36, 'Penguatan Peran Serta Organisasi Kemasyarakatan dan Mitra Kerja Lainnya dalam Pelaksanaan Pelayanan dan Pembinaan Kesertaan Ber-KB'),(161, 'Dokumen', 36, 'Integrasi Pembangunan Lintas Sektor di Kampung KB'),(162, 'Kampung', 36, 'Pelaksanaan dan Pengelolaan Program KKBPK di Kampung KB'),(163, 'Laporan', 36, 'Pembinaan Terpadu Kampung KB'),(164, 'Dokumen', 37, 'Fasilitasi Pengelolaan Bina Mental Spiritual'),(165, 'Dokumen', 38, 'Pencegahan COVID-19 di Tingkat Desa dan Kelurahan'),(166, 'Dokumen', 38, 'Penanganan COVID-19 di Tingkat Desa dan Kelurahan'),(167, 'Dokumen', 38, 'Pembinaan Penanganan Covid-19 di Tingkat Desa dan Kelurahan'),(168, 'Dokumen', 38, 'Pengadaan Pendukung Pelaksanaan Penanganan COVID-19 di Tingkat Desa dan Kelurahan'),(169, 'Orang', 39, 'Pelaksanaan Medical Check Up Kepala Daerah dan Wakil Kepala Daerah'),(170, 'Orang', 40, 'Pelaksanaan Medical Check Up DPRD'),(171, 'Orang/Bulan', 41, 'Penyediaan Gaji dan Tunjangan ASN');
COMMIT;
BEGIN;
DELETE FROM "main"."dausg_dausgpendidikankeg";
INSERT INTO "main"."dausg_dausgpendidikankeg" ("id","dausgpendidikankeg_nama","dausgpendidikankeg_prog_id") VALUES (1, 'Pengelolaan Pendidikan Sekolah Dasar', 1),(2, 'Pengelolaan Pendidikan Sekolah Menengah Pertama', 2),(3, 'Pengelolaan Pendidikan Anak Usia Dini (PAUD)', 3),(4, 'Pengelolaan Pendidikan Nonformal/Kesetaraan', 4),(5, 'Penetapan Kurikulum Muatan Lokal Pendidikan Dasar', 5),(6, 'Penetapan Kurikulum Muatan Lokal Pendidikan Anak Usia Dini dan Pendidikan Nonformal', 6),(7, 'Pemerataan Kuantitas dan Kualitas Pendidik dan Tenaga Kependidikan bagi Satuan Pendidikan Dasar, PAUD, dan Pendidikan Nonformal/Kesetaraan', 7),(8, 'Penerbitan Izin Pendidikan Dasar yang Diselenggarakan oleh Masyarakat', 8),(9, 'Penerbitan Izin PAUD dan Pendidikan Nonformal yang Diselenggarakan oleh Masyarakat', 9),(10, 'Pembinaan, Pengembangan dan Perlindungan Bahasa dan Sastra yang Penuturannya dalam Daerah Kabupaten/Kota', 10),(11, 'Pengelolaan Pendidikan Dayah', 11),(12, 'Penyelenggaraan Kebijakan Pendidikan Aceh', 12),(13, 'Penyelenggaraan Pembiayaan Pendidikan Aceh', 13),(14, 'Penyelenggaraan Kurikulum dan Pengajaran Pendidikan Aceh', 14),(15, 'Penyelenggaraan Pendidik dan Tenaga Kependidikan Pendidikan Aceh', 15),(16, 'Penyelenggaraan Penjaminan dan Pengendalian Mutu Pendidikan Aceh', 16),(17, 'Penyediaan Layanan Kesehatan untuk UKM dan UKP Rujukan Tingkat Daerah Kabupaten/Kota', 17),(18, 'Pengembangan Sistem dan Pengelolaan Persampahan di Daerah Kabupaten/Kota', 18),(19, 'Pengelolaan dan Pengembangan Sistem Air Limbah Domestik dalam Daerah Kabupaten/Kota', 19),(20, 'Penyelenggaraan Bangunan Gedung di Wilayah Daerah Kabupaten/Kota, Pemberian Izin Mendirikan Bangunan (IMB) dan Sertifikat Laik Fungsi Bangunan Gedung', 20),(21, 'Pengelolaan Satuan Polisi Pamong Praja dan Wilayatul Hisbah Aceh', 21),(22, 'Pelayanan Pencegahan dan Kesiapsiagaan Terhadap Bencana', 22),(23, 'Pemberdayaan Masyarakat dalam Pencegahan Kebakaran', 23),(24, 'Pemberdayaan Sosial Komunitas Adat Terpencil (KAT)', 24),(25, 'Rehabilitasi Sosial Dasar Penyandang Disabilitas Terlantar, Anak Terlantar, Lanjut Usia Terlantar, serta Gelandangan Pengemis di Luar Panti Sosial', 25),(26, 'Rehabilitasi Sosial Penyandang Masalah Kesejahteraan Sosial (PMKS) Lainnya Bukan Korban HIV/AIDS dan NAPZA di Luar Panti Sosial', 26),(27, 'Pelaksanaan Pelatihan berdasarkan Unit Kompetensi', 27),(28, 'Pembinaan Lembaga Pelatihan Kerja Swasta', 28),(29, 'Pemberdayaan Perempuan Bidang Politik, Hukum, Sosial, dan Ekonomi pada Organisasi Kemasyarakatan Kewenangan Kabupaten/Kota', 29),(30, 'Penguatan dan Pengembangan Lembaga Penyedia Layanan Pemberdayaan Perempuan Kewenangan Kabupaten/Kota', 30),(31, 'Pencegahan Kekerasan Terhadap Perempuan Lingkup Daerah Kabupaten/Kota', 31),(32, 'Peningkatan Kualitas Keluarga dalam Mewujudkan Kesetaraan Gender (KG) dan Hak Anak Tingkat Daerah Kabupaten/Kota', 32),(33, 'Penguatan dan Pengembangan Lembaga Penyedia Layanan Peningkatan Kualitas Keluarga dalam Mewujudkan KG dan Hak Anak yang Wilayah Kerjanya dalam Daerah Kabupaten/Kota', 33),(34, 'Pelembagaan PHA pada Lembaga Pemerintah, Nonpemerintah, dan Dunia Usaha Kewenangan Kabupaten/Kota', 34),(35, 'Pencegahan Kekerasan Terhadap Anak yang Melibatkan para Pihak Lingkup Daerah Kabupaten/Kota', 35),(36, 'Pembinaan dan Kerja Sama Kelembagaan Pertanahan Kabupaten', 36),(37, 'Penyelenggaraan Pendidikan, Pelatihan, dan Penyuluhan Lingkungan Hidup untuk Lembaga Kemasyarakatan Tingkat Daerah Kabupaten/Kota', 37),(38, 'Pembinaan dan Pengawasan Penyelenggaraan Pencatatan Sipil', 38),(39, 'Pemberdayaan Lembaga Kemasyarakatan yang Bergerak di Bidang Pemberdayaan Desa dan Lembaga Adat Tingkat Daerah Kabupaten/Kota serta Pemberdayaan Masyarakat Hukum Adat yang Masyarakat Pelakunya Hukum Adat yang Sama dalam Daerah Kabupaten/Kota', 39),(40, 'Pemaduan dan Sinkronisasi Kebijakan Pemerintah Daerah Provinsi dengan Pemerintah Daerah Kabupaten/Kota dalam rangka Pengendalian Kuantitas Penduduk', 40),(41, 'Penyadaran, Pemberdayaan, dan Pengembangan Pemuda dan Kepemudaan Terhadap Pemuda Pelopor Kabupaten/Kota, Wirausaha Muda Pemula, dan Pemuda Kader Kabupaten/Kota', 41),(42, 'Pemberdayaan dan Pengembangan Organisasi Kepemudaan Tingkat Daerah Kabupaten/Kota', 42),(43, 'Pembinaan dan Pengembangan Olahraga Pendidikan pada Jenjang Pendidikan yang Menjadi Kewenangan Daerah Kabupaten/Kota', 43),(44, 'Penyelenggaraan Kejuaraan Olahraga Tingkat Daerah Kabupaten/Kota', 44),(45, 'Pembinaan dan Pengembangan Olahraga Prestasi Tingkat Daerah Provinsi', 45),(46, 'Pembinaan dan Pengembangan Organisasi Olahraga', 46),(47, 'Pembinaan dan Pengembangan Olahraga Rekreasi', 47),(48, 'Pembinaan dan Pengembangan Organisasi Kepramukaan', 48),(49, 'Pengelolaan Kebudayaan yang Masyarakat Pelakunya dalam Daerah Kabupaten/Kota', 49),(50, 'Pelestarian Kesenian Tradisional yang Masyarakat Pelakunya dalam Daerah Kabupaten/Kota', 50),(51, 'Pembinaan Lembaga Adat yang Penganutnya dalam Daerah Kabupaten/Kota', 51),(52, 'Pembinaan Kesenian yang Masyarakat Pelakunya dalam Daerah Kabupaten/Kota', 52),(53, 'Pembinaan Sejarah Lokal dalam 1 (Satu) Daerah Kabupaten/Kota', 53),(54, 'Penetapan Cagar Budaya Peringkat Kabupaten/Kota', 54),(55, 'Pengelolaan Cagar Budaya Peringkat Kabupaten/Kota', 55),(56, 'Penerbitan Izin Membawa Cagar Budaya ke Luar Daerah Kabupaten/Kota dalam 1 (Satu) Daerah Kabupaten/Kota', 56),(57, 'Pengelolaan Museum Kabupaten/Kota', 57),(58, 'Pelestarian dan Pembinaan Adat Istiadat', 58),(59, 'Pembinaan dan Pengembangan Hukum Adat', 59),(60, 'Pembinaan Lembaga Adat dan Tokoh Adat', 60),(61, 'Sejarah, Bahasa, Sastra dan Permuseuman', 61),(62, 'Pelestarian Cagar Budaya dan Warisan Budaya', 62),(63, 'Pengelolaan Taman Budaya', 63),(64, 'Sarana Prasarana Keistimewaan Urusan Kebudayaan', 64),(65, 'Perencanaan dan Pengendalian Urusan Kebudayaan', 65),(66, 'Pengembangan Kearifan Lokal dan Potensi Budaya', 66),(67, 'Adat, Seni, Tradisi dan Lembaga Budaya', 67),(68, 'Pendidikan Berbasis Budaya', 68),(69, 'Pengelolaan Perpustakaan Tingkat Daerah Kabupaten/Kota', 69),(70, 'Pembudayaan Gemar Membaca Tingkat Daerah Kabupaten/Kota', 70),(71, 'Pelestarian Naskah Kuno Milik Daerah Kabupaten/Kota', 71),(72, 'Pengembangan Koleksi Budaya Etnis Nusantara yang Ditemukan oleh Pemerintah Daerah Kabupaten/Kota', 72),(73, 'Pemberdayaan Nelayan Kecil dalam Daerah Kabupaten/Kota', 73),(74, 'Pemberdayaan Pembudi Daya Ikan Kecil', 74),(75, 'Pengelolaan Kawasan Strategis Pariwisata Kabupaten/Kota', 75),(76, 'Pengelolaan Destinasi Pariwisata Kabupaten/Kota', 76),(77, 'Pengembangan Ekosistem Ekonomi Kreatif', 77),(78, 'Pelaksanaan Peningkatan Kapasitas Sumber Daya Manusia Pariwisata dan Ekonomi Kreatif Tingkat Dasar', 78),(79, 'Pengembangan Kapasitas Pelaku Ekonomi Kreatif', 79),(80, 'Pelaksanaan Penyuluhan Pertanian', 80),(81, 'Penataan Persebaran Penduduk yang Berasal dari 1 (Satu) Daerah Kabupaten/Kota', 81),(82, 'Pengembangan Satuan Permukiman pada Tahap Kemandirian', 82),(83, 'Penelitian dan Pengembangan Bidang Penyelenggaraan Pemerintahan dan Pengkajian Peraturan', 83),(84, 'Penelitian dan Pengembangan Bidang Sosial dan Kependudukan', 84),(85, 'Penelitian dan Pengembangan Bidang Ekonomi dan Pembangunan', 85),(86, 'Pengembangan Inovasi dan Teknologi', 86),(87, 'Peningkatan Pemahaman Wawasan Islam', 87),(88, 'Peningkatan Pemahaman, Penghayatan dan Pengamalan Alquran', 88),(89, 'Peningkatan Kualitas Kehidupan Beragama dan Toleransi Umat Beragama', 89),(90, 'Pembinaan Dakwah dan Syariat Islam', 90),(91, 'Pengkajian, Pengembangan dan Pembinaan Syariat Islam', 91),(92, 'Penguatan, Pengembangan, Pemberdayaan dan Peningkatan Kerja Sama Peradilan Syariat Islam', 92),(93, 'Penyelenggaraan Peribadatan dan Pengembangan Kelembagaan Masjid Agung Daerah', 93),(94, 'Peningkatan Sumber Daya dan Peran Ulama', 94),(95, 'Silaturahmi Ulama-Ulama', 95),(96, 'Peningkatan Kualitas dan Akses Informasi Baitul Mal', 96),(97, 'Administrasi Keuangan Perangkat Daerah', 97);
COMMIT;
BEGIN;
DELETE FROM "main"."dausg_dausgpendidikanprog";
INSERT INTO "main"."dausg_dausgpendidikanprog" ("id","dausgpendidikan_prog","dausgpendidikan_dana_id") VALUES (1, 'Pengelolaan Pendidikan Sekolah Dasar', 16),(2, 'Pengelolaan Pendidikan Sekolah Menengah Pertama', 16),(3, 'Pengelolaan Pendidikan Anak Usia Dini (PAUD)', 16),(4, 'Pengelolaan Pendidikan Nonformal/Kesetaraan', 16),(5, 'Penetapan Kurikulum Muatan Lokal Pendidikan Dasar', 16),(6, 'Penetapan Kurikulum Muatan Lokal Pendidikan Anak Usia Dini dan Pendidikan Nonformal', 16),(7, 'Pemerataan Kuantitas dan Kualitas Pendidik dan Tenaga Kependidikan bagi Satuan Pendidikan Dasar, PAUD, dan Pendidikan Nonformal/Kesetaraan', 16),(8, 'Penerbitan Izin Pendidikan Dasar yang Diselenggarakan oleh Masyarakat', 16),(9, 'Penerbitan Izin PAUD dan Pendidikan Nonformal yang Diselenggarakan oleh Masyarakat', 16),(10, 'Pembinaan, Pengembangan dan Perlindungan Bahasa dan Sastra yang Penuturannya dalam Daerah Kabupaten/Kota', 16),(11, 'Pengelolaan Pendidikan Dayah', 16),(12, 'Penyelenggaraan Kebijakan Pendidikan Aceh', 16),(13, 'Penyelenggaraan Pembiayaan Pendidikan Aceh', 16),(14, 'Penyelenggaraan Kurikulum dan Pengajaran Pendidikan Aceh', 16),(15, 'Penyelenggaraan Pendidik dan Tenaga Kependidikan Pendidikan Aceh', 16),(16, 'Penyelenggaraan Penjaminan dan Pengendalian Mutu Pendidikan Aceh', 16),(17, 'Penyediaan Layanan Kesehatan untuk UKM dan UKP Rujukan Tingkat Daerah Kabupaten/Kota', 16),(18, 'Pengembangan Sistem dan Pengelolaan Persampahan di Daerah Kabupaten/Kota', 16),(19, 'Pengelolaan dan Pengembangan Sistem Air Limbah Domestik dalam Daerah Kabupaten/Kota', 16),(20, 'Penyelenggaraan Bangunan Gedung di Wilayah Daerah Kabupaten/Kota, Pemberian Izin Mendirikan Bangunan (IMB) dan Sertifikat Laik Fungsi Bangunan Gedung', 16),(21, 'Pengelolaan Satuan Polisi Pamong Praja dan Wilayatul Hisbah Aceh', 16),(22, 'Pelayanan Pencegahan dan Kesiapsiagaan Terhadap Bencana', 16),(23, 'Pemberdayaan Masyarakat dalam Pencegahan Kebakaran', 16),(24, 'Pemberdayaan Sosial Komunitas Adat Terpencil (KAT)', 16),(25, 'Rehabilitasi Sosial Dasar Penyandang Disabilitas Terlantar, Anak Terlantar, Lanjut Usia Terlantar, serta Gelandangan Pengemis di Luar Panti Sosial', 16),(26, 'Rehabilitasi Sosial Penyandang Masalah Kesejahteraan Sosial (PMKS) Lainnya Bukan Korban HIV/AIDS dan NAPZA di Luar Panti Sosial', 16),(27, 'Pelaksanaan Pelatihan berdasarkan Unit Kompetensi', 16),(28, 'Pembinaan Lembaga Pelatihan Kerja Swasta', 16),(29, 'Pemberdayaan Perempuan Bidang Politik, Hukum, Sosial, dan Ekonomi pada Organisasi Kemasyarakatan Kewenangan Kabupaten/Kota', 16),(30, 'Penguatan dan Pengembangan Lembaga Penyedia Layanan Pemberdayaan Perempuan Kewenangan Kabupaten/Kota', 16),(31, 'Pencegahan Kekerasan Terhadap Perempuan Lingkup Daerah Kabupaten/Kota', 16),(32, 'Peningkatan Kualitas Keluarga dalam Mewujudkan Kesetaraan Gender (KG) dan Hak Anak Tingkat Daerah Kabupaten/Kota', 16),(33, 'Penguatan dan Pengembangan Lembaga Penyedia Layanan Peningkatan Kualitas Keluarga dalam Mewujudkan KG dan Hak Anak yang Wilayah Kerjanya dalam Daerah Kabupaten/Kota', 16),(34, 'Pelembagaan PHA pada Lembaga Pemerintah, Nonpemerintah, dan Dunia Usaha Kewenangan Kabupaten/Kota', 16),(35, 'Pencegahan Kekerasan Terhadap Anak yang Melibatkan para Pihak Lingkup Daerah Kabupaten/Kota', 16),(36, 'Pembinaan dan Kerja Sama Kelembagaan Pertanahan Kabupaten', 16),(37, 'Penyelenggaraan Pendidikan, Pelatihan, dan Penyuluhan Lingkungan Hidup untuk Lembaga Kemasyarakatan Tingkat Daerah Kabupaten/Kota', 16),(38, 'Pembinaan dan Pengawasan Penyelenggaraan Pencatatan Sipil', 16),(39, 'Pemberdayaan Lembaga Kemasyarakatan yang Bergerak di Bidang Pemberdayaan Desa dan Lembaga Adat Tingkat Daerah Kabupaten/Kota serta Pemberdayaan Masyarakat Hukum Adat yang Masyarakat Pelakunya Hukum Adat yang Sama dalam Daerah Kabupaten/Kota', 16),(40, 'Pemaduan dan Sinkronisasi Kebijakan Pemerintah Daerah Provinsi dengan Pemerintah Daerah Kabupaten/Kota dalam rangka Pengendalian Kuantitas Penduduk', 16),(41, 'Penyadaran, Pemberdayaan, dan Pengembangan Pemuda dan Kepemudaan Terhadap Pemuda Pelopor Kabupaten/Kota, Wirausaha Muda Pemula, dan Pemuda Kader Kabupaten/Kota', 16),(42, 'Pemberdayaan dan Pengembangan Organisasi Kepemudaan Tingkat Daerah Kabupaten/Kota', 16),(43, 'Pembinaan dan Pengembangan Olahraga Pendidikan pada Jenjang Pendidikan yang Menjadi Kewenangan Daerah Kabupaten/Kota', 16),(44, 'Penyelenggaraan Kejuaraan Olahraga Tingkat Daerah Kabupaten/Kota', 16),(45, 'Pembinaan dan Pengembangan Olahraga Prestasi Tingkat Daerah Provinsi', 16),(46, 'Pembinaan dan Pengembangan Organisasi Olahraga', 16),(47, 'Pembinaan dan Pengembangan Olahraga Rekreasi', 16),(48, 'Pembinaan dan Pengembangan Organisasi Kepramukaan', 16),(49, 'Pengelolaan Kebudayaan yang Masyarakat Pelakunya dalam Daerah Kabupaten/Kota', 16),(50, 'Pelestarian Kesenian Tradisional yang Masyarakat Pelakunya dalam Daerah Kabupaten/Kota', 16),(51, 'Pembinaan Lembaga Adat yang Penganutnya dalam Daerah Kabupaten/Kota', 16),(52, 'Pembinaan Kesenian yang Masyarakat Pelakunya dalam Daerah Kabupaten/Kota', 16),(53, 'Pembinaan Sejarah Lokal dalam 1 (Satu) Daerah Kabupaten/Kota', 16),(54, 'Penetapan Cagar Budaya Peringkat Kabupaten/Kota', 16),(55, 'Pengelolaan Cagar Budaya Peringkat Kabupaten/Kota', 16),(56, 'Penerbitan Izin Membawa Cagar Budaya ke Luar Daerah Kabupaten/Kota dalam 1 (Satu) Daerah Kabupaten/Kota', 16),(57, 'Pengelolaan Museum Kabupaten/Kota', 16),(58, 'Pelestarian dan Pembinaan Adat Istiadat', 16),(59, 'Pembinaan dan Pengembangan Hukum Adat', 16),(60, 'Pembinaan Lembaga Adat dan Tokoh Adat', 16),(61, 'Sejarah, Bahasa, Sastra dan Permuseuman', 16),(62, 'Pelestarian Cagar Budaya dan Warisan Budaya', 16),(63, 'Pengelolaan Taman Budaya', 16),(64, 'Sarana Prasarana Keistimewaan Urusan Kebudayaan', 16),(65, 'Perencanaan dan Pengendalian Urusan Kebudayaan', 16),(66, 'Pengembangan Kearifan Lokal dan Potensi Budaya', 16),(67, 'Adat, Seni, Tradisi dan Lembaga Budaya', 16),(68, 'Pendidikan Berbasis Budaya', 16),(69, 'Pengelolaan Perpustakaan Tingkat Daerah Kabupaten/Kota', 16),(70, 'Pembudayaan Gemar Membaca Tingkat Daerah Kabupaten/Kota', 16),(71, 'Pelestarian Naskah Kuno Milik Daerah Kabupaten/Kota', 16),(72, 'Pengembangan Koleksi Budaya Etnis Nusantara yang Ditemukan oleh Pemerintah Daerah Kabupaten/Kota', 16),(73, 'Pemberdayaan Nelayan Kecil dalam Daerah Kabupaten/Kota', 16),(74, 'Pemberdayaan Pembudi Daya Ikan Kecil', 16),(75, 'Pengelolaan Kawasan Strategis Pariwisata Kabupaten/Kota', 16),(76, 'Pengelolaan Destinasi Pariwisata Kabupaten/Kota', 16),(77, 'Pengembangan Ekosistem Ekonomi Kreatif', 16),(78, 'Pelaksanaan Peningkatan Kapasitas Sumber Daya Manusia Pariwisata dan Ekonomi Kreatif Tingkat Dasar', 16),(79, 'Pengembangan Kapasitas Pelaku Ekonomi Kreatif', 16),(80, 'Pelaksanaan Penyuluhan Pertanian', 16),(81, 'Penataan Persebaran Penduduk yang Berasal dari 1 (Satu) Daerah Kabupaten/Kota', 16),(82, 'Pengembangan Satuan Permukiman pada Tahap Kemandirian', 16),(83, 'Penelitian dan Pengembangan Bidang Penyelenggaraan Pemerintahan dan Pengkajian Peraturan', 16),(84, 'Penelitian dan Pengembangan Bidang Sosial dan Kependudukan', 16),(85, 'Penelitian dan Pengembangan Bidang Ekonomi dan Pembangunan', 16),(86, 'Pengembangan Inovasi dan Teknologi', 16),(87, 'Peningkatan Pemahaman Wawasan Islam', 16),(88, 'Peningkatan Pemahaman, Penghayatan dan Pengamalan Alquran', 16),(89, 'Peningkatan Kualitas Kehidupan Beragama dan Toleransi Umat Beragama', 16),(90, 'Pembinaan Dakwah dan Syariat Islam', 16),(91, 'Pengkajian, Pengembangan dan Pembinaan Syariat Islam', 16),(92, 'Penguatan, Pengembangan, Pemberdayaan dan Peningkatan Kerja Sama Peradilan Syariat Islam', 16),(93, 'Penyelenggaraan Peribadatan dan Pengembangan Kelembagaan Masjid Agung Daerah', 16),(94, 'Peningkatan Sumber Daya dan Peran Ulama', 16),(95, 'Silaturahmi Ulama-Ulama', 16),(96, 'Peningkatan Kualitas dan Akses Informasi Baitul Mal', 16),(97, 'Administrasi Keuangan Perangkat Daerah', 16);
COMMIT;
BEGIN;
DELETE FROM "main"."dausg_dausgpendidikansub";
INSERT INTO "main"."dausg_dausgpendidikansub" ("id","dausgpendidikansub_satuan","dausgpendidikansub_keg_id","dausgpendidikansub_nama") VALUES (1, 'Unit', 1, 'Pembangunan Unit Sekolah Baru (USB)'),(2, 'Ruang', 1, 'Penambahan Ruang Kelas Baru'),(3, 'Ruang', 1, 'Pembangunan Ruang Guru/Kepala Sekolah/TU'),(4, 'Ruang', 1, 'Pembangunan Ruang Unit Kesehatan Sekolah'),(5, 'Ruang', 1, 'Pembangunan Perpustakaan Sekolah'),(6, 'Unit', 1, 'Pembangunan Sarana, Prasarana dan Utilitas Sekolah'),(7, 'Unit', 1, 'Pembangunan Rumah Dinas Kepala Sekolah/Guru/Penjaga Sekolah'),(8, 'Ruang', 1, 'Rehabilitasi Sedang/Berat Ruang Kelas'),(9, 'Ruang', 1, 'Rehabilitasi Sedang/Berat Ruang Guru/Kepala Sekolah/TU'),(10, 'Ruang', 1, 'Rehabilitasi Sedang/Berat Ruang Unit Kesehatan Sekolah'),(11, 'Ruang', 1, 'Rehabilitasi Sedang/Berat Perpustakaan Sekolah'),(12, 'Unit', 1, 'Rehabilitasi Sedang/Berat Sarana, Prasarana dan Utilitas Sekolah'),(13, 'Unit', 1, 'Rehabilitasi Sedang/Berat Rumah Dinas Kepala Sekolah/Guru/Penjaga Sekolah'),(14, 'Paket', 1, 'Pengadaan Mebel Sekolah'),(15, 'Paket', 1, 'Pengadaan Alat Rumah Tangga Sekolah'),(16, 'Paket', 1, 'Pengadaan Perlengkapan Sekolah'),(17, 'Unit', 1, 'Pengadaan Perlengkapan Siswa'),(18, 'Unit', 1, 'Pemeliharaan Rutin Bangunan Gedung dan Ruangan'),(19, 'Unit', 1, 'Pemeliharaan Rutin Sarana, Prasarana dan Utilitas Sekolah'),(20, 'Peserta Didik', 1, 'Penyediaan Biaya Personil Peserta Didik Sekolah Dasar'),(21, 'Paket', 1, 'Pengadaan Alat Praktik dan Peraga Siswa'),(22, 'Satuan Pendidikan', 1, 'Penyelenggaraan Proses Belajar dan Ujian bagi Peserta Didik'),(23, 'Satuan Pendidikan', 1, 'Penyiapan dan Tindak Lanjut Evaluasi Satuan Pendidikan Dasar'),(24, 'Peserta Didik', 1, 'Pembinaan Minat, Bakat dan Kreativitas Siswa'),(25, 'Orang', 1, 'Penyediaan Pendidik dan Tenaga Kependidikan bagi Satuan Pendidikan Sekolah Dasar'),(26, 'Orang', 1, 'Pengembangan Karir Pendidik dan Tenaga Kependidikan Pada Satuan Pendidikan Sekolah Dasar'),(27, 'Satuan Pendidikan', 1, 'Pembinaan Kelembagaan dan Manajemen Sekolah'),(28, 'Satuan Pendidikan', 1, 'Pengelolaan Dana BOS Sekolah Dasar'),(29, 'Orang', 1, 'Peningkatan Kapasitas Pengelolaan Dana BOS Sekolah Dasar'),(30, 'Ruang', 1, 'Pembangunan Laboratorium Sekolah Dasar'),(31, 'Ruang', 1, 'Rehabilitasi Sedang/Berat Laboratorium Sekolah Dasar'),(32, 'Orang', 1, 'Pembinaan Penggunaan Teknologi, Informasi dan Komunikasi (TIK) untuk Pendidikan'),(33, 'Konten Digital', 1, 'Pengembangan konten digital untuk pendidikan'),(34, 'Orang', 1, 'Pelatihan Penggunaan Aplikasi Bidang Pendidikan'),(35, 'Dokumen', 1, 'Koordinasi, Perencanaan, Supervisi dan Evaluasi Layanan di Bidang Pendidikan'),(36, 'Dokumen', 1, 'Sosialisasi dan Advokasi Kebijakan Bidang Pendidikan'),(37, 'Orang', 1, 'Bimbingan Teknis Peningkatan Kapasitas Bidang Pendidikan'),(38, 'Unit', 2, 'Pembangunan Unit Sekolah Baru (USB)'),(39, 'Ruang', 2, 'Penambahan Ruang Kelas Baru'),(40, 'Ruang', 2, 'Pembangunan Ruang Guru/Kepala Sekolah/TU'),(41, 'Ruang', 2, 'Pembangunan Ruang Unit Kesehatan Sekolah'),(42, 'Ruang', 2, 'Pembangunan Perpustakaan Sekolah'),(43, 'Ruang', 2, 'Pembangunan Laboratorium'),(44, 'Ruang', 2, 'Pembangunan Ruang Serba Guna/Aula'),(45, 'Unit', 2, 'Pembangunan Asrama Sekolah'),(46, 'Unit', 2, 'Pembangunan Rumah Dinas Kepala Sekolah/Guru/Penjaga Sekolah'),(47, 'Unit', 2, 'Pembangunan Fasilitas Parkir'),(48, 'Unit', 2, 'Pembangunan Kantin Sekolah'),(49, 'Unit', 2, 'Pembangunan Sarana, Prasarana dan Utilitas Sekolah'),(50, 'Unit', 2, 'Rehabilitasi Sedang/Berat Gedung Sekolah'),(51, 'Ruang', 2, 'Rehabilitasi Sedang/Berat Ruang Kelas Sekolah'),(52, 'Ruang', 2, 'Rehabilitasi Sedang/Berat Ruang Guru Sekolah'),(53, 'Ruang', 2, 'Rehabilitasi Sedang/Berat Ruang Unit Kesehatan Sekolah'),(54, 'Ruang', 2, 'Rehabilitasi Sedang/Berat Perpustakaan Sekolah'),(55, 'Ruang', 2, 'Rehabilitasi Sedang/Berat Laboratorium'),(56, 'Ruang', 2, 'Rehabilitasi Sedang/Berat Ruang Serba Guna/Aula'),(57, 'Unit', 2, 'Rehabilitasi Sedang/Berat Asrama'),(58, 'Unit', 2, 'Rehabilitasi Sedang/Berat Rumah Dinas Kepala Sekolah/Guru/Penjaga Sekolah'),(59, 'Unit', 2, 'Rehabilitasi Sedang/Berat Fasilitas Parkir'),(60, 'Unit', 2, 'Rehabilitasi Sedang/Berat Sarana, Prasarana dan Utilitas Sekolah'),(61, 'Paket', 2, 'Pengadaan Mebel Sekolah'),(62, 'Paket', 2, 'Pengadaan Alat Rumah Tangga Sekolah'),(63, 'Paket', 2, 'Pengadaan Perlengkapan Sekolah'),(64, 'Paket', 2, 'Pengadaan Perlengkapan Siswa'),(65, 'Unit', 2, 'Pemeliharaan Rutin Bangunan Gedung dan Ruangan'),(66, 'Unit', 2, 'Pemeliharaan Rutin Sarana, Prasarana dan Utilitas Sekolah'),(67, 'Peserta Didik', 2, 'Penyediaan Biaya Personil Peserta Didik Sekolah Menengah Pertama'),(68, 'Buku', 2, 'Perlengkapan Dasar Buku Teks Peserta Didik'),(69, 'Paket', 2, 'Perlengkapan Belajar Peserta Didik'),(70, 'Paket', 2, 'Pengadaan Alat Praktik dan Peraga Siswa'),(71, 'Peserta Didik', 2, 'Penyelenggaraan Proses Belajar dan Ujian bagi Peserta Didik'),(72, 'Satuan Pendidikan', 2, 'Penyiapan dan Tindak Lanjut Evaluasi Satuan Pendidikan Sekolah Menengah Pertama'),(73, 'Peserta Didik', 2, 'Pembinaan Minat, Bakat dan Kreativitas Siswa'),(74, 'Orang', 2, 'Penyediaan Pendidik dan Tenaga Kependidikan bagi Satuan Pendidikan Sekolah Menengah Pertama'),(75, 'Orang', 2, 'Pengembangan Karir Pendidik dan Tenaga Kependidikan Pada Satuan Pendidikan Sekolah Menengah Pertama'),(76, 'Satuan Pendidikan', 2, 'Pembinaan Kelembagaan dan Manajemen Sekolah'),(77, 'Satuan Pendidikan', 2, 'Pengelolaan Dana BOS Sekolah Menengah Pertama'),(78, 'Orang', 2, 'Peningkatan Kapasitas Pengelolaan Dana BOS Sekolah Menengah Pertama'),(79, 'Ruang', 2, 'Rehabilitasi Sedang/Berat Ruang TU'),(80, 'Ruang', 2, 'Rehabilitasi Sedang/Berat Ruang Kepala Sekolah'),(81, 'Orang', 2, 'Pembinaan Penggunaan Teknologi, Informasi dan Komunikasi (TIK) untuk Pendidikan'),(82, 'Konten Digital', 2, 'Pengembangan konten digital untuk pendidikan'),(83, 'Orang', 2, 'Pelatihan Penggunaan Aplikasi Bidang Pendidikan'),(84, 'Dokumen', 2, 'Koordinasi, Perencanaan, Supervisi dan Evaluasi Layanan di Bidang Pendidikan'),(85, 'Dokumen', 2, 'Sosialisasi dan Advokasi Kebijakan Bidang Pendidikan'),(86, 'Orang', 2, 'Bimbingan Teknis Peningkatan Kapasitas Bidang Pendidikan'),(87, 'Unit', 3, 'Pembangunan Gedung/Ruang Kelas/Ruang Guru PAUD'),(88, 'Unit', 3, 'Pembangunan Sarana, Prasarana dan Utilitas PAUD'),(89, 'Unit', 3, 'Rehabilitasi Sedang/Berat Gedung/Ruang Kelas/Ruang Guru PAUD'),(90, 'Unit', 3, 'Rehabilitasi Sedang/Berat Pembangunan Sarana, Prasarana dan Utilitas PAUD'),(91, 'Unit', 3, 'Pemeliharaan Rutin Gedung/Ruang Kelas/Ruang Guru PAUD'),(92, 'Unit', 3, 'Pemeliharaan Rutin Sarana, Prasarana dan Utilitas PAUD'),(93, 'Paket', 3, 'Pengadaan Mebel PAUD'),(94, 'Paket', 3, 'Pengadaan Alat Rumah Tangga PAUD'),(95, 'Paket', 3, 'Pengadaan Perlengkapan PAUD'),(96, 'Paket', 3, 'Pengadaan Perlengkapan Siswa PAUD'),(97, 'Peserta Didik', 3, 'Penyediaan Biaya Personil Peserta Didik PAUD'),(98, 'Paket', 3, 'Pengadaan Alat Praktik dan Peraga Siswa PAUD'),(99, 'Peserta Didik', 3, 'Penyelenggaraan Proses Belajar PAUD'),(100, 'Satuan Pendidikan', 3, 'Penyiapan dan Tindak Lanjut Evaluasi Satuan PAUD'),(101, 'Orang', 3, 'Penyediaan Pendidik dan Tenaga Kependidikan bagi Satuan PAUD'),(102, 'Orang', 3, 'Pengembangan Karir Pendidik dan Tenaga Kependidikan pada Satuan Pendidikan PAUD'),(103, 'Satuan Pendidikan', 3, 'Pembinaan Kelembagaan dan Manajemen PAUD'),(104, 'Satuan Pendidikan', 3, 'Pengelolaan Dana BOP PAUD'),(105, 'Orang', 3, 'Peningkatan Kapasitas Pengelolaan Dana BOP PAUD'),(106, 'Orang', 3, 'Pembinaan Penggunaan Teknologi, Informasi dan Komunikasi (TIK) untuk Pendidikan'),(107, 'Konten Digital', 3, 'Pengembangan konten digital untuk pendidikan'),(108, 'Orang', 3, 'Pelatihan Penggunaan Aplikasi Bidang Pendidikan'),(109, 'Dokumen', 3, 'Koordinasi, Perencanaan, Supervisi dan Evaluasi Layanan di Bidang Pendidikan'),(110, 'Dokumen', 3, 'Sosialisasi dan Advokasi Kebijakan Bidang Pendidikan'),(111, 'Orang', 3, 'Bimbingan Teknis Peningkatan Kapasitas Bidang Pendidikan'),(112, 'Unit', 4, 'Pembangunan Gedung/Ruang Kelas/Ruang Guru Nonformal/Kesetaraan'),(113, 'Unit', 4, 'Pembangunan Sarana, Prasarana dan Utilitas Sekolah Nonformal/Kesetaraan'),(114, 'Unit', 4, 'Rehabilitasi Sedang/Berat Gedung/Ruang Kelas/Ruang Guru Pendidikan Nonformal/Kesetaraan'),(115, 'Unit', 4, 'Rehabilitasi Sedang/Berat Pembangunan Sarana, Prasarana dan Utilitas Sekolah Nonformal/Kesetaraan'),(116, 'Unit', 4, 'Pemeliharaan Rutin Gedung/Ruang Kelas/Ruang Guru Pendidikan Nonformal/Kesetaraan'),(117, 'Unit', 4, 'Pemeliharaan Rutin Sarana, Prasarana dan Utilitas Sekolah Nonformal/Kesetaraan'),(118, 'Paket', 4, 'Pengadaan Mebel Pendidikan Nonformal/Kesetaraan'),(119, 'Paket', 4, 'Pengadaan Alat Rumah Tangga Pendidikan Nonformal/ Kesetaraan'),(120, 'Paket', 4, 'Pengadaan Perlengkapan Pendidikan Nonformal / Kesetaraan'),(121, 'Peserta Didik', 4, 'Penyediaan Biaya Personil Peserta Didik Nonformal/Kesetaraan'),(122, 'Paket', 4, 'Pengadaan Alat Praktik dan Peraga Siswa Nonformal / Kesetaraan'),(123, 'Peserta Didik', 4, 'Penyelenggaraan Proses Belajar Nonformal/Kesetaraan'),(124, 'Satuan Pendidikan', 4, 'Penyiapan dan Tindak Lanjut Evaluasi Satuan Pendidikan di Pendidikan Nonformal/Kesetaraan'),(125, 'Orang', 4, 'Penyediaan Pendidik dan Tenaga Kependidikan bagi Satuan Pendidikan Nonformal/Kesetaraan'),(126, 'Orang', 4, 'Pengembangan Karir Pendidik dan Tenaga Kependidikan Pada Satuan Pendidikan Nonformal/Kesetaraan'),(127, 'Satuan Pendidikan', 4, 'Pembinaan Kelembagaan dan Manajemen Sekolah Nonformal/Kesetaraan'),(128, 'Satuan Pendidikan', 4, 'Pengelolaan Dana BOP Sekolah Nonformal/Kesetaraan'),(129, 'Orang', 4, 'Peningkatan Kapasitas Pengelolaan Dana BOP Sekolah Nonformal/Kesetaraan'),(130, 'Ruang', 4, 'Pembangunan Laboratorium'),(131, 'Ruang', 4, 'Rehabilitasi Sedang/Berat Laboratorium'),(132, 'Unit', 4, 'Pemeliharaan Mebel Pendidikan Nonformal/Kesetaraan'),(133, 'Satuan Pendidikan', 4, 'Penyelenggaraan Ujian bagi Peserta Didik Nonformal/Kesetaraan'),(134, 'Orang', 4, 'Pembinaan Penggunaan Teknologi, Informasi dan Komunikasi (TIK) untuk Pendidikan'),(135, 'Konten Digital', 4, 'Pengembangan konten digital untuk pendidikan'),(136, 'Orang', 4, 'Pelatihan Penggunaan Aplikasi Bidang Pendidikan'),(137, 'Dokumen', 4, 'Koordinasi, Perencanaan, Supervisi dan Evaluasi Layanan di Bidang Pendidikan'),(138, 'Dokumen', 4, 'Sosialisasi dan Advokasi Kebijakan Bidang Pendidikan'),(139, 'Orang', 4, 'Bimbingan Teknis Peningkatan Kapasitas Bidang Pendidikan'),(140, 'Dokumen', 5, 'Penyusunan Kompetensi Dasar Muatan Lokal Pendidikan Dasar'),(141, 'Dokumen', 5, 'Penyusunan Silabus Muatan Lokal Pendidikan Dasar'),(142, 'Buku', 5, 'Penyediaan Buku Teks Pelajaran Muatan Lokal Pendidikan Dasar'),(143, 'Orang', 5, 'Pelatihan Penyusunan Kurikulum Muatan Lokal Pendidikan Dasar'),(144, 'Buku', 5, 'Pelaksanaan penilaian/penelaahan buku teks muatan lokal Pendidikan Dasar'),(145, 'Dokumen', 5, 'Penyusunan model-model pembelajaran inovatif Pendidikan Dasar'),(146, 'Dokumen', 6, 'Penyusunan Kompetensi Dasar Muatan Lokal Pendidikan Anak Usia Dini dan Pendidikan Nonformal'),(147, 'Dokumen', 6, 'Penyusunan Silabus Muatan Lokal Pendidikan Anak Usia Dini dan Pendidikan Nonformal'),(148, 'Buku', 6, 'Penyediaan Buku Teks Pelajaran Muatan Lokal Pendidikan Anak Usia Dini dan Pendidikan Nonformal'),(149, 'Buku', 6, 'Pelaksanaan penilaian/penelaahan buku teks muatan lokal Pendidikan Anak Usia Dini dan Pendidikan Nonformal'),(150, 'Dokumen', 6, 'Penyusunan model-model pembelajaran inovatif Pendidikan Anak Usia Dini dan Pendidikan Nonformal'),(151, 'Dokumen', 7, 'Perhitungan dan Pemetaan Pendidik dan Tenaga Kependidikan Satuan Pendidikan Dasar, PAUD, dan Pendidikan Nonformal/Kesetaraan'),(152, 'Laporan', 7, 'Penataan Pendistribusian Pendidik dan Tenaga Kependidikan bagi Satuan Pendidikan Dasar, PAUD, dan Pendidikan Nonformal/Kesetaraan'),(153, 'Dokumen', 8, 'Penilaian Kelayakan Usul Perizinan Pendidikan Dasar yang Diselenggarakan oleh Masyarakat'),(154, 'Dokumen', 8, 'Pengendalian dan Pengawasan Perizinan Pendidikan Dasar yang Diselenggarakan oleh Masyarakat'),(155, 'Dokumen', 9, 'Penilaian Kelayakan Usul Perizinan PAUD dan Pendidikan Nonformal yang Diselenggarakan oleh Masyarakat'),(156, 'Dokumen', 9, 'Pengendalian dan Pengawasan Perizinan PAUD dan Pendidikan Nonformal yang Diselenggarakan oleh Masyarakat'),(157, 'Dokumen', 9, 'Pembinaan PAUD dan Pendidikan Nonformal yang Diselenggarakan oleh Masyarakat'),(158, 'Kamus', 10, 'Penyusunan Kamus Bahasa Daerah Kabupaten / Kota'),(159, 'Bahasa', 10, 'Vitalitas, Konservasi dan Revitalisasi Bahasa dan Sastra Daerah Kabupaten/Kota'),(160, 'Publikasi', 10, 'Publikasi Bahasa dan Sastra Daerah Kabupaten / Kota'),(161, 'Orang', 10, 'Penghargaan Tokoh Kebahasaan dan Kesastraan Daerah Kabupaten/Kota'),(162, 'Buku', 10, 'Penyediaan dan Pendistribusian Buku Cerita Rakyat Daerah Penunjang Literasi Kabupaten / Kota'),(163, 'Peserta Didik', 10, 'Peningkatan Apresiasi Siswa Terhadap Bahasa dan Sastra Daerah Kewenangan Kabupaten/Kota'),(164, 'Dokumen', 10, 'Penyusunan Modul dan Bahan Ajar Bahasa Daerah Kewenangan Kabupaten/Kota'),(165, 'Unit', 11, 'Pembangunan Sarana dan Prasarana Dayah'),(166, 'Unit', 11, 'Rehabilitasi Sarana dan Prasarana Dayah'),(167, 'Orang', 11, 'Peningkatan Mutu Pendidik dan Tenaga Kependidikan Dayah'),(168, 'Peserta Didik', 11, 'Pemberdayaan dan Pendidikan Santri'),(169, 'Satuan Pendidikan', 11, 'Pembinaan Manajemen Dayah'),(170, 'Satuan Pendidikan', 11, 'Penelitian dan Pengembangan Dayah'),(171, 'Satuan Pendidikan', 11, 'Peningkatan Kualitas dan Pengembangan Kelembagaan Dayah'),(172, 'Buku', 11, 'Pengadaan Kitab/Buku Pendidikan Dayah'),(173, 'Unit', 11, 'Pembangunan dan Rehabilitasi Tempat Ibadah Dayah'),(174, 'Dokumen', 11, 'Koordinasi dan Sinkronisasi Pelaksanaan Kependidikan Dayah'),(175, 'Satuan Pendidikan', 11, 'Pelaksanaan Akreditasi Pendidikan Dayah/Pesantren'),(176, 'Satuan Pendidikan', 11, 'Fasilitasi dan Pengawasan Penyelenggaraan Pendidikan Dayah/Pesantren dan Balai Pengajian'),(177, 'Satuan Pendidikan', 11, 'Pemberian Bantuan Pembiayaan untuk Dayah Sesuai dengan Ketentuan Peraturan Perundang-Undangan'),(178, 'Dokumen', 11, 'Fasilitasi Penyusunan Kurikulum Dayah Salafiah'),(179, 'Peserta Didik', 11, 'Penyediaan Biaya Penyelenggaraan Proses Evaluasi Hasil Belajar Peserta Didik pada Dayah yang Berskala Provinsi'),(180, 'Dokumen', 11, 'Supervisi dan Fasilitasi Satuan Pendidikan Dayah/Pesantren untuk Pengendalian Mutu Pendidikan Aceh'),(181, 'Dokumen', 12, 'Penetapan Standar Pendidikan Aceh'),(182, 'Satuan Pendidikan', 12, 'Penyelenggaraan Sistem Informasi Manajemen Pendidikan Aceh'),(183, 'Dokumen', 13, 'Pengelolaan TDBH Migas untuk Membiayai Program dan Kegiatan Pembangunan Pendidikan Aceh'),(184, 'Dokumen', 13, 'Pengelolaan Dana Otsus untuk Membiayai Program dan Kegiatan Pembangunan Pendidikan Alokasi Pemerintah Aceh'),(185, 'Satuan Pendidikan', 13, 'Pembiayaan Pendidikan Formal, dan Pendidikan Nonformal bagi Satuan Pendidikan yang Diselenggarakan oleh Pemerintah Aceh'),(186, 'Satuan Pendidikan', 13, 'Pemberian Bantuan Pembiayaan untuk Madrasah, dan Satuan Pendidikan yang Diselenggarakan oleh Masyarakat Sesuai dengan Ketentuan Peraturan Perundang-Undangan'),(187, 'Dokumen', 14, 'Penyusunan Kurikulum Aceh yang Islami untuk Jenjang Pendidikan Dasar dan Pendidikan Menengah'),(188, 'Dokumen', 14, 'Pengawasan Kurikulum Pendidikan Agama pada Sekolah Umum dan Madrasah'),(189, 'Satuan Pendidikan', 14, 'Implementasi Kurikulum Aceh yang Islami'),(190, 'Orang', 15, 'Peningkatan Mutu Pendidik dan Tenaga Kependidikan pada Dayah Salafiah dan Diniyah'),(191, 'Orang', 15, 'Peningkatan Kesejahteraan, Memberikan Penghargaan dan Perlindungan kepada Pendidik dan Tenaga Kependidikan pada Setiap Satuan Pendidikan'),(192, 'Peserta Didik', 16, 'Penyediaan Biaya Penyelenggaraan Proses Evaluasi Hasil Belajar Peserta Didik pada Sekolah/Madrasah dan Dayah yang Berskala Provinsi'),(193, 'Satuan Pendidikan', 16, 'Supervisi dan Fasilitasi Satuan Pendidikan Dasar dan Pendidikan Menengah untuk Pengendalian Mutu Pendidikan Aceh'),(194, 'Satuan Pendidikan', 16, 'Evaluasi Pencapaian Standar Pendidikan Aceh pada Setiap Satuan Pendidikan di Aceh'),(195, 'Satuan Pendidikan', 16, 'Penilaian Pencapaian Standar Pendidikan Aceh dan Standar Pelayanan Minimal pada Pendidikan Menengah dan Pendidikan Khusus'),(196, 'Dokumen', 17, 'Pengelolaan Pelayanan Kesehatan Kerja dan Olahraga'),(197, 'Kelompok', 18, 'Sosialisasi dan Pemberdayaan Masyarakat dalam rangka Penyediaan Sarana TPA/TPST/SPA/TPS-3R/TPS'),(198, 'Orang', 19, 'Pengembangan SDM dan Kelembagaan Pengelolaan Air Limbah Domestik'),(199, 'Unit', 20, 'Identifikasi, Penetapan, Penyelenggaraan Bangunan Gedung Cagar Budaya yang Dilestarikan Milik Pemerintah Kabupaten/Kota'),(200, 'Pengelola', 20, 'Bantuan Teknis bagi Masyarakat Pemilik Bangunan Gedung Cagar Budaya yang Ditetapkan Tingkat Kabupaten/Kota'),(201, 'Laporan', 21, 'Koordinasi dengan Organisasi Masyarakat, Organisasi Kepemudaan dan Lembaga Swadaya Masyarakat di Bidang Pembinaan dan Pengawasan Qanun Syariat Islam'),(202, 'Orang', 22, 'Pelatihan Pencegahan dan Mitigasi Bencana Kabupaten/Kota'),(203, 'Orang', 23, 'Pemberdayaan Masyarakat dalam Pencegahan dan Penanggulangan Kebakaran Melalui Sosialisasi dan Edukasi Masyarakat'),(204, 'Keluarga', 24, 'Peningkatan Kapasitas dan Pendampingan KAT'),(205, 'Orang', 25, 'Pemberian Bimbingan Fisik, Mental, Spiritual, dan Sosial'),(206, 'Orang', 25, 'Pemberian Bimbingan Sosial kepada Keluarga Penyandang Disabilitas Terlantar, Anak Terlantar, Lanjut Usia Terlantar, serta Gelandangan Pengemis dan Masyarakat'),(207, 'Orang', 25, 'Pemberian Akses ke Layanan Pendidikan dan Kesehatan Dasar'),(208, 'Orang', 26, 'Pemberian Bimbingan Fisik, Mental, Spiritual, dan Sosial'),(209, 'Orang', 26, 'Pemberian Bimbingan Sosial kepada Keluarga Penyandang Masalah Kesejahteraan Sosial (PMKS) Lainnya Bukan Korban HIV/AIDS dan NAPZA'),(210, 'Orang', 26, 'Pemberian Akses ke Layanan Pendidikan dan Kesehatan Dasar'),(211, 'Orang', 27, 'Proses Pelaksanaan Pendidikan dan Pelatihan Keterampilan bagi Pencari Kerja berdasarkan Klaster Kompetensi'),(212, 'Unit', 27, 'Pengadaan Sarana Pelatihan Kerja Kabupaten/Kota'),(213, 'Lembaga', 28, 'Pembinaan Lembaga Pelatihan Kerja Swasta'),(214, 'Organisasi', 29, 'Advokasi Kebijakan dan Pendampingan Peningkatan Partisipasi Perempuan dan Politik, Hukum, Sosial dan Ekonomi'),(215, 'Lembaga', 30, 'Advokasi Kebijakan dan Pendampingan kepada Lembaga Penyedia Layanan Pemberdayaan Perempuan Kewenangan Kabupaten/Kota'),(216, 'Orang', 30, 'Peningkatan Kapasitas Sumber Daya Lembaga Penyedia Layanan Pemberdayaan Perempuan Kewenangan Kabupaten/Kota'),(217, 'Dokumen', 30, 'Pengembangan Komunikasi, Informasi dan Edukasi (KIE) Pemberdayaan Perempuan Kewenangan Kabupaten/Kota'),(218, 'Perangkat Daerah', 31, 'Advokasi Kebijakan dan Pendampingan Layanan Perlindungan Perempuan Kewenangan Kabupaten/Kota'),(219, 'Perangkat Daerah', 32, 'Advokasi Kebijakan dan Pendampingan untuk Mewujudkan KG dan Perlindungan Anak Kewenangan Kabupaten/Kota'),(220, 'Laporan', 32, 'Pengembangan Kegiatan Masyarakat untuk Peningkatan Kualitas Keluarga Kewenangan Kabupaten/Kota'),(221, 'Lembaga', 33, 'Advokasi Kebijakan dan Pendampingan Pengembangan Lembaga Penyedia Layanan Peningkatan Kualitas Keluarga Tingkat Daerah Kabupaten/Kota'),(222, 'Orang', 33, 'Peningkatan Kapasitas Sumber Daya Lembaga Penyedia Layanan Peningkatan Kualitas Keluarga Tingkat Daerah Kabupaten/Kota'),(223, 'Organisasi', 34, 'Advokasi Kebijakan dan Pendampingan Pemenuhan Hak Anak pada Lembaga Pemerintah, Non Pemerintah, Media dan Dunia Usaha Kewenangan Kabupaten/Kota'),(224, 'Perangkat Daerah', 35, 'Advokasi Kebijakan dan Pendampingan Pelaksanaan Kebijakan, Program dan Kegiatan Pencegahan Kekerasan Terhadap Anak Kewenangan Kabupaten/Kota'),(225, 'Dokumen', 36, 'Pembinaan Kerja Sama Pendidikan Pertanahan'),(226, 'Lembaga', 37, 'Peningkatan Kapasitas dan Kompetensi Sumber Daya Manusia Bidang Lingkungan Hidup untuk Lembaga Kemasyarakatan'),(227, 'Dokumen', 37, 'Pendampingan Gerakan Peduli Lingkungan Hidup'),(228, 'Orang', 37, 'Penyelenggaraan Penyuluhan dan Kampanye Lingkungan Hidup'),(229, 'Laporan', 38, 'Bimbingan Teknis Terkait Pencatatan Sipil'),(230, 'Lembaga', 39, 'Peningkatan Kapasitas Kelembagaan Lembaga Kemasyarakatan Desa/Kelurahan (RT, RW, PKK, Posyandu, LPM, dan Karang Taruna), Lembaga Adat Desa/Kelurahan dan Masyarakat Hukum Adat'),(231, 'Dokumen', 40, 'Penguatan Kerja Sama Pelaksanaan Pendidikan Kependudukan Jalur Pendidikan Formal'),(232, 'Dokumen', 40, 'Penguatan Kerja Sama Pelaksanaan Pendidikan Kependudukan Jalur Pendidikan Nonformal'),(233, 'Dokumen', 40, 'Penyediaan dan Pengembangan Materi Pendidikan Kependudukan Jalur Pendidikan Formal Sesuai Isu Lokal Kabupaten/Kota'),(234, 'Dokumen', 40, 'Penyediaan dan Pengembangan Materi Pendidikan Kependudukan Jalur Pendidikan Nonformal Sesuai Isu Lokal Kabupaten/Kota'),(235, 'Satuan Pendidikan', 40, 'Advokasi, Sosialisasi dan Fasilitasi Pelaksanaan Pendidikan Kependudukan Jalur Formal di Satuan Pendidikan Jenjang SD/MI dan SLTP/MTS, Jalur Nonformal dan Informal'),(236, 'Laporan', 40, 'Implementasi Pendidikan Kependudukan Jalur Pendidikan Formal dan Nonformal'),(237, 'Dokumen', 40, 'Implementasi Pendidikan Kependudukan Jalur Informal di Kelompok Kegiatan Masyarakat Binaan'),(238, 'Orang', 41, 'Koordinasi, Sinkronisasi dan Penyelenggaraan Peningkatan Kapasitas Daya Saing Pemuda Pelopor'),(239, 'Orang', 41, 'Koordinasi, Sinkronisasi dan Penyelenggaraan Peningkatan Kapasitas Daya Saing Wira Usaha Pemula'),(240, 'Orang', 41, 'Koordinasi, Sinkronisasi dan Penyelenggaraan Peningkatan Kapasitas Daya Saing Pemuda Kader Kabupaten/Kota'),(241, 'Orang', 41, 'Pemenuhan Hak Setiap Pemuda Melalui Perlindungan Pemuda, Advokasi, Akses Pengembangan Diri, Penggunaan Prasarana dan Sarana Tanpa Diskriminatif, Partisipasi Pemuda dalam Proses Perencanaan, Pelaksanaan Evaluasi dan Pengambilan Keputusan Program Strategis Kepemudaan'),(242, 'Dokumen', 41, 'Pelaksanaan Koordinasi Strategis Lintas Sektor Penyelenggaraan Pelayanan Kepemudaan Melalui Implementasi Rencana Aksi Daerah/RAD Tingkat Kabupaten/Kota'),(243, 'Unit', 41, 'Perencanaan, Pengadaan, Pemanfaatan, Pemeliharaan, dan Pengawasan Prasarana dan Sarana Kepemudaan Kabupaten/Kota'),(244, 'Orang', 41, 'Pemberian Penghargaan Pemuda dan Organisasi Pemuda yang Berjasa dan/atau Berprestasi'),(245, 'Orang', 41, 'Peningkatan Kepemimpinan, Kepeloporan dan Kesukarelawanan Pemuda'),(246, 'Orang', 41, 'Penyelenggaraan Seleksi dan Pelatihan Pasukan Pengibar Bendera'),(247, 'Orang', 42, 'Koordinasi, Sinkronisasi dan Pelaksanaan Pemberdayaan Pemuda atau Organisasi Kepemudaan Melalui Kemitraan dengan Dunia Usaha'),(248, 'Dokumen', 42, 'Peningkatan Kapasitas Pemuda dan Organisasi Kepemudaan Kabupaten/Kota'),(249, 'Unit', 43, 'Koordinasi, Sinkronisasi dan Pelaksanaan Pembentukan dan Pengembangan Pusat Pembinaan dan Pelatihan Olahraga serta Sekolah Olahraga yang Diselenggarakan oleh Masyarakat dan Dunia Usaha'),(250, 'Dokumen', 43, 'Koordinasi, Sinkronisasi dan Pelaksanaan Pemberdayaan Perkumpulan Olahraga dan Penyelenggaraan Kompetisi oleh Satuan Pendidikan Dasar'),(251, 'Unit', 43, 'Koordinasi, Sinkronisasi dan Pelaksanaan Penyediaan Sarana dan Prasarana Olahraga Kabupaten/Kota'),(252, 'Dokumen', 44, 'Penyelenggaraan Kejuaraan Olahraga Multi Event dan Single Event Tingkat Kabupaten/Kota'),(253, 'Dokumen', 44, 'Penyelenggaraan Kejuaraan dan Pekan Olahraga Tingkat Kabupaten/Kota'),(254, 'Orang', 44, 'Partisipasi dan Keikutsertaan dalam Penyelenggaraan Kejuaraan'),(255, 'Orang', 45, 'Seleksi Atlet Daerah'),(256, 'Pelatda', 45, 'Pemusatan Latihan Daerah, Ilmu Pengetahuan dan Teknologi Keolahragaan (Sport Science)'),(257, 'Orang', 45, 'Pembinaan dan Pengembangan Atlet Berprestasi Kabupaten/Kota'),(258, 'Orang', 45, 'Pemberian Penghargaan Olahraga Kabupaten/Kota'),(259, 'Dokumen', 45, 'Koordinasi dan Sinkronisasi Penyediaan Data dan Informasi Sektoral Olahraga'),(260, 'Dokumen', 46, 'Standardisasi Organisasi Keolahragaan'),(261, 'Organisasi', 46, 'Pengembangan Organisasi Keolahragaan'),(262, 'Dokumen', 46, 'Peningkatan Kerja Sama Organisasi Keolahragaan Kabupaten/Kota dengan Lembaga Terkait'),(263, 'Organisasi', 46, 'Pemberian Penghargaan bagi Organisasi Keolahragaan Berprestasi'),(264, 'Dokumen', 47, 'Penyelenggaraan, Pengembangan dan Pemasalan Festival dan Olahraga Rekreasi'),(265, 'Laporan', 47, 'Pemberdayaan Perkumpulan Olahraga Rekreasi'),(266, 'Unit', 47, 'Penyediaan, Pengembangan dan Pemeliharaan Sarana dan Prasarana Olahraga Rekreasi'),(267, 'Dokumen', 47, 'Pengembangan Olahraga Wisata, Tantangan dan Petualangan'),(268, 'Dokumen', 47, 'Pemanfaatan Olahraga Tradisional dalam Masyarakat'),(269, 'Dokumen', 48, 'Koordinasi dan Sinkronisasi Penyediaan Data dan Informasi Kepramukaan Berbasis Elektronik'),(270, 'Organisasi', 48, 'Peningkatan Kapasitas Organisasi Kepramukaan Tingkat Daerah'),(271, 'Orang', 48, 'Pengembangan Kapasitas SDM Kepramukaan Tingkat Daerah'),(272, 'Unit', 48, 'Penyediaan Pusat Pendidikan dan Pelatihan Kepramukaan di Daerah Kabupaten/Kota'),(273, 'Laporan', 48, 'Penyelenggaraan Kegiatan Kepramukaan Tingkat Daerah'),(274, 'Unit', 48, 'Penyediaan Prasarana dan Sarana Kepramukaan Tingkat Daerah'),(275, 'Unit', 48, 'Perencanaan, Pengadaan, Pemanfaatan, Pemeliharaan, dan Pengawasan Prasarana dan Sarana Kepramukaan Tingkat Daerah'),(276, 'Organisasi', 48, 'Partisipasi dan Keikutsertaan dalam Kegiatan Kepramukaan'),(277, 'Objek', 49, 'Pelindungan, Pengembangan, Pemanfaatan Objek Pemajuan Kebudayaan'),(278, 'Orang', 49, 'Pembinaan Sumber Daya Manusia, Lembaga, dan Pranata Kebudayaan'),(279, 'Objek', 50, 'Pelindungan, Pengembangan, Pemanfaatan Objek Pemajuan Tradisi Budaya'),(280, 'Laporan', 50, 'Pembinaan Sumber Daya Manusia, Lembaga, dan Pranata Tradisional'),(281, 'Sertifikat', 50, 'Pemberian Penghargaan kepada Pihak yang Berprestasi atau Berkontribusi Luar Biasa Sesuai dengan Prestasi dan Kontribusinya dalam Pemajuan Kebudayaan'),(282, 'Objek', 51, 'Pelindungan, Pengembangan, Pemanfaatan Objek Pemajuan Lembaga Adat'),(283, 'Orang', 51, 'Pembinaan Sumber Daya Manusia, Lembaga, dan Pranata Adat'),(284, 'Unit', 51, 'Penyediaan Sarana dan Prasarana Pembinaan Lembaga Adat'),(285, 'Orang', 52, 'Peningkatan Pendidikan dan Pelatihan Sumber Daya Manusia Kesenian Tradisional'),(286, 'Sertifikat', 52, 'Standardisasi dan Sertifikasi Sumber Daya Manusia Kesenian Tradisional Sesuai dengan Kebutuhan dan Tuntutan'),(287, 'Lembaga', 52, 'Peningkatan Kapasitas Tata Kelola Lembaga Kesenian Tradisional'),(288, 'Orang', 53, 'Pemberdayaan Sumber Daya Manusia dan Lembaga Sejarah Lokal Kabupaten/Kota'),(289, 'Unit', 53, 'Penyediaan Sarana dan Prasarana Pembinaan Sejarah'),(290, 'Dokumen', 53, 'Peningkatan Akses Masyarakat Terhadap Data dan Informasi Sejarah'),(291, 'Objek', 54, 'Pendaftaran Objek Diduga Cagar Budaya'),(292, 'Objek', 54, 'Penetapan Cagar Budaya'),(293, 'Objek', 55, 'Pelindungan Cagar Budaya'),(294, 'Objek', 55, 'Pengembangan Cagar Budaya'),(295, 'Objek', 55, 'Pemanfaatan Cagar Budaya'),(296, 'Objek', 56, 'Penerbitan Izin Membawa Cagar Budaya ke Luar Daerah Kabupaten/Kota dalam 1 (Satu) Daerah Kabupaten/Kota'),(297, 'Laporan', 56, 'Evaluasi dan Pengawasan Cagar Budaya ke Luar Daerah Kabupaten/Kota dalam 1 (Satu) Daerah Kabupaten/Kota'),(298, 'Unit', 57, 'Pelindungan, Pengembangan, dan Pemanfaatan Koleksi Secara Terpadu'),(299, 'Orang', 57, 'Pembinaan dan Peningkatan Mutu dan Kapasitas Sumber Daya Manusia Permuseuman'),(300, 'Unit', 57, 'Peningkatan Pelayanan dan Akses Masyarakat Terhadap Museum'),(301, 'Unit', 57, 'Penyediaan dan Pemeliharaan Sarana dan Prasarana Museum'),(302, 'Unit', 57, 'Revitalisasi Sarana dan Prasarana Museum'),(303, 'Laporan', 58, 'Pembinaan Adat Seumapa/Narit Maja, Meunasib dan Tarian Tradisional'),(304, 'Lembaga', 58, 'Pemasyarakatan Adat Do Da Idi'),(305, 'Orang', 58, 'Sosialisasi Adat Istiadat'),(306, 'Keluarga', 58, 'Pembinaan Keluarga Meuadab dan Adat Perkawinan'),(307, 'Buku', 58, 'Pengadaan Buku-Buku tentang Adat Aceh'),(308, 'Dokumen', 58, 'Publikasi Adat dan Adat Istiadat Melalui Media Luar Ruang'),(309, 'Orang', 59, 'Penguatan Peradilan Adat'),(310, 'Dokumen', 59, 'Rapat Koordinasi/Evaluasi Pelaksanaan Peradilan Adat dan Perpolisian Masyarakat (Polmas)'),(311, 'Laporan', 59, 'Pembinaan Mediasi Adat'),(312, 'Orang', 59, 'Sosialisasi Hukum Adat dan Lembaga Adat'),(313, 'Orang', 60, 'Pembinaan Kapasitas MAA'),(314, 'Orang', 60, 'Pelatihan Pemberdayaan Kelembagaan Adat'),(315, 'Dokumen', 60, 'Rapat Kerja MAA'),(316, 'Eksemplar', 60, 'Penerbitan Majalah dan Buku tentang Adat dan Adat Istiadat'),(317, 'Orang', 60, 'Pembinaan Pemuda Pelopor Adat'),(318, 'Kasus', 60, 'Pendataan dan Dokumentasi Sengketa Adat'),(319, 'Unit', 60, 'Pengadaan Pakaian dan Perlengkapan Adat'),(320, 'Dokumen', 61, 'Pembinaan dan Pengembangan Kesejarahan'),(321, 'Laporan', 61, 'Pembinaan, Pengembangan Bahasa dan Sastra'),(322, 'Unit', 61, 'Pembinaan dan Pengelolaan Permuseuman'),(323, 'Objek', 62, 'Tata Kelola Cagar Budaya dan Warisan Budaya'),(324, 'Objek', 62, 'Pengembangan Cagar Budaya dan Warisan Budaya'),(325, 'Objek', 62, 'Nominasi Warisan Budaya Nasional dan Dunia'),(326, 'Objek', 63, 'Pengelolaan dan Pengembangan Taman Budaya Kabupaten/Kota'),(327, 'Unit', 64, 'Pengadaan Sarana dan Prasarana Budaya'),(328, 'Objek', 64, 'Pembangunan Ekosistem Kultural DIY Berbasis Digital'),(329, 'Unit', 64, 'Pengadaan Sarana Publikasi dan Penanda Keistimewaan'),(330, 'Unit', 64, 'Pengadaan Sarana dan Prasarana Lembaga Budaya'),(331, 'Dokumen', 65, 'Perencanaan Program dan Kegiatan Urusan Kebudayaan'),(332, 'Laporan', 65, 'Monitoring dan Evaluasi Program dan Kegiatan Urusan Kebudayaan'),(333, 'Dokumen', 65, 'Membangun Kemitraan dengan Lembaga Pelestari Budaya'),(334, 'Laporan', 66, 'Pengembangan Lumbung Mataraman'),(335, 'Objek', 66, 'Pengembangan Atraksi Wisata Budaya'),(336, 'Unit', 66, 'Pengembangan Industri Kreatif'),(337, 'Unit', 66, 'Peningkatan Pelayanan Kesehatan Tradisional'),(338, 'Objek', 66, 'Pengembangan Budaya Bahari'),(339, 'Objek', 66, 'Pengembangan Wana Wisata Budaya Mataram'),(340, 'Dokumen', 66, 'Pengembangan Sistem Pertanian Tradisional'),(341, 'Laporan', 67, 'Pembinaan dan Pengembangan Rintisan Desa dan Kantong Budaya'),(342, 'Lembaga', 67, 'Pembinaan Lembaga Penggiat Seni'),(343, 'Laporan', 67, 'Misi Kebudayaan ke Dalam dan Luar Negeri dalam rangka Diplomasi Budaya'),(344, 'Orang', 67, 'Penghargaan Seniman dan Budayawan'),(345, 'Laporan', 67, 'Festival Kebudayaan Yogyakarta'),(346, 'Laporan', 67, 'Gelar Budaya Jogja'),(347, 'Dokumen', 67, 'Publikasi Seni dan Budaya Daerah'),(348, 'Orang', 67, 'Pembinaan Penghayat Kepercayaan, Adat dan Tradisi'),(349, 'Laporan', 67, 'Pengembangan dan Implementasi Nilai-Nilai Luhur dalam Masyarakat'),(350, 'Laporan', 67, 'Penyelenggaraan Event Penggiat Seni'),(351, 'Laporan', 67, 'Pembinaan Kelembagaan Adat dan Tradisi'),(352, 'Orang', 67, 'Pembinaan Jagawarga'),(353, 'Laporan', 67, 'Pengembangan Kewirausahaan Desa'),(354, 'Lembaga', 67, 'Peningkatan Lembaga Wisata Budaya'),(355, 'Orang', 67, 'Pengembangan Ekonomi Perempuan'),(356, 'Laporan', 67, 'Pengelolaan dan Pengembangan Museum Gunung Api Merapi'),(357, 'Laporan', 67, 'Peningkatan Kapasitas SDM dan Kelembagaan Desa'),(358, 'Dokumen', 67, 'Pembangunan Ketahanan Sosial Budaya'),(359, 'Laporan', 68, 'Pembinaan Muatan Lokal'),(360, 'Unit', 68, 'Sarana dan Prasarana Pendidikan Urusan Keistimewaan'),(361, 'Orang', 68, 'Kependidikan Kepramukaan'),(362, 'Layanan', 69, 'Pengembangan dan Pemeliharaan Layanan Perpustakaan Elektronik'),(363, 'Perpustakaan', 69, 'Pengembangan Perpustakaan di Tingkat Daerah Kabupaten/Kota'),(364, 'Eksemplar', 69, 'Pengembangan Kekhasan Koleksi Perpustakaan Daerah Tingkat Daerah Kabupaten/Kota'),(365, 'Perpustakaan', 69, 'Pembinaan Perpustakaan pada Satuan Pendidikan Dasar di Seluruh Wilayah Kabupaten/Kota Sesuai dengan Standar Nasional Perpustakaan'),(366, 'Perpustakaan', 69, 'Pembinaan Perpustakaan Khusus Tingkat Kabupaten/Kota'),(367, 'Orang', 69, 'Peningkatan Kapasitas Tenaga Perpustakaan dan Pustakawan Tingkat Daerah Kabupaten/Kota'),(368, 'Layanan', 69, 'Pengembangan Layanan Perpustakaan Rujukan Tingkat Kabupaten/Kota'),(369, 'Eksemplar', 69, 'Pengembangan Bahan Pustaka'),(370, 'Eksemplar', 69, 'Pengelolaan dan Pengembangan Bahan Pustaka'),(371, 'Dokumen', 69, 'Penyusunan Data dan Informasi Perpustakaan, Tenaga Perpustakaan dan Pustakawan Tingkat Daerah Kabupaten/Kota'),(372, 'Lokus', 70, 'Sosialisasi Budaya Baca dan Literasi pada Satuan Pendidikan Dasar dan Pendidikan Khusus serta Masyarakat'),(373, 'Perpustakaan', 70, 'Pembangunan dan Pemeliharaan Sarana Perpustakaan di Tempat-Tempat Umum yang Menjadi Kewenangan Daerah Kabupaten/Kota'),(374, 'Orang', 70, 'Pemberian Penghargaan Gerakan Budaya Gemar Membaca'),(375, 'Perpustakaan', 70, 'Pengembangan Literasi Berbasis Inklusi Sosial'),(376, 'Orang', 70, 'Pemilihan Duta Baca Tingkat Daerah Kabupaten/Kota'),(377, 'Orang', 71, 'Peningkatan Peran Serta Masyarakat dalam Penyimpanan, Perawatan, Pelestarian, dan Pendaftaran Naskah Kuno'),(378, 'Eksemplar', 71, 'Pengembangan, Pengolahan dan Pengalihmediaan Naskah Kuno yang Dimiliki oleh Masyarakat untuk Dilestarikan dan Didayagunakan'),(379, 'Eksemplar', 72, 'Seleksi dan Pengadaan Koleksi Budaya Etnis Nusantara'),(380, 'Eksemplar', 72, 'Pengolahan dan Penyiangan Koleksi Budaya Etnis Nusantara'),(381, 'Orang', 73, 'Pengembangan Kapasitas Nelayan Kecil'),(382, 'Kelompok', 74, 'Pengembangan Kapasitas Pembudi Daya Ikan Kecil'),(383, 'Kelompok', 74, 'Pemberian Pendampingan, Kemudahaan Akses Ilmu Pengetahuan, Teknologi dan Informasi, serta Penyelenggaraan Pendidikan dan Pelatihan'),(384, 'Laporan', 75, 'Pemberdayaan Masyarakat dalam Pengelolaan Kawasan Strategis Pariwisata Kabupaten/Kota'),(385, 'Laporan', 76, 'Pemberdayaan Masyarakat dalam Pengelolaan Destinasi Pariwisata Kabupaten/Kota'),(386, 'Dokumen', 77, 'Pengembangan Pendidikan'),(387, 'Orang', 78, 'Pengembangan Kompetensi SDM Pariwisata dan Ekonomi Kreatif Tingkat Dasar'),(388, 'Orang', 78, 'Peningkatan Peran Serta Masyarakat dalam Pengembangan Kemitraan Pariwisata'),(389, 'Orang', 78, 'Pelatihan Dasar SDM Kepariwisataan bagi Masyarakat, Guru dan Pelajar (Mahasiswa dan/atau Siswa)'),(390, 'Orang', 78, 'Fasilitasi Pengembangan Kompetensi Sumber Daya Manusia Ekonomi Kreatif'),(391, 'Dokumen', 78, 'Monitoring dan Evaluasi Pengembangan Sumber Daya Pariwisata dan Ekonomi Kreatif'),(392, 'Orang', 79, 'Pelatihan, Bimbingan Teknis, dan Pendampingan Ekonomi Kreatif'),(393, 'Unit', 80, 'Pembentukan dan Penyelenggaraan Sekolah Lapang Kelompok Tani Tingkat Kabupaten/Kota'),(394, 'Kepala Keluarga', 81, 'Penyuluhan Transmigrasi'),(395, 'Orang', 81, 'Pelatihan Transmigrasi'),(396, 'Kepala Keluarga', 82, 'Penguatan SDM dalam rangka Kemandirian Satuan Pemukiman'),(397, 'Laporan', 83, 'Fasilitasi, Pelaksanaan dan Evaluasi Penelitian dan Pengembangan Bidang Penyelenggaraan Otonomi Daerah'),(398, 'Laporan', 83, 'Fasilitasi, Pelaksanaan dan Evaluasi Penelitian dan Pengembangan Bidang Pemerintahan Umum'),(399, 'Laporan', 83, 'Fasilitasi, Pelaksanaan dan Evaluasi Penelitian dan Pengembangan Bidang Kelembagaan dan Ketatalaksanaan'),(400, 'Laporan', 83, 'Fasilitasi, Pelaksanaan dan Evaluasi Penelitian dan Pengembangan Bidang Aparatur dan Reformasi Birokrasi'),(401, 'Laporan', 83, 'Fasilitasi, Pelaksanaan dan Evaluasi Penelitian dan Pengembangan Bidang Keuangan dan Aset Daerah, Reformasi Birokrasi'),(402, 'Laporan', 83, 'Fasilitasi, Pelaksanaan dan Evaluasi Penelitian dan Pengembangan Bidang Ketertiban dan Ketentraman Umum dan Perlindungan Masyarakat'),(403, 'Laporan', 83, 'Fasilitasi, Pelaksanaan dan Evaluasi Penelitian dan Pengembangan Bidang Penataan Kelembagaan Desa'),(404, 'Laporan', 83, 'Fasilitasi, Pelaksanaan dan Evaluasi Penelitian dan Pengembangan Bidang Ketatalaksanaan Desa'),(405, 'Laporan', 83, 'Fasilitasi, Pelaksanaan dan Evaluasi Penelitian dan Pengembangan Bidang Aparatur Desa'),(406, 'Laporan', 83, 'Fasilitasi, Pelaksanaan dan Evaluasi Penelitian dan Pengembangan Bidang Keuangan dan Aset Desa'),(407, 'Laporan', 83, 'Fasilitasi, Pelaksanaan dan Evaluasi Penelitian dan Pengembangan Bidang Badan Usaha Milik Desa'),(408, 'Laporan', 83, 'Pengelolaan Data Kelitbangan dan Peraturan'),(409, 'Rekomendasi', 83, 'Perumusan Rekomendasi atas Rencana Penetapan Peraturan Baru dan/atau Evaluasi Terhadap Pelaksanaan Peraturan'),(410, 'Laporan', 83, 'Fasilitasi dan Evaluasi Pelaksanaan Kegiatan Data dan Pengkajian Peraturan'),(411, 'Dokumen', 84, 'Penelitian dan Pengembangan Bidang Aspek- Aspek Sosial'),(412, 'Dokumen', 84, 'Penelitian dan Pengembangan Pemberdayaan Perempuan dan Perlindungan Anak'),(413, 'Dokumen', 84, 'Penelitian dan Pengembangan Pendidikan dan Kebudayaan'),(414, 'Dokumen', 84, 'Penelitian dan Pengembangan Kepemudaan dan Olahraga'),(415, 'Dokumen', 84, 'Penelitian dan Pengembangan Pariwisata'),(416, 'Dokumen', 84, 'Penelitian dan Pengembangan Kesehatan'),(417, 'Dokumen', 84, 'Penelitian dan Pengembangan Pengendalian Penduduk dan Keluarga Berencana'),(418, 'Dokumen', 84, 'Penelitian dan Pengembangan Administrasi Kependudukan dan Pencatatan Sipil'),(419, 'Dokumen', 84, 'Penelitian dan Pengembangan Tenaga Kerja'),(420, 'Dokumen', 84, 'Penelitian dan Pengembangan Partisipasi Masyarakat'),(421, 'Dokumen', 84, 'Penelitian dan Pengembangan Transmigrasi'),(422, 'Dokumen', 85, 'Penelitian dan Pengembangan Koperasi, Usaha Kecil dan Menengah'),(423, 'Dokumen', 85, 'Penelitian dan Pengembangan Perindustrian dan Perdagangan'),(424, 'Dokumen', 85, 'Penelitian dan Pengembangan Badan Usaha Milik Daerah'),(425, 'Dokumen', 85, 'Penelitian dan Pengembangan Pertanian, Perkebunan dan Pangan'),(426, 'Dokumen', 85, 'Penelitian dan Pengembangan Kelautan dan Perikanan'),(427, 'Dokumen', 85, 'Penelitian dan Pengembangan Lingkungan Hidup'),(428, 'Dokumen', 85, 'Penelitian dan Pengembangan Kehutanan'),(429, 'Dokumen', 85, 'Penelitian dan Pengembangan Pekerjaan Umum'),(430, 'Dokumen', 85, 'Penelitian dan Pengembangan Perhubungan'),(431, 'Dokumen', 85, 'Penelitian dan Pengembangan Perumahan dan Kawasan Permukiman'),(432, 'Dokumen', 85, 'Penelitian dan Pengembangan Penataan Ruang dan Pertanahan'),(433, 'Dokumen', 85, 'Penelitian dan Pengembangan Komunikasi dan Informatika'),(434, 'Dokumen', 86, 'Penelitian, Pengembangan, dan Perekayasaan di Bidang Teknologi dan Inovasi'),(435, 'Laporan', 86, 'Uji Coba dan Penerapan Rancang Bangun/Model Replikasi dan Invensi di Bidang Difusi Inovasi dan Penerapan Teknologi'),(436, 'Laporan', 86, 'Fasilitasi Hak Kekayaan Intelektual'),(437, 'Orang', 87, 'Pelatihan Mawaris'),(438, 'Orang', 87, 'TOT Modul Wawasan Keislaman bagi Guru Sekolah Menengah Pertama/Sekolah Menengah Atas'),(439, 'Orang', 87, 'Pembinaan dan Peningkatan Kapasitas Tokoh Masyarakat dalam Pelaksanaan Syariat Islam'),(440, 'Orang', 87, 'Peningkatan Kapasitas Tenaga Hisab dan Ru''''yat'),(441, 'Orang', 87, 'Seminar Problematika Syariat Islam'),(442, 'Orang', 87, 'Pembinaan Mental Spritual Siswa/Siswi Sekolah Menengah Atas Sederajat'),(443, 'Lembaga', 88, 'Pembinaan Kelembagaan Tilawatil Quran'),(444, 'Orang', 88, 'Peningkatan Kualitas Tenaga Pelatihan/Juri Tilawatil Quran'),(445, 'Orang', 88, 'Pembinaan Imam Hafidz pada Masjid'),(446, 'Orang', 88, 'Pelaksanaan MTQ'),(447, 'Orang', 88, 'Pelatihan/Training Center Peserta MTQ/STQ Tingkat Nasional'),(448, 'Orang', 88, 'Pemberangkatan Kafilah Mengikuti MTQ/STQ Tingkat Nasional dan Internasional'),(449, 'Dokumen', 89, 'Working Group Penyelesaian Permasalahan Syariat Islam'),(450, 'Dokumen', 90, 'Peningkatan Kualitas Dakwah dan Penyemarakan Syariat Islam'),(451, 'Orang', 90, 'Pembinaan Dai Perbatasan dan Daerah Terpencil'),(452, 'Orang', 90, 'Pembinaan dan Peningkatan Kualitas Dai dan Koordinator Lapangan'),(453, 'Orang', 90, 'Pembinaan Warga Binaan Lembaga Pemasyarakatan'),(454, 'Orang', 90, 'Pelatihan Takmir Mesjid'),(455, 'Orang', 90, 'Pelaksanaan Cerdas Cermat Syariat Islam'),(456, 'Gampong', 90, 'Pembinaan Gampong Percontohan Syariat'),(457, 'Laporan', 90, 'Penyelenggaraan Pengajian di Gampong'),(458, 'Laporan', 91, 'Pemasyarakatan dan Penyebaran Informasi Keislaman'),(459, 'Orang', 91, 'Pelatihan Peningkatan Kapasitas Imeum Masjid/Meunasah dalam Pelaksanaan Syariat Islam'),(460, 'Keluarga', 91, 'Pembinaan Keluarga Islami'),(461, 'Pelaku Ekonomi', 91, 'Pembinaan Pelaku Ekonomi Mikro/Kecil Berbasis Syariah'),(462, 'Orang', 91, 'Pelatihan Penyelenggaraan Fardu Kifayah/Tajhiz Mayat'),(463, 'Orang', 91, 'Pembinaan Badan Kemakmuran Masjid/Meunasah/ Mushalla'),(464, 'Orang', 91, 'Pembinaan Qari Qariah'),(465, 'Orang', 91, 'Pembinaan Hafizh Hafizhah'),(466, 'Beasiswa', 91, 'Pemberian Beasiswa bagi Qari/Hafidz'),(467, 'Dokumen', 92, 'Penyuluhan Regulasi Syariat Islam'),(468, 'Lembaga', 93, 'Pembinaan Kelembagaan Pendidikan dan Dakwah pada Masjid Agung Daerah'),(469, 'Orang', 93, 'Bimbingan Teknis Petugasan IT Masjid Agung Daerah'),(470, 'Orang', 93, 'Pelatihan Tutor Pendidikan Al-quran di Masjid Agung Daerah'),(471, 'Laporan', 94, 'Pembinaan Badan Otonom Majelis Permusyawaratan Ulama'),(472, 'Orang', 94, 'Pendidikan Kader Ulama'),(473, 'Dokumen', 94, 'Penterjemahan Kitab Berbahasa Arab dan Pengadaannya'),(474, 'Orang', 94, 'Nadwah/Mubahasah Ilmiah'),(475, 'Orang', 94, 'Sosialisasi Fatwa dan Hukum Islam'),(476, 'Laporan', 94, 'Kajian Pedoman Keagamaan'),(477, 'Orang', 94, 'Pendidikan Kader Ulama'),(478, 'Orang', 95, 'Lokakarya Ulama Umara Bidang Muamallah'),(479, 'Orang', 96, 'Sosialisasi dan Edukasi Kesadaran ZISWAF'),(480, 'Orang/Bulan', 97, 'Penyediaan Gaji dan Tunjangan ASN');
COMMIT;
BEGIN;
DELETE FROM "main"."dausg_dausgpukeg";
INSERT INTO "main"."dausg_dausgpukeg" ("id","dausgpukeg_nama","dausgpukeg_prog_id") VALUES (1, 'Pengelolaan SDA dan Bangunan Pengaman Pantai pada Wilayah Sungai (WS) dalam 1 (Satu) Daerah Kabupaten/Kota', 1),(2, 'Pengembangan dan Pengelolaan Sistem Irigasi Primer dan Sekunder pada Daerah Irigasi yang Luasnya di Bawah 1000 Ha dalam 1 (Satu) Daerah Kabupaten/Kota', 2),(3, 'Pengelolaan dan Pengembangan Sistem Penyediaan Air Minum (SPAM) di Daerah Kabupaten/Kota', 3),(4, 'Pengelolaan dan Pengembangan Sistem Air Limbah Domestik dalam Daerah Kabupaten/Kota', 4),(5, 'Penyelenggaraan Jalan Kabupaten/Kota', 5),(6, 'Pengembangan Sistem dan Pengelolaan Persampahan di Daerah Kabupaten/Kota', 6),(7, 'Pengelolaan dan Pengembangan Sistem Drainase yang Terhubung Langsung dengan Sungai dalam Daerah Kabupaten/Kota', 7),(8, 'Penyelenggaraan Infrastruktur pada Permukiman di Kawasan Strategis Daerah Kabupaten/Kota', 8),(9, 'Penyelenggaraan Bangunan Gedung di Wilayah Daerah Kabupaten/Kota, Pemberian Izin Mendirikan Bangunan (IMB) dan Sertifikat Laik Fungsi Bangunan Gedung', 9),(10, 'Penyelenggaraan Penataan Bangunan dan Lingkungannya di Daerah Kabupaten/Kota', 10);
COMMIT;
BEGIN;
DELETE FROM "main"."dausg_dausgpuprog";
INSERT INTO "main"."dausg_dausgpuprog" ("id","dausgpu_prog","dausgpu_dana_id") VALUES (1, 'Pengelolaan SDA dan Bangunan Pengaman Pantai pada Wilayah Sungai (WS) dalam 1 (Satu) Daerah Kabupaten/Kota', 18),(2, 'Pengembangan dan Pengelolaan Sistem Irigasi Primer dan Sekunder pada Daerah Irigasi yang Luasnya di Bawah 1000 Ha dalam 1 (Satu) Daerah Kabupaten/Kota', 18),(3, 'Pengelolaan dan Pengembangan Sistem Penyediaan Air Minum (SPAM) di Daerah Kabupaten/Kota', 18),(4, 'Pengelolaan dan Pengembangan Sistem Air Limbah Domestik dalam Daerah Kabupaten/Kota', 18),(5, 'Penyelenggaraan Jalan Kabupaten/Kota', 18),(6, 'Pengembangan Sistem dan Pengelolaan Persampahan di Daerah Kabupaten/Kota', 18),(7, 'Pengelolaan dan Pengembangan Sistem Drainase yang Terhubung Langsung dengan Sungai dalam Daerah Kabupaten/Kota', 18),(8, 'Penyelenggaraan Infrastruktur pada Permukiman di Kawasan Strategis Daerah Kabupaten/Kota', 18),(9, 'Penyelenggaraan Bangunan Gedung di Wilayah Daerah Kabupaten/Kota, Pemberian Izin Mendirikan Bangunan (IMB) dan Sertifikat Laik Fungsi Bangunan Gedung', 18),(10, 'Penyelenggaraan Penataan Bangunan dan Lingkungannya di Daerah Kabupaten/Kota', 18);
COMMIT;
BEGIN;
DELETE FROM "main"."dausg_dausgpusub";
INSERT INTO "main"."dausg_dausgpusub" ("id","dausgpusub_satuan","dausgpusub_keg_id","dausgpusub_nama") VALUES (1, 'Dokumen', 1, 'Penyusunan Rencana Teknis dan Dokumen Lingkungan Hidup untuk Konstruksi Bendungan, Embung, dan Bangunan Penampung Air Lainnya'),(2, 'Dokumen', 1, 'Penyusunan Rencana Teknis dan Dokumen Lingkungan Hidup untuk Konstruksi Air Tanah dan Air Baku'),(3, 'Unit', 1, 'Pembangunan Embung dan Penampung Air Lainnya'),(4, 'Titik', 1, 'Pembangunan Sumur Air Tanah untuk Air Baku'),(5, 'KM', 1, 'Pembangunan Unit Air Baku'),(6, 'Unit', 1, 'Rehabilitasi Embung dan Penampungan Air Lainnya'),(7, 'Titik', 1, 'Rehabilitasi Sumur Air Tanah untuk Air Baku'),(8, 'KM', 1, 'Rehabilitasi Unit Air Baku'),(9, 'Unit', 1, 'Operasi dan Pemeliharaan Embung dan Penampung Air Lainnya'),(10, 'Titik', 1, 'Operasi dan Pemeliharaan Sumur Air Tanah untuk Air Baku'),(11, 'Unit', 1, 'Operasi dan Pemeliharaan Embung Air Baku'),(12, 'KM', 1, 'Operasi dan Pemeliharaan Unit Air Baku'),(13, 'Dokumen', 2, 'Penyusunan Rencana Teknis dan Dokumen Lingkungan Hidup untuk Konstruksi Irigasi dan Rawa'),(14, 'KM', 2, 'Rehabilitasi Jaringan Irigasi Permukaan'),(15, 'Bendung', 2, 'Rehabilitasi Bendung Irigasi'),(16, 'KM', 2, 'Rehabilitasi Jaringan Irigasi Rawa'),(17, 'KM', 2, 'Rehabilitasi Jaringan Irigasi Tambak'),(18, 'Titik', 2, 'Rehabilitasi Sumur Jaringan Irigasi Air Tanah'),(19, 'KM', 2, 'Rehabilitasi Jaringan Irigasi Air Tanah'),(20, 'KM', 2, 'Operasi dan Pemeliharaan Jaringan Irigasi Permukaan'),(21, 'Bendung', 2, 'Operasi dan Pemeliharaan Bendung Irigasi'),(22, 'KM', 2, 'Operasi dan Pemeliharaan Jaringan Irigasi Rawa'),(23, 'KM', 2, 'Operasi dan Pemeliharaan Jaringan Irigasi Tambak'),(24, 'Titik', 2, 'Operasi dan Pemeliharaan Sumur Jaringan Irigasi Air Tanah'),(25, 'KM', 2, 'Operasi dan Pemeliharaan Jaringan Irigasi Air Tanah'),(26, 'Dokumen', 3, 'Penyusunan Rencana, Kebijakan, Strategi dan Teknis SPAM'),(27, 'Dokumen', 3, 'Supervisi Pembangunan/Peningkatan/ Perluasan/Perbaikan SPAM'),(28, 'Liter/Detik', 3, 'Pembangunan SPAM Jaringan Perpipaan di Kawasan Perkotaan'),(29, 'SR', 3, 'Pembangunan SPAM Jaringan Perpipaan di Kawasan Perdesaan'),(30, 'Liter/Detik', 3, 'Peningkatan SPAM Jaringan Perpipaan di Kawasan Perkotaan'),(31, 'Liter/Detik', 3, 'Peningkatan SPAM Jaringan Perpipaan di Kawasan Perdesaan'),(32, 'SR', 3, 'Perluasan SPAM Jaringan Perpipaan di Kawasan Perkotaan'),(33, 'Unit', 3, 'Perbaikan SPAM Jaringan Perpipaan di Kawasan Perdesaan'),(34, 'Penyelenggara SPAM', 3, 'Pembinaan dan Pengawasan Terhadap Tarif Air Minum'),(35, 'Badan Usaha', 3, 'Pembinaan dan Pengawasan Terhadap Penyelenggaraan SPAM oleh Badan Usaha Untuk Kebutuhan Sendiri'),(36, 'Kelompok Masyarakat', 3, 'Pembinaan dan Pengawasan Terhadap Penyelenggaraan SPAM oleh Pemerintah Desa dan Kelompok Masyarakat'),(37, 'Unit', 3, 'Fasilitasi Penyiapan Kerja Sama SPAM'),(38, 'Penyelenggara SPAM', 3, 'Pengembangan SDM dan Kelembagaan Pengelolaan SPAM'),(39, 'Unit', 3, 'Operasi dan Pemeliharaan SPAM di Kawasan Perkotaan'),(40, 'Unit', 3, 'Operasi dan Pemeliharaan SPAM di Kawasan Perdesaan'),(41, 'Dokumen', 4, 'Penyusunan Rencana, Kebijakan, Strategi dan Teknis Sistem Pengelolaan Air Limbah Domestik dalam Daerah Kabupaten/Kota'),(42, 'Dokumen', 4, 'Supervisi Pembangunan/Rehabilitasi/ Peningkatan/Perluasan Sistem Pengelolaan Air Limbah Domestik Terpusat Skala Kota'),(43, 'Rumah Tangga', 4, 'Pembangunan/Penyediaan Sistem Pengelolaan Air Limbah Terpusat Skala Kota'),(44, 'Rumah Tangga', 4, 'Rehabilitasi/Peningkatan/Perluasan Sistem Pengelolaan Air Limbah Domestik Terpusat Skala Kota'),(45, 'Rumah Tangga', 4, 'Rehabilitasi/Peningkatan/Perluasan Sistem Pengelolaan Air Limbah Domestik Terpusat Skala Permukiman'),(46, 'Rumah Tangga', 4, 'Pembangunan/Penyediaan Sub Sistem Pengolahan Setempat'),(47, 'Orang', 4, 'Pembinaan Teknik Pengelolaan Air Limbah Domestik'),(48, 'Kelompok', 4, 'Sosialisasi dan Pemberdayaan Masyarakat terkait Penyediaan Sistem Pengelolaan Air Limbah Domestik'),(49, 'Orang', 4, 'Pengembangan SDM dan Kelembagaan Pengelolaan Air Limbah Domestik'),(50, 'Unit', 4, 'Operasi dan Pemeliharaan Sistem Pengelolaan Air Limbah Domestik'),(51, 'Dokumen', 4, 'Supervisi Pembangunan/Rehabilitasi /Peningkatan/Perluasan Sistem Pengelolaan Air Limbah Domestik Terpusat Skala Permukiman'),(52, 'Rumah Tangga', 4, 'Pembangunan/Penyediaan Sistem Pengelolaan Air Limbah Terpusat Skala Permukiman'),(53, 'Unit', 4, 'Penyediaan Sarana Pengangkutan Lumpur Tinja'),(54, 'M3/Hari', 4, 'Pembangunan/Penyediaan Sarana dan Prasarana IPLT'),(55, 'M3/Hari', 4, 'Rehabilitasi/Peningkatan/Perluasan Sarana dan Prasarana IPLT'),(56, 'Dokumen', 4, 'Supervisi Pembangunan/Rehabilitasi/ Peningkatan/Perluasan Sarana dan Prasarana IPLT'),(57, 'M', 5, 'Pembebasan Lahan/Tanah untuk Penyelenggaraan Jalan'),(58, 'Dokumen', 5, 'Pengelolaan Leger Jalan'),(59, 'Dokumen', 5, 'Survey Kondisi Jalan/Jembatan'),(60, 'KM', 5, 'Pembangunan Jalan'),(61, 'KM', 5, 'Pelebaran Jalan Menuju Standar'),(62, 'KM', 5, 'Pelebaran Jalan Menambah Lajur'),(63, 'KM', 5, 'Rekonstruksi Jalan'),(64, 'KM', 5, 'Rehabilitasi Jalan'),(65, 'KM', 5, 'Pemeliharaan Berkala Jalan'),(66, 'KM', 5, 'Pemeliharaan Rutin Jalan'),(67, 'M', 5, 'Pembangunan Jembatan'),(68, 'M', 5, 'Pembangunan Flyover'),(69, 'M', 5, 'Pembangunan Underpass'),(70, 'M', 5, 'Pembangunan Terowongan/Tunnel'),(71, 'M', 5, 'Penggantian Jembatan'),(72, 'M', 5, 'Pelebaran Jembatan'),(73, 'M', 5, 'Rehabilitasi Jembatan'),(74, 'M', 5, 'Pemeliharaan Rutin Jembatan'),(75, 'Dokumen', 1, 'Penyusunan Rencana Teknis dan Dokumen Lingkungan Hidup untuk Konstruksi Pengendali Banjir, Lahar, Drainase Utama Perkotaan dan Pengaman Pantai'),(76, 'Dokumen', 1, 'Penyusunan Pola dan Rencana Pengelolaan SDA WS Kewenangan Kabupaten/Kota'),(77, 'Bendungan', 1, 'Pembangunan Bendungan'),(78, 'KM', 1, 'Pembangunan Tanggul Sungai'),(79, 'KM', 1, 'Pembangunan Bangunan Perkuatan Tebing'),(80, 'Unit', 1, 'Pembangunan Pintu Air/Bendung Pengendali Banjir'),(81, 'KM', 1, 'Pembangunan Kanal Banjir'),(82, 'Unit', 1, 'Pembangunan Stasiun Pompa Banjir'),(83, 'Unit', 1, 'Pembangunan Polder/Kolam Retensi'),(84, 'Unit', 1, 'Pembangunan Bangunan Sabo'),(85, 'Unit', 1, 'Pembangunan Check Dam'),(86, 'KM', 1, 'Pembangunan Breakwater'),(87, 'KM', 1, 'Pembangunan Seawall dan Bangunan Pengaman Pantai Lainnya'),(88, 'Unit', 1, 'Pembangunan Flood Forecasting And Warning System (FFWS)'),(89, 'Bendungan', 1, 'Rehabilitasi Bendungan'),(90, 'KM', 1, 'Rehabilitasi Tanggul Sungai'),(91, 'KM', 1, 'Rehabilitasi Bangunan Perkuatan Tebing'),(92, 'Unit', 1, 'Rehabilitasi Pintu Air/Bendung Pengendali Banjir'),(93, 'KM', 1, 'Rehabilitasi Kanal Banjir'),(94, 'Unit', 1, 'Rehabilitasi Stasiun Pompa Banjir'),(95, 'Unit', 1, 'Rehabilitasi Polder/Kolam Retensi'),(96, 'Unit', 1, 'Rehabilitasi Bangunan Sabo'),(97, 'Unit', 1, 'Rehabilitasi Check Dam'),(98, 'KM', 1, 'Rehabilitasi Breakwater'),(99, 'KM', 1, 'Rehabilitasi Seawall dan Bangunan Pengaman Pantai Lainnya'),(100, 'KM', 1, 'Peningkatan Tanggul Sungai'),(101, 'KM', 1, 'Peningkatan Bangunan Perkuatan Tebing'),(102, 'Unit', 1, 'Peningkatan Pintu Air/Bendung Pengendali Banjir'),(103, 'KM', 1, 'Peningkatan Kanal Banjir'),(104, 'Unit', 1, 'Peningkatan Stasiun Pompa Banjir'),(105, 'Unit', 1, 'Peningkatan Polder/Kolam Retensi'),(106, 'Unit', 1, 'Peningkatan Bangunan Sabo'),(107, 'Unit', 1, 'Peningkatan Check Dam'),(108, 'KM', 1, 'Peningkatan Breakwater'),(109, 'KM', 1, 'Peningkatan Seawall dan Bangunan Pengaman Pantai Lainnya'),(110, 'Unit', 1, 'Peningkatan Flood Forecasting And Warning System (FFWS)'),(111, 'Unit', 1, 'Revitalisasi Danau'),(112, 'KM', 1, 'Normalisasi/Restorasi Sungai'),(113, 'Unit', 1, 'Pembangunan Infrastruktur untuk Melindungi Mata Air'),(114, 'Unit', 1, 'Operasi dan Pemeliharaan Bendungan'),(115, 'KM', 1, 'Operasi dan Pemeliharaan Tanggul dan Tebing Sungai'),(116, 'KM', 1, 'Operasi dan Pemeliharaan Kanal Banjir'),(117, 'Unit', 1, 'Operasi dan Pemeliharaan Stasiun Pompa Banjir'),(118, 'Unit', 1, 'Operasi dan Pemeliharaan Polder/Kolam Retensi'),(119, 'Unit', 1, 'Operasi dan Pemeliharaan Bangunan Sabo'),(120, 'Unit', 1, 'Operasi dan Pemeliharaan Check Dam'),(121, 'KM', 1, 'Operasi dan Pemeliharaan Breakwater/Seawall dan Bangunan Pengaman Pantai Lainnya'),(122, 'Dokumen', 1, 'Pengelolaan Hidrologi dan Kualitas Air WS Kewenangan Kabupaten/Kota'),(123, 'Orang', 1, 'Pembinaan dan Pemberdayaan Kelembagaan Pengelolaan SDA Kewenangan Kabupaten/Kota'),(124, 'Dokumen', 1, 'Evaluasi dan Rekomendasi Teknis (Rekomtek) Pemanfaatan SDA WS Kewenangan Kabupaten/Kota'),(125, 'Orang', 1, 'Koordinasi dan Sinkronisasi Peningkatan Kapasitas Kelembagaan Pengelolaan SDA Kewenangan Kabupaten/Kota'),(126, 'Unit', 1, 'Operasi dan Pemeliharaan Danau'),(127, 'KM', 1, 'Operasi dan Pemeliharaan Sungai'),(128, 'Unit', 1, 'Operasi dan Pemeliharaan Infrastruktur untuk Melindungi Mata Air'),(129, 'KM', 2, 'Pembangunan Jaringan Irigasi Permukaan'),(130, 'Bendung', 2, 'Pembangunan Bendung Irigasi'),(131, 'KM', 2, 'Pembangunan Jaringan Irigasi Rawa'),(132, 'KM', 2, 'Pembangunan Jaringan Irigasi Tambak'),(133, 'Titik', 2, 'Pembangunan Sumur Jaringan Irigasi Air Tanah'),(134, 'KM', 2, 'Pembangunan Jaringan Irigasi Air Tanah'),(135, 'KM', 2, 'Peningkatan Jaringan Irigasi Permukaan'),(136, 'Bendung', 2, 'Peningkatan Bendung Irigasi'),(137, 'KM', 2, 'Peningkatan Jaringan Irigasi Rawa'),(138, 'KM', 2, 'Peningkatan Jaringan Irigasi Tambak'),(139, 'Titik', 2, 'Peningkatan Sumur Jaringan Irigasi Air Tanah'),(140, 'KM', 2, 'Peningkatan Jaringan Irigasi Air Tanah'),(141, 'Kawasan', 2, 'Koordinasi, Sinkronisasi dan Pelaksanaan Konservasi Kawasan Rawa'),(142, 'Unit', 2, 'Operasional Unit Pengelola Irigasi'),(143, 'DI', 2, 'Pengelolaan dan Pengawasan Alokasi Air Irigasi'),(144, 'Kawasan', 2, 'Koordinasi, Sinkronisasi dan Pelaksanaan Pemeliharaan Kawasan Rawa'),(145, 'Unit', 3, 'Pembinaan dan Pengawasan Terhadap Pelaksanaan Kerja Sama SPAM'),(146, 'Rumah Tangga', 3, 'Pembangunan Baru SPAM Bukan Jaringan Perpipaan di Kawasan Perdesaan'),(147, 'Unit', 3, 'Peningkatan SPAM Bukan Jaringan Perpipaan di Kawasan Perdesaan'),(148, 'SR', 3, 'Perluasan SPAM Jaringan Perpipaan di Kawasan Perdesaan'),(149, 'Unit', 3, 'Perbaikan SPAM Jaringan Perpipaan di Kawasan Perkotaan'),(150, 'Unit', 3, 'Perbaikan SPAM Bukan Jaringan Perpipaan di Kawasan Perdesaan'),(151, 'Dokumen', 6, 'Penyusunan Rencana, Kebijakan, Strategi, dan Teknis Sistem Pengelolaan Persampahan TPA/TPST/SPA/TPS-3R/TPS Kewenangan Kabupaten/Kota'),(152, 'Dokumen', 6, 'Supervisi Pembangunan/Rehabilitasi/ Peningkatan TPA/TPST/SPA/TPS-3R/TPS Kewenangan Kabupaten/Kota'),(153, 'Rumah Tangga', 6, 'Pembangunan TPA/TPST/SPA/TPS-3R/TPS'),(154, 'Unit', 6, 'Rehabilitasi TPA/TPST/SPA/TPS-3R/TPS'),(155, 'Rumah Tangga', 6, 'Peningkatan TPA/TPST/SPA/TPS-3R/TPS'),(156, 'Unit', 6, 'Penyediaan Sarana Persampahan'),(157, 'Orang', 6, 'Pembinaan Teknik Pengelolaan Infrastruktur Persampahan'),(158, 'Kelompok', 6, 'Sosialisasi dan Pemberdayaan Masyarakat dalam rangka Penyediaan Sarana TPA/TPST/SPA/TPS- 3R/TPS'),(159, 'Rumah Tangga', 4, 'Penyediaan Jasa Penyedotan Lumpur Tinja'),(160, 'Dokumen', 7, 'Penyusunan Rencana, Kebijakan, Strategi dan Teknis Sistem Drainase Perkotaan'),(161, 'Dokumen', 7, 'Penyusunan Outline Plan pada Kawasan Genangan'),(162, 'Dokumen', 7, 'Supervisi Pembangunan/Peningkatan/ Rehabilitasi Sistem Drainase Perkotaan'),(163, 'Orang', 7, 'Pembinaan Teknik Sistem Drainase Perkotaan'),(164, 'M', 7, 'Pembangunan Sistem Drainase Perkotaan'),(165, 'M', 7, 'Peningkatan Saluran Drainase Perkotaan'),(166, 'M', 7, 'Rehabilitasi Saluran Drainase Perkotaan'),(167, 'Unit', 7, 'Penyediaan Sarana Sistem Drainase Perkotaan'),(168, 'M', 7, 'Operasi dan Pemeliharaan Sistem Drainase'),(169, 'Dokumen', 7, 'Supervisi Pembangunan/Peningkatan/ Rehabilitasi Sistem Drainase Lingkungan'),(170, 'Orang', 7, 'Pembinaan Teknik Sistem Drainase Lingkungan'),(171, 'M', 7, 'Pembangunan Sistem Drainase Lingkungan'),(172, 'M', 7, 'Peningkatan Saluran Drainase Lingkungan'),(173, 'M', 7, 'Rehabilitasi Saluran Drainase Lingkungan'),(174, 'Unit', 7, 'Penyediaan Sarana Sistem Drainase Lingkungan'),(175, 'Dokumen', 7, 'Penyusunan Rencana, Kebijakan, Strategi dan Teknis Sistem Drainase Lingkungan'),(176, 'Sistem Jaringan', 8, 'Pembangunan dan Pengembangan Infrastruktur Kawasan Permukiman di Kawasan Strategis Daerah Kabupaten/Kota'),(177, 'Sistem Jaringan', 8, 'Pemanfaatan dan Pemeliharaan Infrastruktur Kawasan Permukiman di Kawasan Strategis Daerah Kabupaten/Kota'),(178, 'Sistem Jaringan', 8, 'Pengawasan dan Pengendalian Infrastruktur Kawasan Permukiman di Kawasan Strategis Daerah Kabupaten/Kota'),(179, 'Orang', 8, 'Pembinaan Penyelenggaraan Infrastruktur Kawasan Permukiman di Kawasan Strategis Daerah Kabupaten/Kota'),(180, 'Dokumen', 9, 'Penyelenggaraan Penerbitan Izin Mendirikan Bangunan (IMB), Sertifikat Laik Fungsi (SLF), Peran Tenaga Ahli Bangunan Gedung (TABG), Pendataan Bangunan Gedung, serta Implementasi SIMBG'),(181, 'Dokumen', 9, 'Perencanaan, Pembangunan, Pengawasan, dan Pemanfaatan Bangunan Gedung Daerah Kabupaten/Kota'),(182, 'Dokumen', 9, 'Penyusunan Regulasi Terkait Bangunan Gedung Kabupaten/Kota'),(183, 'Dokumen', 9, 'Bantuan Teknis Pembangunan Bangunan Gedung Negara Daerah Kabupaten/Kota'),(184, 'Dokumen', 9, 'Monitoring dan Evaluasi Penyelenggaraan Bangunan Gedung Negara Daerah Kabupaten/Kota'),(185, 'Unit', 9, 'Identifikasi, Penetapan, Penyelenggaraan Bangunan Gedung Cagar Budaya yang Dilestarikan Milik Pemerintah Kabupaten/Kota'),(186, 'Pengelola', 9, 'Bantuan Teknis bagi Masyarakat Pemilik Bangunan Gedung Cagar Budaya yang Ditetapkan Tingkat Kabupaten/Kota'),(187, 'Pengelola', 9, 'Pemberian Kompensasi, Insentif dan Disinsentif kepada Pemilik, Pengguna, dan/atau Pengelola Bangunan Gedung Cagar Budaya Daerah Kabupaten/Kota'),(188, 'Unit', 9, 'Penilikan Terhadap Penyelenggaraan Bangunan Gedung oleh Penilik Bangunan'),(189, 'Unit', 9, 'Pendaftaran Huruf Daftar Nomor (HDNo) Bangunan Gedung Negara'),(190, 'Unit', 9, 'Pemeriksaan Kelaikan Fungsi Rumah Tinggal Tunggal dan Rumah Deret dalam rangka Penerbitan Sertifikat Laik Fungsi'),(191, 'Unit', 9, 'Rehabilitasi, Renovasi dan Ubahsuai Bangunan Gedung untuk Kepentingan Strategis Daerah Kabupaten/Kota'),(192, 'Unit', 9, 'Pemeliharaan dan Perawatan Bangunan Gedung Daerah Kabupaten/Kota'),(193, 'Dokumen', 10, 'Penyusunan Rencana, Kebijakan, Strategi dan Teknis Sistem Penataan Bangunan dan Lingkungan di Kabupaten/Kota'),(194, 'Kawasan', 10, 'Supervisi Penataan/Pemeliharaan Bangunan dan Lingkungan'),(195, 'Kawasan', 10, 'Penataan Bangunan dan Lingkungan'),(196, 'Kawasan', 10, 'Pemeliharaan Bangunan dan Lingkungan'),(197, 'Orang', 10, 'Pemberdayaan Masyarakat dalam Penataan Bangunan dan Lingkungan'),(198, 'Dokumen', 10, 'Monitoring Penataan/Pemeliharaan Bangunan dan Lingkungan'),(199, 'Dokumen', 5, 'Penyusunan Rencana, Kebijakan, dan Strategi Pengembangan Jaringan Jalan serta Perencanaan Teknis Penyelenggaraan Jalan dan Jembatan'),(200, 'M', 5, 'Pemeliharaan Berkala Jembatan'),(201, 'KM', 5, 'Penanggulangan Bencana/Tanggap Darurat'),(202, 'Dokumen', 5, 'Pemantauan dan Evaluasi Penyelenggaraan Jalan/Jembatan'),(203, 'Dokumen', 5, 'Pengawasan Teknis Penyelenggaraan Jalan/Jembatan'),(204, 'KM', 5, 'Pembangunan Jalan Strategis Desa'),(205, 'KM', 5, 'Rekonstruksi Jalan Strategis Desa'),(206, 'Unit', 5, 'Pembangunan Jembatan Gantung'),(207, 'Unit', 5, 'Penggantian/Rehabilitasi Jembatan Gantung');
COMMIT;
BEGIN;
DELETE FROM "main"."django_admin_log";
INSERT INTO "main"."django_admin_log" ("id","object_id","object_repr","action_flag","change_message","content_type_id","user_id","action_time") VALUES (1, 1, 'Tahap 1/ Triwulan 1/ Semester 1', 1, '[{"added": {}}]', 18, 1, '2024-07-12 13:23:32.715776'),(2, 2, 'Tahap 2/ Triwulan 2/ Semester 2', 1, '[{"added": {}}]', 18, 1, '2024-07-12 13:23:48.670725'),(3, 3, 'Tahap 3/ Triwulan 3', 1, '[{"added": {}}]', 18, 1, '2024-07-12 13:24:01.787405'),(4, 4, 'Tahap 4/ Triwulan 4', 1, '[{"added": {}}]', 18, 1, '2024-07-12 13:24:16.166397');
COMMIT;
BEGIN;
DELETE FROM "main"."django_content_type";
INSERT INTO "main"."django_content_type" ("id","app_label","model") VALUES (1, 'admin', 'logentry'),(2, 'auth', 'permission'),(3, 'auth', 'group'),(4, 'auth', 'user'),(5, 'contenttypes', 'contenttype'),(6, 'sessions', 'session'),(7, 'dashboard', 'level'),(8, 'dashboard', 'menu'),(9, 'dashboard', 'userlevel'),(10, 'dashboard', 'submenu'),(11, 'dashboard', 'levelsub'),(12, 'opd', 'opd'),(13, 'opd', 'subopd'),(14, 'dana', 'dana'),(15, 'dana', 'kegiatan'),(16, 'dana', 'program'),(17, 'dana', 'subkegiatan'),(18, 'dana', 'tahapdana'),(19, 'dana', 'subrinc'),(20, 'dausg', 'dankelkeg'),(21, 'dausg', 'dausgkesehatankeg'),(22, 'dausg', 'dausgpendidikankeg'),(23, 'dausg', 'dausgpukeg'),(24, 'dausg', 'dausgpusub'),(25, 'dausg', 'dausgpuprog'),(26, 'dausg', 'dausgpendidikansub'),(27, 'dausg', 'dausgpendidikanprog'),(28, 'dausg', 'dausgkesehatansub'),(29, 'dausg', 'dausgkesehatanprog'),(30, 'dausg', 'dankelsub'),(31, 'dausg', 'dankelprog'),(32, 'penerimaan', 'penerimaan'),(33, 'penerimaan', 'distribusipenerimaan'),(34, 'dankel', 'rencdankelsisa'),(35, 'dankel', 'rencdankel'),(36, 'dankel', 'realisasidankel'),(37, 'pagu', 'pagudausg'),(38, 'dankel', 'realisasidankelsisa'),(39, 'dankel', 'rencdankeljadwal'),(40, 'dankel', 'rencdankeljadwalsisa'),(41, 'opd', 'pejabat');
COMMIT;
BEGIN;
DELETE FROM "main"."django_migrations";
INSERT INTO "main"."django_migrations" ("id","app","name","applied") VALUES (1, 'contenttypes', '0001_initial', '2024-07-12 08:42:47.235735'),(2, 'auth', '0001_initial', '2024-07-12 08:42:47.378584'),(3, 'admin', '0001_initial', '2024-07-12 08:42:47.522499'),(4, 'admin', '0002_logentry_remove_auto_add', '2024-07-12 08:42:47.598353'),(5, 'admin', '0003_logentry_add_action_flag_choices', '2024-07-12 08:42:47.694552'),(6, 'contenttypes', '0002_remove_content_type_name', '2024-07-12 08:42:47.819833'),(7, 'auth', '0002_alter_permission_name_max_length', '2024-07-12 08:42:47.955146'),(8, 'auth', '0003_alter_user_email_max_length', '2024-07-12 08:42:48.029773'),(9, 'auth', '0004_alter_user_username_opts', '2024-07-12 08:42:48.106015'),(10, 'auth', '0005_alter_user_last_login_null', '2024-07-12 08:42:48.205669'),(11, 'auth', '0006_require_contenttypes_0002', '2024-07-12 08:42:48.300482'),(12, 'auth', '0007_alter_validators_add_error_messages', '2024-07-12 08:42:48.504690'),(13, 'auth', '0008_alter_user_username_max_length', '2024-07-12 08:42:48.609450'),(14, 'auth', '0009_alter_user_last_name_max_length', '2024-07-12 08:42:48.697038'),(15, 'auth', '0010_alter_group_name_max_length', '2024-07-12 08:42:48.787332'),(16, 'auth', '0011_update_proxy_permissions', '2024-07-12 08:42:48.860125'),(17, 'auth', '0012_alter_user_first_name_max_length', '2024-07-12 08:42:48.930029'),(19, 'opd', '0001_initial', '2024-07-12 08:42:49.178392'),(22, 'dashboard', '0001_initial', '2024-07-12 08:42:49.756481'),(25, 'sessions', '0001_initial', '2024-07-12 08:42:50.178423'),(26, 'opd', '0002_alter_opd_kode_opd', '2024-07-12 11:39:34.063818'),(27, 'opd', '0003_alter_opd_kode_opd', '2024-07-12 11:40:31.883979'),(28, 'dashboard', '0002_alter_levelsub_unique_together', '2024-07-13 04:27:36.295944'),(29, 'dashboard', '0003_rename_update_levelsub_edit_and_more', '2024-07-13 09:38:08.312546'),(30, 'dashboard', '0002_remove_levelsub_delete_remove_levelsub_update_and_more', '2024-07-25 10:37:10.355314'),(33, 'dana', '0001_initial', '2024-07-25 12:32:47.456804'),(34, 'dausg', '0001_initial', '2024-07-25 12:35:41.074333'),(35, 'dankel', '0001_initial', '2024-07-25 12:36:19.144987'),(36, 'pagu', '0001_initial', '2024-07-25 12:36:19.274992'),(37, 'penerimaan', '0001_initial', '2024-07-25 12:36:37.245547'),(38, 'dana', '0002_kegiatan_kegiatan_slug', '2024-07-25 12:37:40.254481'),(39, 'dana', '0003_remove_kegiatan_kegiatan_dana', '2024-07-25 12:44:09.250049'),(40, 'dana', '0004_remove_subkegiatan_sub_dana_and_more', '2024-07-25 13:03:06.407602'),(41, 'pagu', '0002_alter_pagudausg_pagudausg_dana', '2024-07-25 13:29:24.991483'),(42, 'penerimaan', '0002_alter_penerimaan_penerimaan_dana', '2024-07-25 13:46:13.291745'),(43, 'dankel', '0002_alter_realisasidankel_realisasidankel_dana_and_more', '2024-07-25 14:01:20.921068'),(44, 'dausg', '0002_remove_dankelprog_dankel_subrinc_and_more', '2024-07-25 14:09:51.773998'),(45, 'dankel', '0003_alter_realisasidankel_realisasidankel_lpj_and_more', '2024-07-29 12:14:37.270516'),(46, 'dankel', '0004_realisasidankelsisa', '2024-07-31 04:17:05.524324'),(47, 'dankel', '0005_realisasidankel_realisasidankel_output_and_more', '2024-08-02 09:16:13.481507'),(48, 'dankel', '0006_realisasidankelsisa_realisasidankelsisa_output_and_more', '2024-08-02 09:23:55.562555'),(49, 'dankel', '0007_alter_realisasidankel_realisasidankel_rencana_and_more', '2024-08-07 03:50:47.572814'),(50, 'dankel', '0008_alter_rencdankeljadwal_rencdankel_jadwal', '2024-08-07 05:12:12.996544'),(51, 'dankel', '0009_alter_rencdankeljadwal_rencdankel_jadwal', '2024-08-07 05:54:46.202403'),(52, 'dankel', '0010_rencdankeljadwalsisa', '2024-08-07 07:03:55.143316'),(53, 'dankel', '0011_alter_realisasidankel_realisasidankel_rencana', '2024-08-08 02:18:56.784738'),(54, 'dankel', '0012_alter_realisasidankel_realisasidankel_rencana', '2024-08-08 02:18:56.831733'),(55, 'dankel', '0013_alter_realisasidankel_realisasidankel_rencana', '2024-08-08 02:18:56.882732'),(56, 'dankel', '0014_rencdankeljadwal_rencdankel_id_and_more', '2024-08-08 03:10:34.549110'),(57, 'dankel', '0015_realisasidankel_realisasidankel_idrencana', '2024-08-08 09:04:47.555466'),(58, 'dankel', '0016_realisasidankelsisa_realisasidankelsisa_idrencana_and_more', '2024-08-12 13:03:22.442642'),(59, 'opd', '0004_pejabat', '2024-08-16 12:25:46.184715'),(60, 'opd', '0005_alter_pejabat_pejabat_sub', '2024-08-16 13:16:23.574643'),(61, 'dankel', '0017_alter_realisasidankel_realisasidankel_verif', '2024-08-19 04:49:17.130793'),(62, 'opd', '0006_alter_pejabat_pejabat_sub', '2024-08-20 07:59:06.763302'),(63, 'dausg', '0003_alter_dausgpendidikansub_dausgpendidikansub_nama', '2024-08-23 08:37:57.392794'),(64, 'dausg', '0004_alter_dausgkesehatansub_dausgkesehatansub_nama_and_more', '2024-08-23 11:06:00.040889'),(65, 'dankel', '0018_alter_realisasidankel_realisasidankel_verif_and_more', '2024-08-31 04:16:00.321759'),(66, 'dankel', '0019_alter_realisasidankel_realisasidankel_idrencana', '2024-08-31 04:40:36.134443'),(67, 'dankel', '0020_alter_realisasidankelsisa_realisasidankelsisa_idrencana_and_more', '2024-08-31 05:08:53.580381');
COMMIT;
BEGIN;
DELETE FROM "main"."django_session";
INSERT INTO "main"."django_session" ("session_key","session_data","expire_date") VALUES ('qu3i8edjfo4t41qoe3tsx1lgb9vvq7cu', '.eJxVjcFuwyAQRH-l4uygxYANPubeb0ALu45JLTsyuFIU9d9rSzm015l5b14i4F6nsBfeQiYxCCWav1nE9MXLWdAdl9sq07rULUd5TuS7LfJzJZ6v7-0_wYRlOmhgdmQdAI4-gncGbPSj76IjTdwTKqc0pqQ7rywBkWXv-3Z0vdfmYA5pLqHsD95OrRjqtnMjZiw1YKr5O9fncdNCay7QX1T7oexgukFraRUY48TPL-OgSw8:1sSBvF:riJQ81skGoaANOUXzZhE-O-g30yrJj8XT4nt8azu6a0', '2024-07-12 08:48:33.513000'),('aszdusazfmjgdk6lxqd1le8s3xekrwf4', '.eJxVjc1uwyAQhF-l4uygBfwDPubeZ0ALu45JLTsyuFIU9d2LpRza68x837yEx6PM_si8-0RiFEo0f7OA8YvXs6A7rrdNxm0tewrynMh3m-XnRrxc39t_ghnzXGlgttRZAJxcAGdb6IKbXB8sGeKBUFllMEbTO9UREHXs3KAnOzjTVqZKU_b5ePB-asVY9oMbsWAuHmNJ36k8640G3V5guCj9oexo2lEbqfoqBfHzC-O4SxE:1sSEXf:5fEF0WMF4G9bPcU3-6EXlZ54fun4N2dWkf3GRwm2UGU', '2024-07-12 11:36:23.258970'),('2pc5w69m4ftvvqz5auy74x5pnblohpwg', '.eJxVjcFuwyAQRH-l4uwgwMawPubeb0ALu45JLTsyuFIU9d9rSzm015l5b14i4F6nsBfeQiYxCC2av1nE9MXLWdAdl9sq07rULUd5TuS7LfJzJZ6v7-0_wYRlOmjF7Ml6pXCEqMB3ykYYoY-eWmJHqL1uMaW2B21JEVkGcGb0DtruYA5pLqHsD95OrRjqtnMjZiw1YKr5O9fncWOU6S7KXbT50H6wdjC99M52DsTPL-RTSyY:1sSEs2:Ka9rptclSetpERAxhqEVSdNq_Jxzwln6RTYlILFJ-0Q', '2024-07-12 11:57:26.923730'),('0rw6c3xv1zqlx8uu5qmjieoftq054a2z', '.eJxVjUFOxDAQBL-CfN61xna89uTInTdYY8-EGFYJih0khPg7ibQHuHZ3VX-rRHuf095kS5XVqIy6_M0ylXdZzoLfaHlddVmXvtWsz4l-tE2_rCz358f2n2CmNh80iET2EYAmzIBxAJ9xwluO7FgCk4nGUSnuhsYzMHtBDHaKAd1wMIe0ttT2D9lOrRr7tstF3an1RKXXz9q_jhsLdrhCuBr7ZHCEMDqn0RsIVv38AuPdSxI:1sSF3l:qiyncuqau1GdV838RuyW2knzHfyTO6U5xSOL1UIDNzk', '2024-07-12 12:09:33.966674'),('wkmk345m085oqaun70pqth0ll2vfawhp', '.eJxVjcFuwyAQRH-l4pygBZvA-th7vwEt7LqmjezK4EpVlX-PLeWQXGfmvflXkbY2xa3KGgurQRl1es4S5W-Zj4K_aP5cdF7mtpakj4l-tFV_LCzX98f2RTBRnXYaRAK7AEAjJsDQg0s44iUF7lg8kwmmo5y7CxrHwOwE0dsxeOz6ndmlpca6_ch6aNXQ1k1O6kq1Rcqt_Jb2t99YsP0Z_NnYN4ODdYMNuvfGgFO3O-PeSxA:1sSFL6:o6eMhhZVmagssKHsd0GIxXWANlSOJ5AhyZMyDYFciYw', '2024-07-12 12:27:28.532977'),('5f03yvyv6sxe3oa7d4w26162bbosh21v', '.eJxVjcFuwyAQRH8l4pygBYNhfey934CAXdc0kV0ZXCmK8u-xpRza68y8Nw8R4tamsFVeQyExCCXOf7MU85Xno6DvOH8tMi9zW0uSx0S-2yo_F-Lbx3v7TzDFOu00MHuyHiCOmAC9AZtwxD556ogdReVVF3PuelSWgMgyotOjd9iZndmlpYa6_fB6aMXQ1o3P4hZrCzG38lvafb_RoM0F3EXpk8JB4wAgXW-dMeL5AuQASxk:1sSFOW:GXsrEa0UxJkiWuhdeXndtFNg35gMB3VYq-eUaP5WFiM', '2024-07-12 12:31:00.818317'),('8jxb8axxpn9aecnwnuf6h2vgvvrk1adq', '.eJxVjc1uwyAQhF8l4pwgfoxhfey9z4AWdl3TRHZlcKUoyrvHlnJorzPzffMQEbc2xa3yGguJQWhx_pslzFeej4K-cf5aZF7mtpYkj4l8t1V-LsS3j_f2n2DCOu20Yg7kglI4QlIQOuUSjNCnQJbYE-qgLeZse9COFJFjAG_G4MF2O7NLS411--H10IqhrRufxQ1ri5hb-S3tvt8YZbqL8hdtThoG1w02SOP74LV4vgDkR0sg:1sSFnK:Oxh1tD7hHb_XfLKebfL1M7HYuEh7TRB0GCib26K2JFU', '2024-07-12 12:56:38.325113'),('ntly6pz1iasxs3cacbdouhgsnd8mct7h', '.eJxVjcFuwyAQRH-l4uygBYwNPubeb0ALu45JLTsyuFIU9d9rSzm015l5b14i4F6nsBfeQiYxCCWav1nE9MXLWdAdl9sq07rULUd5TuS7LfJzJZ6v7-0_wYRlOmhgdmQdAI4-gnct2OhH30VHhrgnVE4ZTMl0XlkCIsve93p0vTftwRzSXELZH7ydWjHUbedGzFhqwFTzd67P40aDbi_QX5T-0DAoNVgtO6M6bcTPL-MRSwM:1sSG40:yd35PRly3WR8D6SHmjzgklrH5ZWw1cTfZRMaJZLpMK4', '2024-07-12 13:13:52.717339'),('bzlvy0wks3ykga4xlr81fe7kbqcvm6ps', '.eJxtkMFqxCAQhl-leN4VNZpojnvvM8iYmTR2QxKiFpal715D99BCTgPz_d8_ME_moeTJl0S7j8h6Jtnl7y7AcKflAPgJy8fKh3XJewz8iPAXTfx9RZpvr-y_ggnSVG1BZNFYIWB0QTirhQludG2w2CB1CNLKBoahaZ00KBANOdep0Xau0dWppTH5VDbaj1rW573Qhc2Qsochx6-YH_WMEkpfRXeV6k2JXsu-0Vw60-q2FuwEc0yQIsJyp9lnmMryK6kTXAewXp56sJ2SVMK61WfJ7x8Kf3HQ:1sSGWk:NQmkhOlb_JrVgma8YOm26CEWwtpJ_XGc4ujdSzoAxFk', '2024-07-12 13:43:34.817460'),('ayhdjgw8bdwh8z7pev51grig9k03xcbo', '.eJxVjUFOxDAQBL-CfN61xrG99uTInTdYY8-EGFYJih0khPg7ibQHuHZ3VX-rRHuf095kS5XVqIy6_M0ylXdZzoLfaHlddVmXvtWsz4l-tE2_rCz358f2n2CmNh80iET2EYAmzIDRgc844S1HtiyByURjqRR7Q-MZmL0ghmGKAa07mENaW2r7h2ynVo192-Wi7tR6otLrZ-1fx80Ag7tCuBr7BDi6MILXEd1gvfr5BeQzSxw:1sSSmw:fCc-fhZqp61bxq4G-kOVp9kV3QFxGC7Xsfo7a6ZJESE', '2024-07-13 02:49:06.661802'),('x9aecvbtk8aoky12ymsg2pagzxys2xpi', '.eJxVjUFOxDAQBL-CfN61xrG99uTInTdYY8-EGFYJih0khPg7ibQHuHZ3VX-rRHuf095kS5XVqIy6_M0ylXdZzoLfaHlddVmXvtWsz4l-tE2_rCz358f2n2CmNh80iET2EYAmzIDRgc844S1HtiyByURjqRR7Q-MZmL0ghmGKAa07mENaW2r7h2ynVo192-Wi7tR6otLrZ-1fx80Ag7tCuBr7BDj6MHqnrXPRo_r5BeRVSyM:1sSSxO:jdu_Qdvx1XKgJdcx3MB1fCi5e0iQ765dV5CsXyulhcA', '2024-07-13 02:59:54.474093'),('g18pvoty8f1dytiltgoj3d4rn3bfa3jg', '.eJxVjcFugzAQRH-l8jlYuxgHm2Pu-QZr7V2K2wgibCJFUf-9IOXQXmfmvXmpQFudwlZkDZnVoFCd_maR0rfMR8FfNH8uOi1zXXPUx0S_26KvC8vt8t7-E0xUpp0GEcfWAdDoI3jXgY1-9Ofo2LD0TOjQUErm7NEyMFvxvm9H13vT7cwuzSWU7S7roVVDXTc5qRuVGijV_Mj1ud-00HYN9A2aD4QBYOisthYQUf38AuLoSvs:1sST09:sHZWS3Ffiyxkpo_VybLDsBhn-QpR2NJJzWMGGNXY9Rk', '2024-07-13 03:02:45.883078'),('sbsc85ctxut67ienlz4uudhlsqvd754w', '.eJxVjcFuwyAQRH-l4pygxRgDPvaeb0ALu65pI7syOFIU5d9jSz4k15l5bx4i4FrHsBZeQibRCyVO71nE9MfTXtAvTj-zTPNUlxzlPpFHW-RlJr5-H9sPwYhl3GhgdmQcAA4-gnctmOgH30VHmtgSKqc0pqQ7rwwBkWHvbTM463W7MZs0l1DWf152rejrsvJJXLHUgKnmW6737aaBpj2DPSv9paCHttdKauscGPF8AeNCSww:1sST3n:9jloFyIwGNTjPgS9hGFzsDTF9o53vjYfl85r27QEF9o', '2024-07-13 03:06:31.505187'),('ug55ctgr05l5aequrep3a15clehz5jo6', '.eJxVjcFugzAQRH-l8jlYawyxl2Pu-QZr7V2K2wgibCJFUf-9IOXQXmfmvXmpQFudwlZkDZnVoIw6_c0ipW-Zj4K_aP5cdFrmuuaoj4l-t0VfF5bb5b39J5ioTDsNIp57D0AjRkDfQR9xxHP0bFkck_HGUkr2jKZnYO4F0bWjd2i7ndmluYSy3WU9tGqo6yYndaNSA6WaH7k-95sW2q4B1xj7YWAAP1jU6MC1qH5-AePVSxs:1sST7o:l5qPXpd-Rb5M5tIw1XJtGhCs30f-CzXpLVS-M3sJy4o', '2024-07-13 03:10:40.129747'),('taw576nm0drqpuefe45fd2o63uv4sjui', '.eJxVjcFuwyAQRH8l4pygBYwBH3vvN6CFXdc0kV0ZXCmK8u-xpRza68y8Nw8RcWtT3CqvsZAYhBLnv1nCfOX5KOgb569F5mVua0nymMh3W-XnQnz7eG__CSas004DsyfrAXAMCYLvwKYwhj55MsSOUHllMGfTB2UJiCyH4PToXTDdzuzSUmPdfng9tGJo68ZnccPaIuZWfku77zcadHcBd1HmpGBQetBWdr3qwYnnC-MmSwc:1sSTBR:uCbfG2NKlZsVY5fRlZ16Z5P4xWaofsLsybTEJHRQuEc', '2024-07-13 03:14:25.736350'),('v19yubqj7z8czh1dt9vjfei64s9phv5p', '.eJxVjcFuwyAQRH-l4pygBYzN-th7vwEt7LqmjezK4EpR1H-vLeXQXmfmvXmoSHub415li4XVqIy6_M0S5U9ZzoI_aHlfdV6XtpWkz4l-tlW_rSy31-f2n2CmOh80iAT2AYAmTIChA59wwj4FdiwDkwnGUc6uR-MZmL0gDnYKA7ruYA5pqbHuX7KdWjW2bZeLulFtkXIr36XdjxsLtrvCcDXuxcBozWit9j1i79TPL-NcSxI:1sSTK6:LdIvgJc5a6UHiSmvKh7ybIDKb0mpaHnByczSjQgMHSs', '2024-07-13 03:23:22.803518'),('b3c1c9ein9cvd8deeyszte0bvim71qog', '.eJxVjUFOxDAQBL-CfN61xna89uTInTdYY8-EGFYJih0khPg7ibQHuHZ3VX-rRHuf095kS5XVqIy6_M0ylXdZzoLfaHlddVmXvtWsz4l-tE2_rCz358f2n2CmNh80iET2EYAmzIBxAJ9xwluO7FgCk4nGUSnuhsYzMHtBDHaKAd1wMIe0ttT2D9lOrRr7tstF3an1RKXXz9q_jhsLdrhCuBr3ZGC0YQSvLVoYjPr5BeNKSwU:1sSTPd:46iga3FEjvZGBL6FGnpq9HR5CXREkqCIjiRJv0bVYF8', '2024-07-13 03:29:05.457869'),('1hypyulox9dxc2e5msa87103ob1jf8a1', '.eJxVjcFuwyAQRH-l4pygxUDM-th7vwEt7LqmjezK4EpVlX-PLeWQXGfmvflXkbY2xa3KGgurQRl1es4S5W-Zj4K_aP5cdF7mtpakj4l-tFV_LCzX98f2RTBRnXYaRAL7AEAjJsDgwCcc8ZICW5aeyQRjKWd7QeMZmL0g9t0YerRuZ3ZpqbFuP7IeWjW0dZOTulJtkXIrv6X97TcddO4M_dnYNwODhQG8dg4tWnW7A-M9Sw0:1sSTSX:FowRVWiHXhM85YDOB36MgqoBexwbGPnvgPicUCQ84zc', '2024-07-13 03:32:05.687590'),('uuynvy55rp9g6yb9of8l3tsazock4oh3', '.eJxVjcFugzAQRH-l8jlYawyxl2Pu-QZr7V2K2wgibCJFUf-9IOXQXmfmvXmpQFudwlZkDZnVoIw6_c0ipW-Zj4K_aP5cdFrmuuaoj4l-t0VfF5bb5b39J5ioTDsNIp57D0AjRkDfQR9xxHP0bFkck_HGUkr2jKZnYO4F0bWjd2i7ndmluYSy3WU9tGqo6yYndaNSA6WaH7k-95sW2q4B1xj7YWCwOIDX4I0Dq35-AeOMSww:1sSTbI:2-1oP_LxnCjB2cK0gIZOJ4XQZnRZZMrptjNUjNIVW3c', '2024-07-13 03:41:08.159581'),('qvf97dusehi2jzhyfjw6i6ny22finr6o', '.eJxVjUFOxDAQBL-CfN61xrG99uTInTdYY8-EGFYJih0khPg7ibQHuHZ3VX-rRHuf095kS5XVqIy6_M0ylXdZzoLfaHlddVmXvtWsz4l-tE2_rCz358f2n2CmNh80iET2EYAmzIDRgc844S1HtiyByURjqRR7Q-MZmL0ghmGKAa07mENaW2r7h2ynVo192-Wi7tR6otLrZ-1fx80Ag7tCuBr7ZGD0dnReWzQBnfr5BeOuSxc:1sSTpR:CRbOvrGJ5X6y5vPbqvxi8tTBG-pCMtfE7xx0azfoWJg', '2024-07-13 03:55:45.640651'),('yvkjljydm6wdzgwuz6s6i5rab3nxfizl', '.eJxVjcFuwyAQRH-l4pygxRjD-th7vwEt7LqmjezK4EpR1H-vLeXQXmfmvXmoSHub415li4XVqIy6_M0S5U9ZzoI_aHlfdV6XtpWkz4l-tlW_rSy31-f2n2CmOh80iAR2AYAmTIChB5dwwiEFtiyeyQRjKWc7oHEMzE4QfTcFj7Y_mENaaqz7l2ynVo1t2-WiblRbpNzKd2n346aDrr-Cvxr7YmB0frSDHgChN-rnF-OqSw4:1sSTtA:aovh3CxmpV5l-A2w2jICXH7-ALPdzpK53Dd9_u7g0Ks', '2024-07-13 03:59:36.706855'),('iegj9fw4z0d0y08wxza8msxkxkmrs3jt', '.eJxVjcGOwiAURX9lwlrJo9ACXbr3G8iD92pxTGsKNTFm_n3axIVu773n3JcIuNYxrIWXkEn0QonDZxYx_fK0F3TF6TLLNE91yVHuE_luizzPxLfTe_slGLGMGw3MjloHgIOP4J2BNvrBd9GRJraEyimNKenOq5aAqGXvbTM467XZmE2aSyjrnZddK_q6rHwQNyw1YKr5ketzu2mgMUewR6V_lOrB9GCl1UabTvz9A-NTSww:1sSTzT:luGXAqO5goZ-rY1gL40_X2r5LWOrRAu7xUci2ZCHukI', '2024-07-13 04:06:07.855680'),('cii10hfk9ssgvnq8wkjiugxkjmttlfjg', '.eJxVjTtuwzAQRK9isLaJpSj-VKbPGYgldxUxNqRApAIYhu9uCXCRtDPz3jxExK1Ncau8xkJiEEqc_2YJ85Xno6BvnL8WmZe5rSXJYyLfbZWfC_Ht4739J5iwTjsNzJ6MB8AxJAi-B5PCGGzypIkdofJKY87aBmUIiAyH4LrRu6D7ndmlpca6_fB6aMXQ1o3P4oa1Rcyt_JZ232866PoLuIvSJ6UGsEPnpbHgnBXPF-OaSxU:1sSU1k:uo6Og0WbIoCNy-n73z4VwTMNCzMn183l1OB2sJ1det8', '2024-07-13 04:08:28.649379'),('bu4f0h4mhigiqdg2tg2rsy8xbdlovdjb', '.eJxVjcFuwyAQRH8l4pygxUDM-th7vwEt7DomiezK4EpV1X-vLeXQXmfmvflWkbY2xa3KGgurQRl1_pslyg-Zj4LvNN8WnZe5rSXpY6JfbdXvC8vz7bX9J5ioTjsNIoF9AKARE2Bw4BOOeE2BLUvPZIKxlLO9ovEMzF4Q-24MPVq3M7u01Fi3D1kPrRrauslZPam2SLmVz9K-9psOOneB_mLsyZgBcHCoHXbeO_XzC-PiSxk:1sSU4z:qTdTG790JGPslIyk3gVuSEIfbxTMiUdQrYJk2wP12JM', '2024-07-13 04:11:49.578745'),('lwhqkmjcoy2zqbjcrdo92iixt9h63gvk', '.eJxVjcFuwjAQRH-l8hmsdRwTb4698w3W2rtp3KKkih0khPh3EokDXGfmvbmrQGsdw1pkCZlVr4w6vGeR0p9Me8G_NP3MOs1TXXLU-0S_2qLPM8vl-7X9EIxUxo0GEc_OA9CAEdC34CIOeIqeLUvHZLyxlJI9oXEMzE4Qu2bwHdp2YzZpLqGs_7LsWtXXZZWDulCpgVLN11xv200DTXuE7mjslzG9wd6C9hYdgHo8AeOLSww:1sSUEM:GP6tLl-c0gx7b5B3dfCGZftrCXbFST203TLRK8EjiAY', '2024-07-13 04:21:30.933990'),('ftd85av4lamhha3aszp3109e72dvzqrb', '.eJxVjUEOwiAURK9iWFcCpRTo0r1nIB_-r0Wb1hRqYox3t01c6HZm3psX87CWwa-ZFp-QdUyy6jcLEG807QVeYbrMPM5TWVLg-4R_28zPM9J4-m7_BAPkYaMFkUVthYDeBeFsI3RwvWuDRYVkEKSVCmJUrZMaBaIm50zdW-NUszGbNGWf1zstu5Z1ZVmpYiPk4iGW9Ejlud3Uom6OwhylOkjZ1apTirfSWN2w9wfjbksQ:1sSUIH:vuG3lPFB9BZ4IovrNz_UkZNSdITJAVIoIxxY8R1GeGs', '2024-07-13 04:25:33.665395'),('dupyveecui2c2ulx2q40gq2cvl75fknn', '.eJxVjctqwzAQRX8laJ2IkeWHxsvu-w1ipBnXaoJdLLkQQv49MmTRwl3dx7kP5Wkvs9-zbD6xGpVR579eoHiV5Qj4m5avVcd1KVsK-qjod5r158py-3h3_wFmynNdg4jjzgHQhAHQtdAFnLAPji3LwGScsRSj7dF0DMydIA7N5Aa0bd1UaMo-7z-yHVg1lm2Xs7pRLp5iSb-p3OtNA017geFi7MmY0UKVRuybtlfPF-NlSxA:1sSUP1:pbuZZ59DKqfdMBluLO8eTb877seoW5vCUy1NiEYUIYQ', '2024-07-13 04:32:31.133886'),('en6byvodksj22tnd5yxpwbokce3bzufj', '.eJxVjcFugzAQRH-l8jmx1hiDl2Pv-QZr7V2K2wgqbCJFUf-9IOWQXGfmvXmoQFudwlZkDZnVoIw6vWaR0o_MR8HfNH8tOi1zXXPUx0Q_26IvC8v187l9E0xUpp0GEc_OA9CIEdC34CKO2EXPlqVnMt5YSsl2aBwDsxPEvhl9j7bdmV2aSyjbr6yHVg113eSkrlRqoFTzLdf7ftNA056hPxv7Ycxg7eCMBvCInfr7B-NoSxI:1sSUSF:XX26AP4ETBAQJ336n3WapSi8vqVD3tH02ogeCmJJc40', '2024-07-13 04:35:51.133589'),('uqdxzw2m77czpegdf75zdk5owmtxiw3o', '.eJxVjcEOwiAQRH_FcFYCpS1sj979BrKwW4ua1hRqYoz_bpt40OvMvDcv4XEpg18yzz6R6IQW-98sYLzyuBV0wfE8yTiNZU5BbhP5bbM8TcS343f7JxgwDyutmB01TinsIShwtWoC9NAGR4bYEmqnDcZoWtANKaKGAWzVOwumXplVmrLPy53nTSu6Mi-8FzfMxWMs6ZHKc72pVFUflD1os9O6M7arnAQwum7F-wPj7ksa:1sSUVl:_GCYHLtV4dYWv8kLES72DbWEySRr8zpdXhIjG2bQ12M', '2024-07-13 04:39:29.178045'),('976maszj3hghi4q48zr7t3grq9h7f6oo', '.eJxVjcFuwyAQRH-l4hyjxUAAH3PPN6CFXde0kR0ZHCmK-u-1pRza68y8Ny8RcWtT3CqvsZAYhBKnv1nC_M3zUdAXzp-LzMvc1pLkMZHvtsrrQny7vLf_BBPWaaeB2ZP1ADiGBMEbsCmM4Zw8aWJHqLzSmLM-B2UJiCyH4PrRu6DNzuzSUmPd7rweWjG0deOTuGFtEXMrj9Ke-00PvenAdUp_KDUYN_RGGgUWvPj5BeNsSwk:1sSUfM:Cw9zUgjfhWZHLLoF6O7gkRM233SwR93mG-tdCMylvQI', '2024-07-13 04:49:24.584642'),('1hcaf8gibxdvponwm0b4zzdr4oo9ozvj', '.eJxVjcFuwyAQRH8l4pygxYBhfey934CAXdc0kV0ZXCmK8u-xpRza68y8Nw8R4tamsFVeQyExCCXOf7MU85Xno6DvOH8tMi9zW0uSx0S-2yo_F-Lbx3v7TzDFOu00MHuyHiCOmAC9AZtwxD550sSOovJKx5x1j8oSEFlGdN3oHWqzM7u01FC3H14PrRjauvFZ3GJtIeZWfku77zcddOYC7qL0SanBmgFQ9p0zTovnC-O4SxU:1sSUlt:Vo6_INvEa_paFTl-frUzJWQ46msRKGK1odVxaQCURck', '2024-07-13 04:56:09.966498'),('4ck2kn925bgnacd9e3rxeihmk3kqte8m', '.eJxVjcFuwyAQRH-l4pygxZjA-th7vwEt7LqmjezK4EpVlX-PLeWQXGfmvflXkbY2xa3KGgurQRl1es4S5W-Zj4K_aP5cdF7mtpakj4l-tFV_LCzX98f2RTBRnXYaRAK7AEAjJsDQg0s44iUFtiyeyQRjKWd7QeMYmJ0g-m4MHm2_M7u01Fi3H1kPrRrauslJXam2SLmV39L-9psOuv4M_mzsmzGDw6H3Gpzx4NXtDuPRSxM:1sSUrL:v3JGkFLB7VXJJA240ew0bcBjEB3z6uaxh5bFtBRMBtg', '2024-07-13 05:01:47.074334'),('ky3vnrxlg9sqhojjvn7zk6ugjf23kbw6', '.eJxVjcFuwyAQRH8l4pygxYABH3vvN6CFXdc0kV0ZXCmK8u-xpRza68y8Nw8RcWtT3CqvsZAYhBLnv1nCfOX5KOgb569F5mVua0nymMh3W-XnQnz7eG__CSas004DsyfrAXAMCYI3YFMYQ588aWJHqLzSmLPug7IERJZDcN3oXdBmZ3ZpqbFuP7weWjG0deOzuGFtEXMrv6Xd95sOOnMBd1H6pLoB3GB7qcEYo8TzBeN4Swk:1sSUzE:pz-ylC2jg7AvXbeaWmNROf4LIo8inFOknBFw1hmT63M', '2024-07-13 05:09:56.337923'),('ky78s7lshzeo31cqrlmtmzoxd30yl4kq', '.eJxVjcFuwyAQRH-l4uygxRgDPubeb0ALu45JLTsyuFIU9d9rSzm015l5b14i4F6nsBfeQiYxCCWav1nE9MXLWdAdl9sq07rULUd5TuS7LfJzJZ6v7-0_wYRlOmhgdmQcAI4-gncdmOhH30dHmtgSKqc0pqR7rwwBkWHvbTs663V3MIc0l1D2B2-nVgx127kRM5YaMNX8nevzuGmh7S5gL0p_qHZQatAgTa-ts-LnF-NLSxA:1sSV2g:rE5QrqW_XF5TCEvX_jxd0366yupxK-Kxn5AoIuYqWOA', '2024-07-13 05:13:30.593184'),('wt7qh8dbooex2ppz2cv9scmjr2ojae2a', '.eJxVjcFuwyAQRH-l4uygxRgDPubeb0ALu45JLTsyuFIU9d9rSzm015l5b14i4F6nsBfeQiYxCCWav1nE9MXLWdAdl9sq07rULUd5TuS7LfJzJZ6v7-0_wYRlOmhgdmQcAI4-gncdmOhH30dHmtgSKqc0pqR7rwwBkWHvbTs663V3MIc0l1D2B2-nVgx127kRM5YaMNX8nevzuGmh7S5gL0p_qHZQ_aA7aQ04Y8TPL-OeSxM:1sSV7a:04GfYLA5CzbrLrhfbDQeObSBKkec4dui8o4M8sft4Gs', '2024-07-13 05:18:34.838521'),('jb8f2s58e02za8xgmedvvz3ujneis8ow', '.eJxVjcFuwyAQRH-l4pygxRjD-th7vwEt7LqmjezK4EpR1H-vLeXQXmfmvXmoSHub415li4XVqIy6_M0S5U9ZzoI_aHlfdV6XtpWkz4l-tlW_rSy31-f2n2CmOh80iAR2AYAmTIChB5dwwiEFtiyeyQRjKWc7oHEMzE4QfTcFj7Y_mENaaqz7l2ynVo1t2-WiblRbpNzKd2n346aDrr-Cvxr7YvrRmdEGPXjw2KmfX-PlSxk:1sSXXe:KjLkC4hJBJ4ntgW8uLQ6qGgl1pkCJ_vvGGzcbeQ7ur4', '2024-07-13 07:53:38.765570'),('s53u8d1t47fjaofxgay30t7m589x9g5c', '.eJxVjcFuwyAQRH-l4uygxRgDPubeb0ALu45JLTsyuFIU9d9rSzm015l5b14i4F6nsBfeQiYxCCWav1nE9MXLWdAdl9sq07rULUd5TuS7LfJzJZ6v7-0_wYRlOmhgdmQcAI4-gncdmOhH30dHmtgSKqc0pqR7rwwBkWHvbTs663V3MIc0l1D2B2-nVgx127kRM5YaMNX8nevzuGmh7S5gL0p_qG4wdjBOKtNq6MXPL-PzSxM:1sSXdm:_JDp4i_LVMYdXHT8NKA2vCEystIJakAC5nZiOh-DzUU', '2024-07-13 07:59:58.249570'),('gaocoly2hd09lb93mtfx4xgghgn53d95', '.eJxVjU1uwyAQha8SsU7QYIwBL7vvGdDAjGuayK4MrhRFuXuwlEX7lu_new8RcK9z2AtvIZMYhRLnv17EdOXlCOgbl69VpnWpW47yqMh3WuTnSnz7eHf_AWYsc1sDsyPjAHDyEbzrwUQ_-SE60sSWUDmlMSU9eGUIiAx7b7vJWa_7tmnQXELZf3g7sGKs285nccNSA6aaf3O9t5sOuv4C9qL0SZkR1Ng5qe3QJJ4v46tLFw:1sSXhA:igUzXuH4TYkADFrvutiRPzdHMNP9VxmoqJyAcxXTTuQ', '2024-07-13 08:03:28.423646'),('edltlh8enrokhxfamih2bse7yy8uz4no', '.eJxVjcFuwyAQRH-l4pygXQMx-Nh7vwEt7LqmjezK4EpVlX-PLeWQXGfmvflXkbY2xa3KGgurQaE6PWeJ8rfMR8FfNH8uOi9zW0vSx0Q_2qo_Fpbr-2P7IpioTjsNIp6dB6AxJAjegkthDJfk2bD0TOjRUM7mEtAxMDsJoe9G3wdjd2aXlhrr9iProVVDWzc5qSvVFim38lva337TQWfP0J_RvKEbEAaLGgEsGnW7A-LwSvk:1sSXq5:0BDbLkC3LHNSRM93ZdSejkWYDwbZfu-oB8cQ2nMswCs', '2024-07-13 08:12:41.217061'),('eunzzidxikezy3kiw6hzwikh7by3hqwl', '.eJxVjcFuwjAQRH-l8hms3Tgmdo698w3W2rtp3KKkih0khPh3EokDXGfmvbmrQGsdw1pkCZlVr1Ad3rNI6U-mveBfmn5mneapLjnqfaJfbdHnmeXy_dp-CEYq40aDiGPrAGjwEbxrwUY_-FN0bFg6JnRoKCVz8mgZmK143zWD67xpN2aT5hLK-i_LrlV9XVY5qAuVGijVfM31tt000LRH6I5ovtD2aHpw2jXYGlSPJ-N_Swk:1sSXsS:5dhBFjpMYwOINi36LSJz8S5_FyyMyx_0tjDjaBdxIok', '2024-07-13 08:15:08.847905'),('h94ziw1jfobatdu6qqqgwl6avr49uisk', '.eJxVjcFuwyAQRH-l4pwgMMYsPvaeb0ALu65pI7syOFIU5d9jSz4k15l5bx4i4FrHsBZeQibRCy1O71nE9MfTXtAvTj-zTPNUlxzlPpFHW-RlJr5-H9sPwYhl3GjFDGRBKRx8VB5aZaMffBeBDLEj1KANpmQ6ry0pIsveu2YA5027MZs0l1DWf152rejrsvJJXLHUgKnmW6737aZRTXtW7qzNl7a9ht6CbABa58TzBeQ9SyQ:1sSXy6:HwG8UH5AeF4zmOwVDGUvvNcgDucTdz2nc-HM4jv7KII', '2024-07-13 08:20:58.394233'),('hhgnnjzx0lqy806qr4g5p93260fgnmh9', '.eJxVjcEOwiAQRH_FcFaylNJCj979BrKwW4ua1hRqYoz_bpt40OvMvDcv4XEpg18yzz6R6IQS-98sYLzyuBV0wfE8yTiNZU5BbhP5bbM8TcS343f7JxgwDysNzJaMBcDeBXC2BhNc75pgSRO3hMoqjTHqxilDQGTYubbqbet0vTKrNGWflzvPm1Z0ZV54L26Yi8dY0iOV53pTQVUfoD0ovVOm06YDkABNra14fwDjSksH:1sSYDc:6TGfPL-CkUIslzH3DDXhkC0ahf1zqkepjQJwjCzaY6c', '2024-07-13 08:37:00.069371'),('qeizql53hohd1tuk5geyhv1khmr6ept0', '.eJxVjcFugzAQRH-l8jmx1hiDl2Pv-QZr7V2K2wgqbCJFUf-9IOWQXGfmvXmoQFudwlZkDZnVoIw6vWaR0o_MR8HfNH8tOi1zXXPUx0Q_26IvC8v187l9E0xUpp0GEc_OA9CIEdC34CKO2EXPlqVnMt5YSsl2aBwDsxPEvhl9j7bdmV2aSyjbr6yHVg113eSkrlRqoFTzLdf7ftNA056hPxv7YdzQ-gG8RuycservH-RESx8:1sSYQL:6T3Y2t3b1TxqOag4phJumyZyPKiRT5X9klI4onjyA1E', '2024-07-13 08:50:09.090322'),('u2qjt08ujft6xqh4njp2r2h3vpeq7jwq', '.eJxVjU0OwiAQha9iWCuBUgp06d4zkIGZWtS0plATY7y7NHGhb_l-vvdiHtYy-jXT4hOynkm2__UCxCtNW4AXmM4zj_NUlhT4VuHfNPPTjHQ7frt_gBHyWNeCyKK2QsDggnC2FTq4wXXBokIyCNJKBTGqzkmNAlGTc6YZrHGqrZsKTdnn9U7LhmV9WVbasxvk4iGW9EjlWW8a0bQHYQ5S7aTuddPrjhtZ1bH3B-O2Sw0:1sSYUy:AQ5exzodUPl-xc02SqsJSCSm5Pmdc9pl865cMoJsX28', '2024-07-13 08:54:56.742402'),('2uky46ip68hi7b2jmdeili2je1djeo6l', '.eJxVjcFuwyAQRH-l4pygxZjA-th7vwEt7LqmjezK4EpVlX-PLeWQXGfmvflXkbY2xa3KGgurQRl1es4S5W-Zj4K_aP5cdF7mtpakj4l-tFV_LCzX98f2RTBRnXYaRAK7AEAjJsDQg0s44iUFtiyeyQRjKWd7QeMYmJ0g-m4MHm2_M7u01Fi3H1kPrRrauslJXam2SLmV39L-9psOuv4M_mzsm3GDw8F12iNY16vbHeQvSxs:1sSYbg:npphhyiRe87RGrNAfGgha13R1vocQ2pYJWaqNUKf2b4', '2024-07-13 09:01:52.824542'),('y3xj67nm2xw43wtsqptdqs6a8mhsqnq0', '.eJxVjUtuwzAMRK9SaJ0IlOmP6GX3PYNAiXStNrALSy4QBL17bSCLdjsz783DBN7rHPaiW8hiRuPM5W8WOX3qchbywcv7atO61C1He07ssy32bRW9vT63_wQzl_mgQdVL5wF4ogjkW-giTdRHLyg6CDvvkFPCnlwnINIp0dBMfiBsD-aQ5hLK_qXbqTVj3Xa9mBuXGjjV_J3r_bhpoGmvMFwdvrh-BBwRLRKg8-bnF-N7Sww:1sSYfF:5oDU1qqttTjKhW3QPgQEsqoDAn7t80D6uCMV9JpFSAI', '2024-07-13 09:05:33.399604'),('5a9vjgr9hadw5jsz0xo0iwpx9ae4mp4l', '.eJxVjcFuwyAQRH8l4pwgMGBYH3vvN6CFXdc0kV0ZXCmK8u-xpRza68y8Nw8RcWtT3CqvsZAYhBbnv1nCfOX5KOgb569F5mVua0nymMh3W-XnQnz7eG__CSas004r5kAuKIUjJAXBKpdghD4FMsSeUAdtMGfTg3akiBwD-G4MHozdmV1aaqzbD6-HVgxt3fgsblhbxNzKb2n3_aZTnb0of9HmpPtBucF62VkTNIjnC-PLSxY:1sSYhP:juwYCgPR0ke0pV_kSCA4QVq2H9_XXZERES-HB0gNvjU', '2024-07-13 09:07:47.270511'),('rar4wwmc54dlem827xn1cmlgu5q1kwih', '.eJxVjcFuwyAQRH-l4pygXcA2-Nh7vwEt7LqmjezK4EpR1H-vLeXQXmfmvXmoSHub415li4XVqFBd_maJ8qcsZ8EftLyvOq9L20rS50Q_26rfVpbb63P7TzBTnQ8aRDx3HoCmkCB4B10KU-iTZ8syMKFHSznbPmDHwNxJCIOZ_BCsO5hDWmqs-5dsp1aNbdvlom5UW6Tcyndp9-PGgHFXGK5oX7AfEUZAbdAY59TPL-L0Svw:1sSYlV:PyBz8bDUaq3evFWyifgDdNfEU1DeiLR6o2jMtLF0-0g', '2024-07-13 09:12:01.235432'),('fmlkqoxhfpstjrvl69agsunljkci6k9b', '.eJxVjc1uwyAQhF8l4pyg5ccGfOy9z4AWdl3TRHZlcKUoyrvHlnJorzPzffMQEbc2xa3yGguJQShx_pslzFeej4K-cf5aZF7mtpYkj4l8t1V-LsS3j_f2n2DCOu00MHvqPACOIUHwFroUxtAnT4bYESqvDOZs-qA6AqKOQ3B69C4YuzO7tNRYtx9eD60Y2rrxWdywtoi5ld_S7vuNBm0v4C7KnFQ_KD3oXmoHVlnxfAHjcksI:1sSYnq:wvN6_NMv8r3q4gKVd9wshuk4tXP6B4pP19lCJyHoALA', '2024-07-13 09:14:26.294731'),('epztmoai3792q1zulkbxxkpirh7hto76', '.eJxVjU1uwyAQha9SsU7QYIzNeNl9z4AGZlzTRnZlcKUo6t2LpSxa6a3ez_ceKtBRl3AU2UNmNSmjLn-9SOlT1jPgD1rfN522te456rOin2nRbxvL7fXZ_QdYqCxtDSKenQegGSOg78FFnHGIni3LyGS8sZSSHdA4BmYniGM3-xFt3zYNmksox5fsJ1ZNdT_kom5UaqBU83eu93bTQddfYbwa-2KGybgm7QH7wamfX-PQSxc:1sSYqZ:6l72LSMiQ4jLET6wAMoOyTJVYKG2acHYQQO70Iav87s', '2024-07-13 09:17:15.912942'),('44fe623ff37v9p40ft6v6oy7hkqj349e', '.eJxVjcFuwyAQRH-l4pygBWzM-th7vwEt7LqmjezK4EpR1H-vLeXQXmfmvXmoSHub415li4XVqIy6_M0S5U9ZzoI_aHlfdV6XtpWkz4l-tlW_rSy31-f2n2CmOh80iATuAwBNmABDB33CCX0K7FgGJhOMo5ydR9MzMPeCONgpDOi6gzmkpca6f8l2atXYtl0u6ka1RcqtfJd2P24s2O4Kw9W4F-NHa0bwGk1nvVM_v-OKSw0:1sSYwF:iG70Wy_ZJH_RFvtdG_1Ckky7RY4fEXoL3A0wrZYN07Q', '2024-07-13 09:23:07.109567'),('aqag5kyvlethw5p90uqygl7hmhice20s', '.eJxVjcEOwiAQRH_FcFaylJZCj979BrKwW4ua1hRqYoz_bpt40OvMvDcv4XEpg18yzz6R6IQS-98sYLzyuBV0wfE8yTiNZU5BbhP5bbM8TcS343f7JxgwDysNzJYaC4C9C-BsDU1wvTPBkiZuCZVVGmPUxqmGgKhh59qqt63T9cqs0pR9Xu48b1rRlXnhvbhhLh5jSY9UnutNBVV9gPag9E6ZrjIdWKk01MaI9wfjqEsP:1sSZ16:veC9r9dz3ku9FTE5V53JY_-DkSGa2eNoD_BTcXX7k34', '2024-07-13 09:28:08.226382'),('yymou32sldtjsr91c5yer3n922q16sxv', '.eJxVjcFuwyAQRH-l4pygxRjD-th7vwEt7LqmjezK4EpR1H-vLeXQXmfmvXmoSHub415li4XVqIy6_M0S5U9ZzoI_aHlfdV6XtpWkz4l-tlW_rSy31-f2n2CmOh80iAR2AYAmTIChB5dwwiEFtiyeyQRjKWc7oHEMzE4QfTcFj7Y_mENaaqz7l2ynVo1t2-WiblRbpNzKd2n346aDrr-Cvxr7YobRwmg6jX4Ah-rnF-OoSxU:1sSZ53:_3BEwE5V9YBqIQN4jHGzSdm31l8QLSbUjfNAy-FgIKQ', '2024-07-13 09:32:13.052958'),('h6rx7z07gafysyepri1jmnchrkpftoit', '.eJxVjcFuwyAQRH-l4pygxRjD-th7vwEt7LqmjezK4EpR1H-vLeXQXmfmvXmoSHub415li4XVqIy6_M0S5U9ZzoI_aHlfdV6XtpWkz4l-tlW_rSy31-f2n2CmOh80iAR2AYAmTIChB5dwwiEFtiyeyQRjKWc7oHEMzE4QfTcFj7Y_mENaaqz7l2ynVo1t2-WiblRbpNzKd2n346aDrr-Cvxr7YobRutF47XoXENTPL-P9Sxo:1sSZ9x:UfE5xnsNoLal5jsTC2kjs443xYyStItLu2lHvtTCZVY', '2024-07-13 09:37:17.658353'),('hcti5gm6cqm9h4nac783j51zy2x8i66s', '.eJxVjcFuwyAQRH-l4uwgMNiwPubeb0ALu45JLTsyuFIU9d9rSzm015l5b14i4F6nsBfeQiYxCC2av1nE9MXLWdAdl9sq07rULUd5TuS7LfJzJZ6v7-0_wYRlOmjF7KnzSuEIUYG3qoswQh89GWJHqL02mJLpQXekiDoGcO3oHRh7MIc0l1D2B2-nVgx127kRM5YaMNX8nevzuGlVay_KXbT50P1g_NAaaR1oC-LnF-QQSx0:1sSZCx:ueSXFwo7NtV2vmqM9mHLVmqRuBmzvr_gVoBliQC_xCM', '2024-07-13 09:40:23.580611'),('uqa6gjgili8dciynlqqonsmq86515t81', '.eJxVjcFugzAQRH-l8jmx1hjDmmPv-QZr7V2K2wgqbCJFUf-9IOWQXGfmvXmoQFudwlZkDZnVoIw6vWaR0o_MR8HfNH8tOi1zXXPUx0Q_26IvC8v187l9E0xUpp0GEWSHADT6CB5bcNGPvovIlqVnMmgspWQ7bxwDsxPv-2bE3tt2Z3ZpLqFsv7IeWjXUdZOTulKpgVLNt1zv-00DTXuG_mzsh-kGZwdA7TrXIqq_f-QMSx8:1sSZRE:1nH10MvBWxp7ffsCPrD55Cmi8rGHUp79hauukgu8DfA', '2024-07-13 09:55:08.610377'),('7fk7o1fm06tu8qo7ep0h9aj63a62s57t', '.eJxVjcEOwiAQRH_FcFYCpS1sj979BrKwW4ua1hRqYoz_bpt40OvMvDcv4XEpg18yzz6R6IQW-98sYLzyuBV0wfE8yTiNZU5BbhP5bbM8TcS343f7JxgwDyutmB01TinsIShwtWoC9NAGR4bYEmqnDcZoWtANKaKGAWzVOwumXplVmrLPy53nTSu6Mi-8FzfMxWMs6ZHKc72pVFUflD1os9O2M9DVrTRaO6jE-wPkIUsa:1sSaAM:x99vT1MX3FSYL0VRrd-lgowT3GvlMavudC1-_8OgYzQ', '2024-07-13 10:41:46.353849'),('k26xn8wn6albk3hoj81riz98cla0ev0n', '.eJxVjc1uwyAQhF8l4pyg5ceG9bH3PgMCdl3TRHZlcKUoyrvHlnJorzPzffMQIW5tClvlNRQSg1Di_DdLMV95Pgr6jvPXIvMyt7UkeUzku63ycyG-fby3_wRTrNNOA7OnzgPEEROgt9AlHLFPngyxo6i8MjFn06PqCIg6RnR69A6N3ZldWmqo2w-vh1YMbd34LG6xthBzK7-l3fcbDdpewF2UOSk3WDtAL02vHWrxfAHj5ksX:1sSaEY:yTgRR8YbyHgjuXDQqHQ1ezUfZoy9OYkMKCO3A9MQRLI', '2024-07-13 10:46:06.422238'),('p4c9zxqp1vxgec5ws74lzfvo99fhf5ak', '.eJxVjUtOxDAQRK-CvJ6x_IvtzpI9Z7Da7g4xjBIUO0ijEXcnkWYB26p6rx4i4d7ntDfeUiUxCi0uf7OM5ZOXs6APXN5XWdalbzXLcyKfbZNvK_Ht9bn9J5ixzQetmCMNUSmcICuITg0ZJvA5kiUOhDpqi6VYD3ogRTQwQDBTDGDdwRzS2lLbv3g7tWLs284XccPWE5Zev2u_HzdGGXdV4artiw6j86M20ntrwImfX-PuSxc:1sSaGa:8W29IHkkkh0yzRfWiXXnPzr24zK0Vfz6wJcgiF_x-DM', '2024-07-13 10:48:12.684115'),('e3p3lc7fqr12y8yddzcaqt54n3ixue4a', '.eJxVjcGOwiAURX9lwlrJo5QCXbr3G8iD92pxTGsKNTFm_n3axIVu773n3JcIuNYxrIWXkEn0QonDZxYx_fK0F3TF6TLLNE91yVHuE_luizzPxLfTe_slGLGMGw3MjowDwMFH8K4FE_3gu-hIE1tC5ZTGlHTnlSEgMuy9bQZnvW43ZpPmEsp652XXir4uKx_EDUsNmGp-5Prcbhpo2iPYo9I_yvYGeq2kAa1sJ_7-AeOBSws:1sSaKl:_cf-iQWK0spoGmindSYh4IlOV6hkFB2KUGDyf91ZB2E', '2024-07-13 10:52:31.550514'),('40tkow8f72jg9lio2jyr54zmpiwv6ycm', '.eJxVjcFuwyAQRH-l4pygxZjA-th7vwEt7LqmjezK4EpVlX-PLeWQXGfmvflXkbY2xa3KGgurQRl1es4S5W-Zj4K_aP5cdF7mtpakj4l-tFV_LCzX98f2RTBRnXYaRAK7AEAjJsDQg0s44iUFtiyeyQRjKWd7QeMYmJ0g-m4MHm2_M7u01Fi3H1kPrRrauslJXam2SLmV39L-9psOuv4M_mzsm_GD64beaYfOA6jbHeQJSxY:1sSaMv:gd1R1ipg9I7uP11ZjIuOcQk0upIvaGstjxg4EAPXomg', '2024-07-13 10:54:45.644891'),('82r6dn4pt9q487e1dop8ouqfyhoeni7t', '.eJxVjcFuwyAQRH-l4pygxRjD-th7vwEt7LqmjezK4EpR1H-vLeXQXmfmvXmoSHub415li4XVqIy6_M0S5U9ZzoI_aHlfdV6XtpWkz4l-tlW_rSy31-f2n2CmOh80iAR2AYAmTIChB5dwwiEFtiyeyQRjKWc7oHEMzE4QfTcFj7Y_mENaaqz7l2ynVo1t2-WiblRbpNzKd2n346aDrr-Cvxr7Yvzowgheh97hAOrnF-RWSyA:1sSaS7:h6spAU4XzW0ptLgbWROEqV16rpisIQ7TR6ZXVzn0vlw', '2024-07-13 11:00:07.878579'),('9z6jplf6rgm6v6goe7t0861mdv1r5jf0', '.eJxVjcFOxDAMRH8F5bwb2U2zjXvkzjdETuzSwKpFTYqEEP9OK-0BrjPz3nybyHub4151i0XMaNBc_maJ87suZyFvvLyuNq9L20qy58Q-2mpfVtH782P7TzBznQ8aVIP4AMATJaDQg0800S0FcaKDMAZ0nLO7EXoBEa9EQzeFgVx_MIe01Fj3D91OrRnbtuvF3Lm2yLmVz9K-jpsOuv4KwxXdE4YRYESy3qPDzvz8AuOCSwg:1sSaUF:l3SlBznfqkNrP_EmKA_zMfFDkMRQiyHzQ_r9zUy3p5Y', '2024-07-13 11:02:19.583512'),('19yitxuqkt8g0ru8nl4qyoknt1k8xii1', '.eJxVjcGOwiAURX9lwlrJo0ALXbr3G8iD92pxTGsKNTFm_n3axIVu773n3JcIuNYxrIWXkEn0QonDZxYx_fK0F3TF6TLLNE91yVHuE_luizzPxLfTe_slGLGMGw3MjqwDwMFH8M6AjX7wbXSkiTtC5ZTGlHTrlSUgsux91wyu89pszCbNJZT1zsuuFX1dVj6IG5YaMNX8yPW53TTQmCN0R6V_lOvB9LqVYE1rjPj7B-O5SxE:1sSaYO:L_UW4OO2XWhO1zV_MrnTaQi3ebEzNPLyvpUkj4mNCcA', '2024-07-13 11:06:36.090291'),('rmcanrdncqrgy87a5omo9jxh2x0et3o2', '.eJxVjcFuwyAQRH-l4pwgMCbs-th7vwEt7LqmjezK4EpVlX-PLeWQXGfmvflXkbY2xa3KGgurQVl1es4S5W-Zj4K_aP5cdF7mtpakj4l-tFV_LCzX98f2RTBRnXbaiAB7MIZGTAahNz7hiJcE7FgCkwXrKGd3QevZMHtBDN0IAV2_M7u01Fi3H1kPrRrauslJXam2SLmV39L-9pvOdP3ZhLN1bxYG64cONLhg0anbHeQZSxw:1sSaiu:PcLTvftenXp7jrwYXdRwk__2zvYoy5Sbt9i6qErgTGo', '2024-07-13 11:17:28.902459'),('iv2akrfu4rcke4h7dxw9jm1162jktt6t', '.eJxVjcFuwyAQRH-l4pygxeDA-th7vwEt7LqmjezK4EpVlX-PLeWQXGfmvflXkbY2xa3KGgurQRl1es4S5W-Zj4K_aP5cdF7mtpakj4l-tFV_LCzX98f2RTBRnXYaRAL3AYBGTIDBQZ9wxEsKbFk8kwnGUs72gqZnYO4F0Xdj8GjdzuzSUmPdfmQ9tGpo6yYndaXaIuVWfkv722866NwZ_Nm4N8AB_ABW24CdM-p2B-PhSxM:1sSodj:_EzPDXI3H8C_-Ald3ySkxMYrQIExySmjc5jkcvVqHp0', '2024-07-14 02:09:03.493952'),('gd6n6xv6uqq4wdh7mdodfz3nbn5ovcui', '.eJxVjUFOxDAQBL-CfN61xrG99uTInTdYY8-EGFYJih0khPg7ibQHuHZ3VX-rRHuf095kS5XVqIy6_M0ylXdZzoLfaHlddVmXvtWsz4l-tE2_rCz358f2n2CmNh80iET2EYAmzIDRgc844S1HtiyByURjqRR7Q-MZmL0ghmGKAa07mENaW2r7h2ynVo192-Wi7tR6otLrZ-1fx80Ag7tCuBr3BDg6GMHq4AMMqH5-AePDSxM:1sSp9f:UChsJWPVbD6EFx7tVXuJHpLlfh1JadoOZwRw7EQBixM', '2024-07-14 02:42:03.866069'),('tx0z9j1jcql9bnjj7v4050k1pj97powo', '.eJxVjUFOxDAQBL-CfN61xrG99uTInTdYY8-EGFYJih0khPg7ibQHuHZ3VX-rRHuf095kS5XVqIy6_M0ylXdZzoLfaHlddVmXvtWsz4l-tE2_rCz358f2n2CmNh80iET2EYAmzIDRgc844S1HtiyByURjqRR7Q-MZmL0ghmGKAa07mENaW2r7h2ynVo192-Wi7tR6otLrZ-1fx80Ag7tCuBr3BDg6HL3VGKMdgvr5BeSjSyg:1sSpJC:bt-18POoBtAnQozwjDupgMG_I0al4Yb0p6to5W3GDuQ', '2024-07-14 02:51:54.011603'),('0yec1y5bn9ucbb8lclrabm50vgryd6h6', '.eJxVjcFOxDAMRH8F5bwbOW2zsXvkzjdETuzSwKpFTYqEEP9OK-0BrjPz3nybyHub4151i0XMaJy5_M0S53ddzkLeeHldbV6XtpVkz4l9tNW-rKL358f2n2DmOh80qKJ4BOCJEhAO4BNNdEsovWgQduh6zrm_kfMCIl6JQjdhoH44mENaaqz7h26n1oxt2_Vi7lxb5NzKZ2lfx00H3XCFcHXDE9Do_ejIIgYIaH5-AeSHSyg:1sSpOR:1xx_hxkufkzoO2XokRl79A-f7HL3dGoQ6bb6MCuMwNg', '2024-07-14 02:57:19.931636'),('mwj174btt761onesggqjhm3c5cnkg5h5', '.eJxVjcFuwyAQRH-l4uygBWMDPubeb0ALu45JLTsyuFIU9d9rSzm015l5b14i4F6nsBfeQiYxCCWav1nE9MXLWdAdl9sq07rULUd5TuS7LfJzJZ6v7-0_wYRlOmhgdtQ5ABx9BO8MdNGPvo-OWmJLqJxqMaW296ojIOrYe6tHZ31rDuaQ5hLK_uDt1Iqhbjs3YsZSA6aav3N9HjcatLmAvSjzoWAAM2gt-9Npxc8v41NLDg:1sSpXC:TpcfnXG85KmAHIqFV_HsogwLUtTmsq3qA4TzWLNlu78', '2024-07-14 03:06:22.702854'),('582c4ttkn6wvczlwnpyvjhymooalpj44', '.eJxVjU1uwyAQha9SsU7QYOzAeNl9z4AGZlzTRnZlcKWqyt2DpSwS6a3ez_f-VaC9zmEvsoXMalRGnZ69SOlbliPgL1o-V53WpW456qOiH2nRHyvL9f3RfQHMVOa2BhHPgwegCSOg72GIOOElerYsjsl4Yykle0EzMDAPgui6yTu0fds0aC6h7D-yHVg11m2Xk7pSqYFSzb-5_rWbDrr-DO5s-jcDY9dkNYJ1COp2B-M3Swk:1sSpmi:ZGWIBNyEXhEyRCc_IOkTwATcoILO3D_YS0mHQ4Z4qj0', '2024-07-14 03:22:24.064773'),('iuvsrdwmlld1484go0jp3qvix6fvztha', '.eJxVjcFuwyAQRH-l4pygxQbD-th7vwEt7LqmjezK4EpR1H-vLeXQXmfmvXmoSHub415li4XVqIy6_M0S5U9ZzoI_aHlfdV6XtpWkz4l-tlW_rSy31-f2n2CmOh80iAR2AYAmTIDBgks44ZAC9yyeyQTTU879gMYxMDtB9N0UPPb2YA5pqbHuX7KdWjW2bZeLulFtkXIr36Xdj5sOOnsFfzX2xcDYDaMNGu3gPKifX-PpSxk:1sSpsu:7tlsOP4e-FxTv7Im5PX5y2qGNmEes6ujdPBo3x0U-qU', '2024-07-14 03:28:48.970673'),('z90up0a01fud42uhore8gkmbun86g371', '.eJxVjcFuwyAQRH-l4uygxWAbfMy934AWdh2TWnZkcKUo6r8XSzm015l5b17C41Fmf2TefSIxCiWav1nA-MXrWdAd19sm47aWPQV5TuS7zfJzI16u7-0_wYx5rjQwW-osAE4ugLMGuuAm1wdLmnggVFZpjFH3TnUERB07N7STHZw2lanSlH0-HryfWjGW_eBGLJiLx1jSdyrPetNCay4wXJT5UDDqdjRWmuqBXvz8AuOrSxM:1sSpyi:Fv5U_42v2_gkiZrhKAWa0lEngnkAXmOUc2hNWuCrJ1s', '2024-07-14 03:34:48.555460'),('n1262udowxc9ix4vtyg09pojrijvfej3', '.eJxVjTtuwzAQRK9isLaJ5U8iVabPGYgldxUxNqRApAIYhu9uCXCRtDPz3jxExK1Ncau8xkJiEEqc_2YJ85Xno6BvnL8WmZe5rSXJYyLfbZWfC_Ht4739J5iwTjsNzJ6cB8AxJAjegkthDF3yZIh7QuWVwZxNF5QjIHIcQq9H3wdjd2aXlhrr9sProRVDWzc-ixvWFjG38lvafb_RoO0F-ouyJwWD6QanZae1NU48X-OCSww:1sSq2e:9_evV7dpepQhnRdQEPy08vZVs0fFkuAvS-uP6-16W8o', '2024-07-14 03:38:52.651550'),('0fl8udunnhzcnmetnpxtbevhiy4bdwyp', '.eJxVjcFuwyAQRH-l4uygBWwDPubeb0ALu45JLTsyuFIU9d9rSzm015l5b14i4F6nsBfeQiYxCCWav1nE9MXLWdAdl9sq07rULUd5TuS7LfJzJZ6v7-0_wYRlOmhgdtQ5ABx9BO9a6KIffR8dGWJLqJwymJLpveoIiDr23urRWW_agzmkuYSyP3g7tWKo286NmLHUgKnm71yfx40G3V7AXlT7oWAwdjBGgta9tuLnF-NfSwk:1sSq3J:9ICo4-1Xt-O-pByDTVuRCdYZlG7kLZiBqHqrSEFmF14', '2024-07-14 03:39:33.057393'),('bpp7zv5w4kxosq44ekx4ibwjok0o5b79', '.eJxVjcGOwiAURX_FsFbyaGmBLmfvN5AH73XKaNpJoSbG-O_SxIVu773n3IfwuJXJb5lXn0gMQonjZxYwXnjeC_rD-XeRcZnLmoLcJ_LdZnleiK8_7-2XYMI8VRqYLXUWAEcXwFkNXXCj64OlltgQKqtajLHtneoIiDp2zjSjNa7VlanSlH3e_nndtWIo68ZHccVcPMaSbqnc600DjT6BOSl9UDDoZoBe1i-ljXi-AONaSwo:1sSq7i:TOy2c5XrhJ3PxQ522qNMmUNO3rnzrP4U4dPfSCIvvqA', '2024-07-14 03:44:06.873062'),('uzqorl2y76nn1z63k043c47gtpxpdrr9', '.eJxVjcFOxDAMRH8F5bwb2U27iXvkzjdETuzSwKpFTYqEEP9OK-0BrjPz3nybyHub4151i0XMaNBc_maJ87suZyFvvLyuNq9L20qy58Q-2mpfVtH782P7TzBznQ8aVIMMAYAnSkChhyHRRLcUxIl6YQzoOGd3IxwERAYl8t0UPLn-YA5pqbHuH7qdWjO2bdeLuXNtkXMrn6V9HTcddP0V_BX7J8QRaezIBvDonPn5BePNSxI:1sSqhv:Ud0KJ7QjZf0ZCZKWtL8BeQ_RJtSGOWoEsGiZazun1yg', '2024-07-14 04:21:31.203480'),('nthazlcp91hptpw8hcz2alzvmr6r0zg2', '.eJxVjU1uwyAQha9SsU4QY3DMeNl9z4AGZlzTRnZlcKWqyt2DpSwS6a3ez_f-VaC9zmEvsoXMalSgTs9epPQtyxHwFy2fq07rUrcc9VHRj7Toj5Xl-v7ovgBmKnNbGxHPvTeGJowGvTN9xAkv0bNlGZjAg6WU7AWhZ8PcC-LQTX5A69qmQXMJZf-R7cCqsW67nNSVSg2Uav7N9a_ddKZzZzOcwb0BjLbJa3BgParbHeNySxA:1sSqte:cGdIhmyGzfHuc-umujfbfkiQ5mMSRnJBfaQ8PGw_0cM', '2024-07-14 04:33:38.228961'),('2gflfx9ztpslkk16s5jtf1hu4bn4uu69', '.eJxVjUEOwiAURK9iWCuBAgW6dO8ZyIf_a1HTmkJNjPHutokL3c7Me_NiAZY6hKXQHDKyjkm2_80ipCuNW4EXGM8TT9NY5xz5NuHftvDThHQ7frd_ggHKsNKCyKFxQkDvo_BOCxN979voUCFZBOmkgpRU66VBgWjIe9v0znqlV2aV5hLKcqd507Kuzgvt2Q1KDZBqfuT6XG8a0eiDsAepd1J2pu2k4sbq1lj2_gDjy0sY:1sSrHR:hHURLOy12YzAX1COEFB321J12DO_w-uEuI--Cz-7gxY', '2024-07-14 04:58:13.736976'),('ntqnxbymj9kfsqbcnqm3fqbsvh8l5sv5', '.eJxVjc0OwiAQhF_FcFay0B-gR-8-A1nYrUVNawo1McZ3t0086HVmvm9ewuNSBr9knn0i0Qkl9r9ZwHjlcSvoguN5knEay5yC3Cby22Z5mohvx-_2TzBgHlYamC01FgB7F8DZGprgetcGSxWxIVRWVRhj1TrVEBA17JzRvTWuqldmlabs83LnedOKrswL78UNc_EYS3qk8lxvNOj6AOag6p3SHUCnrVStMgbE-wPjQ0sI:1sSrLY:iNqte2rl4QoTqM3ffuXP5hnT9YtukfEjXDaC3o54sT4', '2024-07-14 05:02:28.399636'),('stnr93c08w0wfe7zkkx69gs8lmqatubs', '.eJxVjc1uwyAQhF-l4uygBf8APubeZ0ALu45JLTsyuFIU9d2LpRza68x837yEx6PM_si8-0RiFEo0f7OA8YvXs6A7rrdNxm0tewrynMh3m-XnRrxc39t_ghnzXGlgttRbAJxcAGc76IOb3BAstcSGUFnVYozt4FRPQNSzc0ZP1ri2q0yVpuzz8eD91Iqx7Ac3YsFcPMaSvlN51hsNuruAuSjzodWouxGsVFU9aPHzC-OiSww:1sU5Zg:POVFkFXDMwK2u4d8m9VMMMM7SNeV9FtemdK5WilpqaI', '2024-07-17 14:26:08.210862'),('u3ige4w4h5j956krwx0hfhpwncdlizd6', '.eJxVjUtOxDAQRK-CvJ6x_InH3Vmy5wxW290hhlGCYgcJIe5OIs0CtlX1Xn2rRHuf095kS5XVqKy6_M0ylXdZzoLfaHlddVmXvtWsz4l-tE2_rCz358f2n2CmNh-0EQEOYAxNmA3CYELGCW8Z2LNEJgvWUyn-hjawYQ6CGN0EEf1wMIe0ttT2D9lOrRr7tstF3an1RKXXz9q_jhtn3HA18Wrjk7OjgzGgBheCB_XzC-ReSyI:1sU5eN:otjYa-OA5AMpAmqr6HOcqvVnIJvhhCCoasg0HaVa4O0', '2024-07-17 14:30:59.907907'),('j6f1jpuh7wllcc3klgmjiyn0jx5rzrwf', '.eJxVjcFuwyAQRH-l4pwgMMawPvaeb0ALu65pI7syOFIU5d9jSz4k15l5bx4i4FrHsBZeQibRCy1O71nE9MfTXtAvTj-zTPNUlxzlPpFHW-RlJr5-H9sPwYhl3GjF7Ml6pXCAqMC3ykYYoIueDLEj1F4bTMl0oC0pIssArhm8A9NuzCbNJZT1n5ddK_q6rHwSVyw1YKr5lut9u2lU056VO2v31ei-1b11ErwB8OL5AuRdSyo:1sU5qv:3UVtB44HSvN8TUyQNTrfK6No_6ugOa49yeV2UghrRgQ', '2024-07-17 14:43:57.993013'),('ch8r9ki18m9dncve8cylkt76hy96d477', '.eJxVjUEOwiAURK9iWCsBCgW6dO8ZyIf_a1HTmkJNjPHutokL3c7Me_NiAZY6hKXQHDKyjkm2_80ipCuNW4EXGM8TT9NY5xz5NuHftvDThHQ7frd_ggHKsNKCyKFxQkDvo_BOCxN979vosEGyCNLJBlJqWi8NCkRD3lvVO-sbvTKrNJdQljvNm5Z1dV5oz25QaoBU8yPX53qjhNIHYQ_S7pTqpO5ky5220ij2_gDj3ksT:1sU6MD:VJogZs-tme1AhhLBZ_6wwLRpjICuBM3jpQbpUk1qz4k', '2024-07-17 15:16:17.488279'),('p1vxypravaxxv2n8rl4nig7yfinpwcis', '.eJxVjUuOwjAQRK-CvCaWPwl2Z8l-zmC13R1iQAmKnZFGI-5OIrGAbVW9V_8i4FrHsBZeQibRCy2On1nEdONpL-iK02WWaZ7qkqPcJ_LdFvkzE9_P7-2XYMQybrRi9tR5pXCAqMC3qoswwCl6ssSOUHttMSV7At2RIuoYwJnBO7DtxmzSXEJZH7zsWtHXZeWjuGOpAVPNv7n-bTdGmbZRrtHuYEyvoTdeWmOtN-L5AuQGSxU:1sU6RE:LAsi5LLVPD66X6i3U2PmvKX8lt2vpaqCXs5w3xEjTjU', '2024-07-17 15:21:28.331941'),('kum2vxsdtqeoqfuyqnr7144co8heoeio', '.eJxVjc0OwiAQhF_FcFYC9IelR-8-A1nYrUVNawo1McZ3t0086HVmvm9ewuNSBr9knn0i0Qkt9r9ZwHjlcSvoguN5knEay5yC3Cby22Z5mohvx-_2TzBgHlZaMQM1oBT2LigHtWqC610bgCpiS6hBVxhj1TrdkCJq2DlrerCuqldmlabs83LnedOKrswL78UNc_EYS3qk8lxvjDL1QdmDtjtjOtN2GiRoaI0R7w_kGEsY:1sU6Xr:gs1-6dDrgr59Rov-OqDsIct4vUoQ6QH0fMVbeGveG88', '2024-07-17 15:28:19.321058'),('sd657wu2gt0tffnzw6uypi2xbru1c83n', '.eJxVjcFuwyAQRH-l4hyjBUMAH3PPN6CFXde0kR0ZHCmK-u-1pRza68y8Ny8RcWtT3CqvsZAYhBKnv1nC_M3zUdAXzp-LzMvc1pLkMZHvtsrrQny7vLf_BBPWaaeB2ZP1ADiGBMEbsCmM4Zw89cSOUHnVY879OShLQGQ5BKdH70JvdmaXlhrrduf10IqhrRufxA1ri5hbeZT23G80aNOB65T70HowMFgrtXFGgfj5BeO_Sww:1sU6lz:R69SQmOpxqC2UR9SN2zMeU3lIt-6mzYZ3JBMQTetSAQ', '2024-07-17 15:42:55.735326'),('dkr6ova159ka1b6ju01jniw6uisbtg4q', '.eJxVjUtOxDAQRK-CvJ6x2nb8y5I9Z7Da7g4xjBIUO0ijEXcnkWYB26p6rx4i4d7ntDfeUiUxCiUuf7OM5ZOXs6APXN5XWdalbzXLcyKfbZNvK_Ht9bn9J5ixzQcNzIFsAMApZohhAJvjFF0OZIg9oQrKYCnGRWUJiCzH6PUUfDTDwRzS2lLbv3g7tWLs284XccPWE5Zev2u_Hzca9HAFf1X-RetxcCMYaZWLDsTPL-PsSxQ:1sU6qy:E9jeoA2DXAwx8W2Y2VL1WW0mfqPlnpCrRCxmeQhe38o', '2024-07-17 15:48:04.001690'),('fvc35z1b641n517vnqvvq0ibaxfnehc0', 'e30:1sU7Gp:NK10XjGFBjcOBCIcEfSpoyH6YLYCmlCc7Zjg1b4pP0Y', '2024-07-17 16:14:47.555436'),('2hb6144l5bsf3ucvjxda3vu3ufqed6dq', 'e30:1sU7Hj:paRkCpGUXTIcLuOKV6qbZ5fnneldJY_MzDB2JBQqcQI', '2024-07-17 16:15:43.216489'),('7ry7wokrapqm2b1h4p1nu4r72t0dvqlz', 'e30:1sU7Hv:wDVhtWZLihzGAWwoFuIvWSBaHu0jgGv4Bw_VTyYGi2E', '2024-07-17 16:15:55.463037'),('6h2cnsvncowj2hm6m7skwxfxdt8xih7i', '.eJxVjcFuwyAQRH8l4pygBYxhfey934CAXdc0kV0ZXCmK8u-xpRza68y8Nw8R4tamsFVeQyExCCXOf7MU85Xno6DvOH8tMi9zW0uSx0S-2yo_F-Lbx3v7TzDFOu00MHuyHiCOmAB9BzbhiH3yZIgdReWViTmbHpUlILKM6PToHZpuZ3ZpqaFuP7weWjG0deOzuMXaQsyt_JZ232806O4C7qLcSZtB9QNoqTvU1ojnC-O5Sw8:1sU7Jy:3ikqLeDPfWXaDT5LheqFAIno4cqKX1MoN45w7bz4YPA', '2024-07-17 16:18:02.832088'),('4ikylpdy51hfgf6rd40tspdwiwz8nmxb', '.eJxVkMFuwyAQRH8l4pwgMNgYH6teK_UP0BoWm4bgyJhIVdV_L1Q5tNd5szOj_SIGyrGaknE3wZGJdOT8V5vBXjE14D4gLRu1Wzr2MNNmoU-a6dvmML48vf8CVshrvR5Aawfc6t57ofkAsme-8yhwcLPUo2OD504pxnAEYWctwXJtlRssByl0DQ3Z5HLHvcWSyUPMeCa_HQluUDsyRFyrMZd5u7fJryFBPr3XTcGFK6TKIj4wVlTFZSkJmgT5MGCP8AjHZ_sA6-SFqQtXp05MfJz6kQol5ajJ9w_4EGIv:1sU7Mo:tZannABjsOJx_qf7-MiKKMyjdI04CvVXiF8NnADsAFM', '2024-07-17 16:20:58.378033'),('19sgqsie108wogr5uxww2kc1jql2tjgp', 'e30:1sU7Qr:PiryMmwAoNZDHtHfNsYQepu02_N0zdVisIVl4QwGh6Y', '2024-07-17 16:25:09.108675'),('3qptiv5o07334hf8xjomn06plyolycsm', 'e30:1sU7S9:d4rVFjRpTGAihXkyUwxFnFpuuMa6ecDphpo4IGlSl_Q', '2024-07-17 16:26:29.336894'),('vicudjffhj7jgobglu6qlra54ts34pjn', 'e30:1sU7UC:DBobOyj7CaxNozah6uTfpLc5bKRQURqRMixfWF8MeKg', '2024-07-17 16:28:36.339969'),('siw5uj4jz85se7o7mqy6taid5uwxi6te', 'e30:1sU7a9:WVTvoCZgFo0G828TPKCI9YlJ-mVT7St5urdAfnYaZYY', '2024-07-17 16:34:45.498167'),('x39d3bz2w1fx7gwoppi05crnupbh6593', 'e30:1sU7ag:B4GZFfwdiFr5guuZaKA-EbBTTmVL1Q0EKh1a1WGiaWQ', '2024-07-17 16:35:18.305899'),('6v3qztrk3h1ytlv795dwnw6kpzwda07x', 'e30:1sU7br:T35oCggp36iTUJUAJqIe13ZLY5nZ1wgnV3LurbOzfrQ', '2024-07-17 16:36:31.798701'),('ixx6qglx01e95ar7kmm5y6hn5eep7b5n', 'e30:1sU7c8:-CGLR02bPt9F3vvvsoqKYupc9NGomw0GO50kAsghAUg', '2024-07-17 16:36:48.008226'),('9daoxdv1ne73esmc33pvhf5kzn6jqazt', 'e30:1sU7dc:KR2d-8FB-bashx6rjC3o20-Iw3LHIr6lxFoOBvT5hVg', '2024-07-17 16:38:20.696437'),('n871dm97srcbiyev613k41tlq1md0mp2', 'e30:1sU7fu:m2l4FxC1IkPdDEkR58u74jxwqir_5A29QVnWi7YLC-A', '2024-07-17 16:40:42.973486'),('zzhv94bhbxd8lmxkub7r5zbqqj2pfkb8', '.eJxVkMFOwzAQRH8F-byNvOvEjnNEXJG4IxRtbKcxTZ2qTiohxL_jQA9wnXkzs9pP0fO2Tv2Ww7WPXnSCBPzVBnankHbDv3M6LpVb0nqNQ7Uj1d3N1fPiw_x4Z_8VTJynktZsrWd0thlHZVFz3ciRxqCC9kNtWy_1iN4YKUPLyg22ZofWGa8dcq1sKY25z9slXPda0Y085wDiZyPxmctG5jlMBczbsFz2k59i4vzwUm6KPp44FW8OtzAXq4jH45b4Fz-HtGXRvSIQKKihAQ0GWrCAEhABCVAB1oANoAY0gC2gBZJAJUNACqgGaoA0kAFqgSwoCQrfyibntWe3xltcP_YXS6oP0hzQPJDqlO1kUyljGkni6xuEHXa3:1sU7gH:Uy-F5W5AxSeSlcmUCMiYH-hzwCETJ1SKKKbcKCBn-68', '2024-07-17 16:41:05.399649'),('jlas79w1yrptgtbuer3xvmd72jf13giw', '.eJxVkM1qwzAQhF8l6OwYyZJ_5GPpNZB7KWYtrWwljhy8VqCUvnulNof2OvPtzLCfbIC4z0Mk3AZvWc8qVvzVRjBXDNmwFwjTWpo17Jsfy4yUT5fK02pxeXmy_wJmoDldN6C1BWF07ZzUogFVc1c5lNjYUenO8sYJ27acYwfSjFqBEdq0tjEClNQp1NNA8Y5bjmW9g4WwYD8dAW6QOggWnBNIcVzvefKrD0CHc9rkrb9CSN6CD1ySlcRpigF-8RuGSKx_E4UsVFG_Jw5oH8Ds_uH3j_wWXqkjb4-iPVSyV10veVlXnCvFvr4Ba6FoOQ:1sU7pO:1n1sdw1piO3914YB6Dp25_VzPQPZRFkY1ncOCzGzQH4', '2024-07-17 16:50:30.526050'),('hwh70locc6gloim73mzdve4caocv7sjr', '.eJxVkM1qwzAQhF8l6OwYyZJ_5GPpNZB7KWYtrWwljhy8VqCUvnulNof2OvPtzLCfbIC4z0Mk3AZvWc8qVvzVRjBXDNmwFwjTWpo17Jsfy4yUT5fK02pxeXmy_wJmoDldN6C1BWF07ZzUogFVc1c5lNjYUenO8sYJ27acYwfSjFqBEdq0tjEClNQp1NNA8Y5bjmW9g4WwYD8dAW6QOggWnBNIcVzvefKrD0CHc9rkrb9CSN6CD1ySlcRpigF-8RuGSKx_E4UsVFG_Jw5oH8Ds_uH3j_wWXqkjb48VP_Cur0UvdSlkJ3jHvr4Ba4NoPw:1sUzG7:KplqbVDfOHJ0OBfemKljur5A3Ksc__mnQ5P65ruPvQE', '2024-07-20 01:53:39.154363'),('wmilb3za7k3j53kq9m2nz5ka1g0y7l9w', '.eJxVjcFuwyAQRH-l4pygxZjA-th7vwEt7LqmjezK4EpVlX-PLeWQXGfmvflXkbY2xa3KGgurQRl1es4S5W-Zj4K_aP5cdF7mtpakj4l-tFV_LCzX98f2RTBRnXYaRAK7AEAjJsDQg0s44iUFtiyeyQRjKWd7QeMYmJ0g-m4MHm2_M7u01Fi3H1kPrRrauslJXam2SLmV39L-9psOuv4M_tzBG-AAMNignQEIXt3u42JLCw:1sUzOq:9HFf90e_7Cwgdeei70Re0fghfWK_QVSWcc3mRLtNLzQ', '2024-07-20 02:02:40.548359'),('pmvten0zau3ry2846kunpbh71gnxjs3s', '.eJxVkMFugzAQRH8l8pkg2xjIcqx6rdR7VaHFXoMTYiIWR6qq_ntNm0N7nXk7M9pP0WPapj4xrX1wohNaFH-1Ae2F4m64M8ZxKe0StzUM5Y6UD5fLl8XR_PRg_wVMyFO-bhDAobJQe1-BatDU0mtPFTVuMHBysvHKta2UdMLKDmDQKrCta6xCU0EODdxzutG6x4rO48xUiJ-OiFfMHYwzTRnkNCy3ffJziMiH17wpuHDBmL2Z7jRnK4vjmCL-4leKiUX3poqqMEX9njnkrUe7hXvYPva3SG2Osj1qeZDQKdVpWWqolQHx9Q1rKWg7:1sUzZA:-m3RnPzKPMnQeUcjp45vX7fLaHtIQ2GrBujGs7kui7Q', '2024-07-20 02:13:20.302131'),('tf7p0j07b7yczc3pe01f5gjbcmrdbnn5', '.eJxVkMFuwyAQRH8l4uxYYGMTfKx6rdR7VVkLLDaJgyMvRKqq_ntxm0N7nXk7M9pPNkJO85gJtzE4NrCGVX81A_aCcTfcGeK01naNaQum3pH64VL9sjpcnh7sv4AZaC7XPWjtQFjded9q0YPsuG88ttg7I_XJ8d4LpxTneILWGi3BCm2V660A2eoSGmikfMNtj2WDh4WwYj8dEa5QOggWnAtI2ay3ffJziECH17IpuHCBWLwF77gUq4jTlCP84leMmdjwJqq2klX3XjigNIJN4R7Sx_4W3sgjV8eGH7gehBoEr6WQSjTs6xtrO2g1:1sUzeo:XCTkVC6ajLnbqm1Ft8pablQ0J6IVRGpaJOXMvnFus7w', '2024-07-20 02:19:10.417709'),('o6jmpok541sbv51o7we1fzxqbj09pkwh', '.eJxVkM1ugzAQhF8l8pmgNZif5Vj1Gin3qkKLvQYnxEQYR6qqvntNm0N7nfl2ZrSfoqe4TX0MvPbOiE4UIvurDaSv7HfDXMiPS64Xv61uyHckf7ohPy2G55cn-y9gojCl65oQDUmNlbUlyppUBbawXHJtBoWtgdpK0zQA3FKpB1SkJerG1FqSKjGFutCHeOd1jxWdpTlwJn46PN0odQSaeUpgiMNy3ye_Ok_hcE6bnHFX8smb-cFzspI4jtHTL35jH4Po3mRWZiqr3hNHYetJb-7hto_9LVCoIzTHAg6AXYEdQK6ghRbF1zdrd2hB:1sUzqG:HQ9uroJRgYibPG4JXLCyvIOWBUqC2dUXrj1czilwhJg', '2024-07-20 02:31:00.412133'),('8yzc0kw6lr143kdau7zns101b6uy3g7b', '.eJxVkMFuwyAQRH8l4uxYYMAYH6teK_VeVdYalpjEwZHXRKqq_ntxm0N7nXk7M9pPNkDepiETrkP0rGcNq_5qI7gLpt3wZ0inpXZL2tY41jtSP1yqXxaP89OD_RcwAU3lugVrPQhndQjSihaU5qEJKLH1o7Kd520Q3hjOsQPpRqvACeuMb50AJW0JjTRQvuG6x7I-wExYsZ-OBFcoHQQzTgWkPC63ffJzTECH17Ip-niBVLwZ7zgXq4inU07wi18xZWL9m6hkpSr9XjigbQC3xXvcPva38EYduTk2_MBtL5tem9p0SmvDvr4Ba-ZoTg:1sUzu5:eef3tIrlhKxkaKTvxt1KuumSX1wpwZLXBqmvs-5igcw', '2024-07-20 02:34:57.791569'),('ew70mi3si6bt7fdyypml0nljsfd14jax', '.eJxVkMFuwyAQRH8l4uxYYDAOPla9Vuq9qqw1LDaJgyOviVRV_fdCm0N7nXk7M9pPNkDa5yERbkNwrGcNq_5qI9gLxmK4M8Rpre0a9y2MdUHqh0v1y-pweXqw_wJmoDlfazDGgbCm9V4aoUG13DceJWo3KnNyXHvhuo5zPIG0o1FghbGd01aAkiaHBhoo3XArsaz3sBBW7KcjwhVyB8GCcwYpjeutTH4OEejwmjcFFy4Qs7fgHZdsZXGaUoRf_IoxEevfRCUrVbXvmQPaB7B7uIf9o7yFN-rIu2PDD9z0UvetrjlvldHs6xtrrmhF:1sUzxw:w8_zzXT_WTbKvR0CGf4kUpowHCyPI0DlEF1OjM2Fi2g', '2024-07-20 02:38:56.010480'),('w1nyrdn46uuvv31rv5azgwat7m6pbl1w', '.eJxVkMFugzAQRH8l8pkgGxuMOVa9Rsq9qtBir8EJMRGLI1VV_72mzaG9zrydGe0n6yFtU58I1z441rGKFX-1AewV4264C8RxKe0StzUM5Y6UT5fK0-Jwfnmy_wImoClfN2CMA2FN7b00ogFVc195lNi4QZnW8cYLpzXn2IK0g1FghbHaNVaAkiaHBuop3XHdY1nnYSYs2E9HhBvkDoIZpwxSGpb7Pvk1RKDDOW8KLlwhZm_GB87ZyuI4pgi_-A1jIta9iUIWqqjfMwe09WC38Ajbx_4WXqkj18eKH7jp6rrjVaml5m3Lvr4Ba6VoRg:1sV0FS:H7xgNTuHfx5hpiKlM0c--TO1ptRUvHF9DfK9Jos2cSo', '2024-07-20 02:57:02.782405'),('9gpeyoev383nz08ideo7r9ce7uwrvc7g', '.eJxVkMFugzAQRH8l8pkgG4yxOVa9Rsq9qtBir8EJMRGLI1VV_72mzaG9zrydGe0n6yFtU58I1z441rGKFX-1AewV4264C8RxKe0StzUM5Y6UT5fK0-Jwfnmy_wImoClfKzDGgbCm8b42QoFsuK881qjcII12XHnh2pZz1FDbwUiwwtjWKStA1iaHBuop3XHdY1nnYSYs2E9HhBvkDoIZpwxSGpb7Pvk1RKDDOW8KLlwhZm_GB87ZyuI4pgi_-A1jIta9iaIuZNG8Zw5o68Fu4RG2j_0tvJJH3h4rfhC846qrRNlorbRmX99rMGhF:1sV0QP:hB5cdAQtJNhT2npQBuT-3NR7IZwGQ-QEu5yMiRNDfb4', '2024-07-20 03:08:21.644228'),('740j9z9maqe7wo17wprm41lj8vglccqz', '.eJxVkMFuwyAQRH8l4kwsMBgHH6teK_VeVdYaFpvEwZHXRKqq_ntxm0N7nXk7M9pP1kPepj4Trn30rGM143-1AdwF0274M6RxqdyStjUO1Y5UD5eql8Xj_PRg_wVMQFO5NmCtB-lsE4Ky0oBuRKgDKjR-0PbkhQnSt60QeALlBqvBSetab5wErWwJjdRTvuG6x7IuwEzI2U9HgiuUDoIZpwJSHpbbPvk5JqDDa9kUfbxAKt6Md5yLVcRxzAl-8SumTKx7k1xxzRtu3gsJtPXgtniP28f-GFHro2iPtThI0UnZ1aqyShor2Nc3NSFolg:1sV0VH:TQuBT8dtxk7D5Np5b1FLXojPupU_nnyNvY0iH0DpyK0', '2024-07-20 03:13:23.985615'),('h7ygxxjdn9wzuho4ii0gbwy6q8gsjvju', '.eJxVkMFuwyAQRH8l4kwsMBgHH6teK_VeVdYaFpvEwZHXRKqq_ntxm0N7nXk7M9pP1kPepj4Trn30rGM143-1AdwF0274M6RxqdyStjUO1Y5UD5eql8Xj_PRg_wVMQFO5NmCtB-lsE4Ky0oBuRKgDKjR-0PbkhQnSt60QeALlBqvBSetab5wErWwJjdRTvuG6x7IuwEzI2U9HgiuUDoIZpwJSHpbbPvk5JqDDa9kUfbxAKt6Md5yLVcRxzAl-8SumTKx7k1xxzRtueC3fCwy09eC2eI_bx_4bUeujaI-1OEjRybbTtmqsElqyr29lyGkt:1sV0bV:tXbxtHy1zD0toGTgoSGV2FfEPMDnF3RXwBIvsLfSMoM', '2024-07-20 03:19:49.632537'),('gowcwhwztc3jkd5ntkzrts19qkjy55mg', '.eJxVkM1qwzAQhF8l6KwY_Vm2fCy9BnIvxaylla3EkYNlBUrpu1duc2ivM9_ODPtJesjb1OeEax8c6Ygg9K82gL1i3A13gTgulV3itoah2pHq6abqtDicX57sv4AJ0lSuNRjjgFtTey8N16Bq5oVHidoNyrSOac9d0zCGLUg7GAWWG9s4bTkoaUpoSH3Kd1z3WNJ5mBNS8tMR4QalI8GMUwFTHpb7Pvk1REiHc9kUXLhCLN6MD5yLVcRxzBF-8RvGnEj3xqmkitZUU8HfCwxp68Fu4RG2j_03TKgja46CHTjrhOzqtpJatNyQr29lrGkx:1sV0hS:OkqjTWyGbCW4SuQfnFLy54hOPy4-HWeLcNtf7_jPb_8', '2024-07-20 03:25:58.395225'),('l2nk6d8r9oesl1uku5dmqo1n3b9xd4fg', '.eJxVkMFuwyAQRH8l4kwsMBhnfax6rdR7VVlrWGwSB0fGRKqq_ntxm0N7nXk7M9pP1mPepj4nWvvgWMdqxv9qA9oLxd1wZ4zjUtklbmsYqh2pHm6qXhZH89OD_RcwYZrKtUEAh9JC470CaVA3wteeFBk3aDg5Ybx0bSsEnVDZATRaCbZ1xkrUCkpoSH3KN1r3WNZ5nBNx9tMR8YqlI-FMUwFTHpbbPvk5REyH17IpuHDBWLyZ7jQXq4jjmCP-4leKObHuTXLFNW-44bV8LzCmrUe7hXvYPvbfiFofRXusxUGKTomuERWAbkGxr29lnWkz:1sV0o7:yun4cU4YKVP0dEcMQZxndjIdyBccU80XkBHCFvDVqgE', '2024-07-20 03:32:51.028661'),('1ipj7d76kpg0uswt8ie16xkpr2oeeh0e', '.eJxVkM1qwzAQhF8l6KwY_Vm2fCy9BnIvxaylla3EkYNlBUrpu1duc2ivM9_ODPtJesjb1OeEax8c6Ygg9K82gL1i3A13gTgulV3itoah2pHq6abqtDicX57sv4AJ0lSuNRjjgFtTey8N16Bq5oVHidoNyrSOac9d0zCGLUg7GAWWG9s4bTkoaUpoSH3Kd1z3WNJ5mBNS8tMR4QalI8GMUwFTHpb7Pvk1REiHc9kUXLhCLN6MD5yLVcRxzBF-8RvGnEj3xqmkitZUU8HfCwxp68Fu4RG2j_03TKgja46CHTjrlOgkq5qW1ZKRr29lVWki:1sV0zO:HQJh8MGaZoIPRKBLuu9giJ4ohQawhbIXVwrzfYWf8PA', '2024-07-20 03:44:30.847853'),('ago2ctovacjzb1vhnlr8u6lrkj7kkaqj', '.eJxVkMFuwyAQRH8l4kwswBgHH6teK_VeVdYaFpuE4MiYSFXVfy-0ObTSnmbezo72k4yQ92XMCbfRWzIQQehfbQJzwVgNe4Y4r41Z4775qalI83BT87JaDE8P9l_AAmkp2wq0tsCN7pxrNVcgO-aEwxaVnaQ-WaYct33PGJ6gNZOWYLg2vVWGg2x1CfVpTPmGW40lg4OQkJKfGxGuUG4kCLgUMOVpvdXKzz5COryWTt76C8TiBbxjKFYR5zlH-MWvGHMiwxunLZW0o4oK_l5gSPsIZvd3v3_U3zAhj6w_CnbgfKijG6Ek54p8fQNlSmkj:1sV1RH:XhzJAJFZL_33r_dyorL7k2vxRrUvg4p58W6_cxroM2I', '2024-07-20 04:13:19.270128'),('qvuxop6tie1k3s126iqr6h1el4n9yosk', '.eJxVkM1uwyAQhF8l4kws_oyDj1WvlXqvKmsNi03i4MiYSFXVdy-0ObTXmW9nRvtJBsj7POSE2xAc6Ykg9K82gr1grIY7Q5zWxq5x38LYVKR5uKl5WR0uTw_2X8AMaS7XGoxxwK1pvZeGa1At88KjRO1GZU6Oac9d1zGGJ5B2NAosN7Zz2nJQ0pTQkIaUb7jVWNJ7WBJS8tMR4QqlI8GCcwFTHtdbnfwcIqTDa9kUXLhALN6Cd1yKVcRpyhF-8SvGnEj_xqmkirZUU8HfCwxpH8Du4R72j_obJtSRdUfBDpz3ousFa6TQWhvy9Q1lhWku:1sV1gm:rPaFnuZ4S0MiRab__3mcPVy_tz5QjNpuZwvV_1vjlFA', '2024-07-20 04:29:20.329679'),('7ckpvlfmwscgrbuf8e40rm1pbqtk74vf', '.eJxVkM1uwyAQhF8l4kws_oyDj1WvlXqvKmsNi03i4MiYSFXVdy-0ObTXmW9nRvtJBsj7POSE2xAc6Ykg9K82gr1grIY7Q5zWxq5x38LYVKR5uKl5WR0uTw_2X8AMaS7XGoxxwK1pvZeGa1At88KjRO1GZU6Oac9d1zGGJ5B2NAosN7Zz2nJQ0pTQkIaUb7jVWNJ7WBJS8tMR4QqlI8GCcwFTHtdbnfwcIqTDa9kUXLhALN6Cd1yKVcRpyhF-8SvGnEj_xqmkirZUU8HfCwxpH8Du4R72j_obJtSRdUfBDpz3SvZSNFwr0XHy9Q1lZGkk:1sV1wS:DCwjcDAEUSM24i4q339WhpdZRHHms0wxt7xnGiWMlVg', '2024-07-20 04:45:32.167278'),('r12xpnp45tmikl7ppdlx0of5596ym3v1', '.eJxVjcFuwjAQRH-l8hmsjRNjb4698w3W2rtp3KKkih0khPh3EokDXGfmvbmrQGsdw1pkCZlVrxp1eM8ipT-Z9oJ_afqZdZqnuuSo94l-tUWfZ5bL92v7IRipjBsNIp6tB6ABI6DvwEYc8BQ9tyyOqfFNSym1J2wsA7MVRGcG77DtNmaT5hLK-i_LrlV9XVY5qAuVGijVfM31tt0YMN0R3NGYL2N6sL2x2lp0HajHE-OiSxI:1sVubO:dz7LcDxhvE-T1EhGEUA4arD_laL-r80NxXp3Q5RZOAY', '2024-07-22 15:07:26.094345'),('ou3u9hhfcia6kerbpiyf99vz8ykv8b10', '.eJxVkMtOwzAQRX-l8tqN_IpTZ4nYIrFHyJrYk8Y0darYroQQ_45TsoDt3DNnRveLWCh5siXhaoMnPRGE_p0N4C4Yt8B_QDwvjVtiXsPQbEizp6l5WTzOTzv7TzBBmuq2BmM8cGfacZSGa1AtG8WIErUflDl5pkfuu44xPIF0g1HguHGd146DkqZKQ7Kp3HDdtKQfYU5IyeNGhCvUGwlmnCqYyrDctpefQ4R0eK0_BR8uEGs24x3nGtXh-Vwi_OJXjCWR_o1TSRVtqaaCv1cYUrbgcriH_Ll1w4Q6su4oxEGInstemIbxzghdNa6sK8Zsd92jTf79Az3KcZc:1sVujB:SjnzCIte1Cid5QNq0dzADOEIIq_L77QOS00b98ucJOE', '2024-07-22 15:15:29.073924'),('yenolddw3px17ewndxg17273i9wh79jg', '.eJxVkMtugzAQRX8l8tpBfmEwy6rbSt1XFRrsMbghJsI4UlX132tSFu127pkzo_tFesjb1OeEax8c6Ygg9O9sAHvBuAfuA-K4VHaJ2xqGakeqI03Vy-JwfjrYf4IJ0lS2NRjjgFtTey8N16Bq5oVHidoNyrSOac9d0zCGLUg7GAWWG9s4bTkoaYo0pD7lG667lnQe5oSUPG5EuEK5kWDGqYApD8ttf_k5REin1_JTcOECsWQz3nEuURmOY47wi18x5kS6N04lVbSmmgr-XmBIWw92C_ewfe7dMKHOrDkLcRKi43Un26pR2rS6aGxeV4xbf-gebfLvHz_Lcag:1sVulG:eMJwiQM-mLVXHRMS4m4mY6NPBCoe23C9K_ct2iKzCR8', '2024-07-22 15:17:38.762542'),('jqd5ocr5ul5cn4y3i5rmj0nf04ql3yjw', '.eJxVkMtOwzAQRX-l8tqN_EzqLBFbJPYIWRN70pimThXblRDi33FKFrCde-bM6H4RCyVPtiRcbfCkJ4LQv7MB3AXjFvgPiOelcUvMaxiaDWn2NDUvi8f5aWf_CSZIU91uwRgP3Bk9jtLwFpRmoxhRYusHZU6etSP3XccYnkC6wShw3LjOt46DkqZKQ7Kp3HDdtKQfYU5IyeNGhCvUGwlmnCqYyrDctpefQ4R0eK0_BR8uEGs24x3nGtXh-Vwi_OJXjCWR_o1TSRXVtKWCv1cYUrbgcriH_Ll1w4Q6su4o5IGznoueiUZrI6SuGlfWFWO2u-7RJv_-ATy5cY8:1sW5wY:4p6SfMSFCRuUevtohIMUm0G6KhI5wq4wTnm-vDyAUoo', '2024-07-23 03:14:02.665045'),('nhwlnjcf4zs3ifohpob2wdfqais0nko5', '.eJxVkM1ugzAQhF8l8tlB_sNgjlWvlXqvKrTYC7ghJsI4UlX13WunHNrrzLezo_kiPaR97lPErfeOdEQQ-lcbwF4wFMN9QJjWyq5h3_xQFaQ63Fi9rA6Xp4P9FzBDnPO1BmMccGvqcZSGa1A1G8WIErUblGkd0yN3TcMYtiDtYBRYbmzjtOWgpMmhPvYx3XArsaQbYYlIyeNHgCvkHxEWnDMY07DeSuVnHyCeXnMn7_wFQvYWvOOSrSxOUwrwi18xpEi6N04lVbSmmgr-nmGIew9293e_f5ZtmFBn1pyFPHHRCdHJulJtI0WpZ9O2Ydj7I-6xJv_-AT5fcZw:1sW7yt:CDSst1--hkLp8mMmj9e6CqPYiG2bqg93Qr7iejZ2AzM', '2024-07-23 05:24:35.503521'),('70qpdne98peuom0f13vl55g35ovtm2cq', '.eJxVkEFvhCAUhP_KhjNrABHFY9Nrk96bxjzhoXRd3Ihs0jT974Wth_Y6872Zl_kiA6R9HlLEbfCW9EQQ-lcbwVwwFMN-QJjWyqxh3_xYFaQ63Fi9rBaXp4P9FzBDnPO1Aq0tcKMb52rNFciGOeGwRmVHqTvLlOO2bRnDDmozagmGa9NaZTjIWudQH4eYbriVWNI7WCJS8ugIcIXcEWHBOYMxjeutvPzsA8TTa_7JW3-BkL0F77hkK4vTlAL84lcMKZL-jdOaStpQRQV_zzDEfQCz-7vfP8s2TMgza8-iPnHRC9lLXXVCKVlGM2nbMOzDEfdYk3__AD7McZ4:1sW813:ZgNLYdphSFKFvpkm3fUAUUcR24TxOd4_Mls1j1hiy2g', '2024-07-23 05:26:49.897889'),('m4mjb17pjqw9ae423re6r2j01ges5h7w', '.eJxVkM1ugzAQhF8l8tlB_sNgjlWvlXqvKrTYC7ghJsJ2pKrqu9ekHNrrzLczq_kiPeQ09zni1ntHOiII_asNYC8YdsN9QJjWyq4hbX6odqQ63Fi9rA6Xp4P9FzBDnMu1BmMccGvqcZSGa1A1G8WIErUblGkd0yN3TcMYtiDtYBRYbmzjtOWgpCmhPvYx33DbY0k3whKRkkdHgCuUjggLzgWMeVhv-8vPPkA8vZafvPMXCMVb8I5LsYo4TTnAL37FkCPp3jiVVNGaair4e4Ehph5s8nefPvdtmFBn1pyFPHHRCdNxVbVC8WYfzeZtw5D6I-6xJv_-AT4AcZc:1sW85K:Hv19uheRxIDnd0mcu2kvKZk1SSrkMZcz53vB0l2Hk64', '2024-07-23 05:31:14.826263'),('ar09akvbmphrsp4ejt6xm4d1ukv2vv6y', '.eJxVkMtugzAQRX8l8tpBfmEwy6rbSt1XFRrsAdwQE2E7UlX132tSFu127pkzo_tFeshp7nPErfeOdEQQ-nc2gL1g2AP3AWFaK7uGtPmh2pHqSGP1sjpcng72n2CGOJdtDcY44NbU4ygN16BqNooRJWo3KNM6pkfumoYxbEHawSiw3NjGactBSVOkPvYx33DbtaQbYYlIyeNGgCuUGxEWnAsY87De9peffYB4ei0_eecvEEq24B2XEpXhNOUAv_gVQ46ke-NUUkVrqqng7wWGmHqwyd99-ty7YUKdWXMW8sRFV4tOiapua9Y2RWPztmFI_aF7tMm_fwA-jHGd:1sW8S2:RmYZ0VcqceSRsX9xGn1LH5jWAxgXFuMGxlD0cfkPCrQ', '2024-07-23 05:54:42.713806'),('0qobadnlv7dx8mdoylunnk85lk25u6x4', '.eJxVkEFuwyAQRa8SsSYWGAzBy6rbSt1XlTWGIaZxcGQgUlX17sWpF-12_ps3o_9FBih5GkrCdQiO9KQl9O9sBHvBuAXuA-J5aewS8xrGZkOaPU3Ny-JwftrZf4IJ0lS3FRjjgFvTeS8MVyA75luPApUbpTk5pjx3WjOGJxB2NBIsN1Y7ZTlIYao0pCGVG66blvQe5oSUPG5EuEK9kWDGqYKpjMtte_k5REiH1_pTcOECsWYz3nGuUR2ezyXCL37FWBLp3zgVVNKOKtry9wpDygPYHO4hf27dsFYemT624sBlz9ue6UYbaYSsGlvWFWMedt2jTf79Az7JcZ8:1sW9gt:OBEkyFlw7rf0o_-Afxx4rO9OXmwcbcTmDhS0RZ72abs', '2024-07-23 07:14:07.806964'),('u591x3jn37n3yo638jy5t9lkudkjydbt', '.eJxVkMtugzAQRX8l8tpBfmEwy6rbSt1XFRrsMbghJsI4UlX132tSFu127pkzo_tFesjb1OeEax8c6Ygg9O9sAHvBuAfuA-K4VHaJ2xqGakeqI03Vy-JwfjrYf4IJ0lS2NRjjgFtTey8N16Bq5oVHidoNyrSOac9d0zCGLUg7GAWWG9s4bTkoaYo0pD7lG667lnQe5oSUPG5EuEK5kWDGqYApD8ttf_k5REin1_JTcOECsWQz3nEuURmOY47wi18x5kS6N04lVbSmmgr-XmBIWw92C_ewfe7dMKHOrDkLeeKqE6KTrDJtzXlbNDavK8atP3SPNvn3Dz38cZg:1sW9qw:RgETAlYpwsheuj9q3AI4jspDHZQCC0hk8lbjBGU0AKQ', '2024-07-23 07:24:30.992470'),('2e2vil8g8rm1jw30nexrnw93hryeod5x', '.eJxVkMtugzAQRX8l8tpBfmEwy6rbSt1XFRrsMbghJsI4UlX132tSFu127pkzo_tFesjb1OeEax8c6Ygg9O9sAHvBuAfuA-K4VHaJ2xqGakeqI03Vy-JwfjrYf4IJ0lS2NRjjgFtTey8N16Bq5oVHidoNyrSOac9d0zCGLUg7GAWWG9s4bTkoaYo0pD7lG667lnQe5oSUPG5EuEK5kWDGqYApD8ttf_k5REin1_JTcOECsWQz3nEuURmOY47wi18x5kS6N04lVbSmmgr-XmBIWw92C_ewfe7dMKHOrDkLeeKqk3UnRSVV0xpWNDavK8atP3SPNvn3Dz6jcZ0:1sWA3Y:e_tgw0b2ZB2nYZpwGq9K62bmonswYKRdQ2LLv3n-gvk', '2024-07-23 07:37:32.370967'),('ci5s41o9mykjt2v9f755sly0ed3dzob5', '.eJxVkEFuwyAQRa8SsSYWGAzBy6rbSt1XFRrDOKZxcGQgUlX17sWpF-12_ps3o_9FLJQ82ZJwtcGTnrSE_p0N4C4Yt8B_QDwvjVtiXsPQbEizp6l5WTzOTzv7TzBBmuq2AmM8cGe6cRSGK5AdG9sRBSo_SHPyTI3ca80YnkC4wUhw3DjtleMghanSkGwqN1w3LelHmBNS8rgR4Qr1RoIZpwqmMiy37eXnECEdXutPwYcLxJrNeMe5RnV4PpcIv_gVY0mkf-NUUEk7qmjL3ysMKVtwOdxD_ty6Ya08Mn1sxYHrnsme64ZrrZWqGlfWFWO2u-7RJv_-AT8xcaI:1sWCNV:VX2X633TeNzHuhz6BteAMQiyB85GXjUUwV_txCGGYHU', '2024-07-23 10:06:17.193541'),('rtcpc04yclwt5tvb5h0l8tqu720yoq0u', '.eJxVkMFuhCAQhl9lw5k1IAjisem1Se9NY0YYlK6LG5FNmqbvXtx6aK_zf_PN5P8iPeRt6nPCtQ-OdKQm9O9sAHvBuAfuA-K4VHaJ2xqGakeqI03Vy-JwfjrYf4IJ0lS2FRjjgFvTeC8MVyAb5muPApUbpGkdU547rRnDFoQdjATLjdVOWQ5SmCINqU_5huuuJZ2HOSEljxsRrlBuJJhxKmDKw3LbX34OEdLptfwUXLhALNmMd5xLVIbjmCP84leMOZHujVNBJW2oojV_LzCkrQe7hXvYPvduWC3PTJ9rceK6Y7qTbdUYqY0qGpvXFePWH7pHm_z7B0DWca8:1sWCQu:2dRFvKLQgF0peWIWW6bXWS5BiGbviKv3hjAfg9KRUHI', '2024-07-23 10:09:48.600153'),('ket1tr0miarpf3xd9i1jzpe8w0amz527', '.eJxVkM1uwyAQhF8l4kws_oyDj1WvlXqvKmsNS0zj4MiYSFXVdy-kPrTXmW9nVvNFBsjbNOSE6xAc6Ykg9K82gr1grIb7gHheGrvEbQ1jU5Fmd1Pzsjicn3b2X8AEaSrXGoxxwK1pvZeGa1At88KjRO1GZU6Oac9d1zGGJ5B2NAosN7Zz2nJQ0pTQkIaUb7jWWNJ7mBNS8uiIcIXSkWDGqYApj8utvvwcIqTDa_kpuHCBWLwZ7zgXq4jnc47wi18x5kT6N04lVbSlmgr-XmBI2wB2C_ewfdZtmFBH1h2FPPCu56yXbSO0FLKOZvO6YtyGPe6xJv_-AT0QcY8:1sWCTb:PnDLvSqu1Cay2N8xe-Aqnpnn9shIc1Vd965a1pBvWRc', '2024-07-23 10:12:35.267248'),('x59w6v82gdud0ydqfbcbs6mr4xr7diuw', '.eJxVkMtOwzAQRX-l8tqN_IpTZ4nYIrFHyJrYk8Y0darYroQQ_45Ds4Dt3DNnRveLWCh5siXhaoMnPRGE_p0N4C4Yt8B_QDwvjVtiXsPQbEizp6l5WTzOTzv7TzBBmuq2BmM8cGfacZSGa1AtG8WIErUflDl5pkfuu44xPIF0g1HguHGd146DkqZKQ7Kp3HDdtKQfYU5Iye-NCFeoNxLMOFUwlWG5bS8_hwjp8Fp_Cj5cINZsxjvONarD87lEeOBXjCWR_o1TSRVtqaaCv1cYUrbgcriH_Ll1w4Q6su4o5IF3PTc9k40ymgtWNa6sK8Zsd92jTU6-fwAhDnHb:1sWCbn:Ca8g-Oqe6P3fyHH9t14y8lPDT3_oCBl2gvrNYq7pfv0', '2024-07-23 10:21:03.498800'),('yxrlz3mqml2l9uahzgudktw6ycu29sl8', '.eJxVkMtOwzAQRX-l8tqN_IpTZ4nYIrFHyJrYk8Zt6lSxXQkh_h0HsoDt3DNnRveTWCh5siXhaoMnPRGE_p0N4K4Yt8BfIJ6Xxi0xr2FoNqTZ09S8LB7np539J5ggTXVbgzEeuDPtOErDNaiWjWJEidoPypw80yP3XccYnkC6wShw3LjOa8dBSVOlIdlU7rhuWtKPMCek5OdGhBvUGwlmnCqYyrDct5efQ4R0eK0_BR-uEGs24wPnGtXh-Vwi_OI3jCWR_o1TSRVtqaaCv1cYUrbgcniE_LF1w4Q6su4o5IF3vWh7xRollW5V1biyrhiz3XV7m5x8fQOS-HIP:1sWCiC:zozct4IwkT7gB6_4yLgqLiOesAUcNtwthC80ZeGSGgA', '2024-07-23 10:27:40.466935'),('h4xadflj6u9uvjra6i8hs07vg8mxcncg', '.eJxVkEFuwyAQRa8SsSYWGIyDl1W3lbqvKjSGISZxcGQgUlX17sWtF-12_ps3o_9JDJQ8mZJwNcGRgbSE_p2NYK8Yt8BdIJ6Xxi4xr2FsNqTZ09S8LA7np539J5ggTXVbgdYOuNWd90JzBbJjvvUoULlR6pNjynPX94zhCYQdtQTLte2dshyk0FUakknljuumJYOHOSElPzci3KDeSDDjVMFUxuW-vfwcIqTDa_0puHCFWLMZHzjXqA7P5xLhF79hLIkMb5wKKmlHFW35e4UhZQM2h0fIH1s3rJVH1h9bceD9INjQ6YZLoQSrGlvWFWM2u25vk5Ovb5Kxcgw:1sWCnL:n0BjwY98rf1HhxC9xAKks6zZQJCugTq3w-QeVraS_Yc', '2024-07-23 10:32:59.148074'),('gc5sbvi03u93q1ctt1vcnrh5urd60pjw', '.eJxVkMFuhCAQhl9lw5k1IAjisem1Se9NY0YYlV0XNwKbNE3fvdh6aK_zf_PN5P8kPeQ09zni1ntHOlIT-nc2gL1i2AN3gTCtlV1D2vxQ7Uh1pLF6WR0uTwf7TzBDnMu2AmMccGuacRSGK5ANG-sRBSo3SNM6pkbutGYMWxB2MBIsN1Y7ZTlIYYrUxz7mO267lnQjLBEp-bkR4AblRoQF5wLGPKz3_eVnHyCeXstP3vkrhJIt-MClRGU4TTnAL37DkCPp3jgVVNKGKlrz9wJDTD3Y5B8-fezdsFqemT7X4sR1J0RX60ppxVpeNDZvG4bUH7qjTU6-vgGT1XIV:1sWCpj:3ZvHWX1wnYW1xLxmSL5QG3Z-BGDiSgDiZpoKbN_JoxM', '2024-07-23 10:35:27.694964'),('1sckxfpgigdjm7098drzwfl4s47boa7l', '.eJxVkMtOwzAQRX-l8tqN_IpTZ4nYIrFHyJrYk8Zt6lSxXQkh_h0HsoDt3DNnRveTWCh5siXhaoMnPRGE_p0N4K4Yt8BfIJ6Xxi0xr2FoNqTZ09S8LB7np539J5ggTXVbgzEeuDPtOErDNaiWjWJEidoPypw80yP3XccYnkC6wShw3LjOa8dBSVOlIdlU7rhuWtKPMCek5OdGhBvUGwlmnCqYyrDct5efQ4R0eK0_BR-uEGs24wPnGtXh-Vwi_OI3jCWR_o1TSRVtqaaCv1cYUrbgcniE_LF1w4Q6su4o5IF3vdS90o3hTIq2alxZV4zZ7rq9TU6-vgGTbXIR:1sWCsw:Qrs-hpybeo4Sk2uuEy4ukiVFJpCle2bvib4KmE7JcwQ', '2024-07-23 10:38:46.924464'),('21r8q4yvraawitc2gexsvu45twv1rsmt', '.eJxVkEFuwyAQRa8SsSYWGAzBy6rbSt1XFRrDOCZxcGQgUlX17sWtF-12_ps3o_9JLJQ82ZJwtcGTnrSE_p0N4K4Yt8BfIJ6Xxi0xr2FoNqTZ09S8LB7np539J5ggTXVbgTEeuDPdOArDFciOje2IApUfpDl5pkbutWYMTyDcYCQ4bpz2ynGQwlRpSDaVO66blvQjzAkp-bkR4Qb1RoIZpwqmMiz37eXnECEdXutPwYcrxJrN-MC5RnV4PpcIv_gNY0mkf-NUUEk7qmjL3ysMKVtwOTxC_ti6Ya08Mn1sxYHrXrKem0YzbRSvGlfWFWO2u25vk5Ovb5PhchY:1sWCwN:224PDA_7KXqd0rYyjfSG0CIPKVwhLLKeUKPv92f73l4', '2024-07-23 10:42:19.725965'),('0y8fwgtkqvc8wrrln6ts3bmqcm0fazvm', '.eJxVkEFvhCAUhP_KhjNrQBDFY9Nrk96bxjzhqey6uBHYpGn63wuth_Y6872Zl_kkA6S4DCngPjhLelIT-lcbwVzRF8NewM9bZTYfdzdWBakON1Qvm8X16WD_BSwQlnytQGsL3OhmmoTmCmTDpnpCgcqOUneWqYnbtmUMOxBm1BIM16a1ynCQQudQF4aQ7riXWNJPsAak5KfDww1yR4AVlwyGNG738vKz8xBOr_knZ90VfPZWfOCarSzOc_Lwi9_Qp0D6N04FlbShitb8PcMQ4gAmuoeLH2UbVssza8-1OPG2l7qvdSUkV10ZzaR9Rx-HI-5Yk5Ovb5Sdcho:1sWD5F:CzR_hXXuaK121AlM7abYFu7l0hEyRQkQZz_KvVHVvqo', '2024-07-23 10:51:29.361400'),('kd1z2hjzwbsc4tqaytxkxddsnilj1m2q', '.eJxVkMtugzAQRX8l8tpBfmFjllW3lbqvKjTYAzghJsI4UlX132taFu127pkzo_tJOsjb1OWEaxc8aYkg9O-sB3fFuAf-AnFcKrfEbQ19tSPVkabqZfE4Px3sP8EEaSrbGqz1wJ2th0FarkHVbBADStS-V7bxTA_cG8MYNiBdbxU4bp3x2nFQ0hZpSF3Kd1x3LWkHmBNS8nMjwg3KjQQzTgVMuV_u-8vPIUI6vZafgg9XiCWb8YFzicpwHHOEX_yGMSfSvnEqqaI11VTw9wJD2jpwW3iE7WPvhgl1ZuYs5ImbtpatMpURSjSmaFxeV4xbd-iONjn5-gaUmHIb:1sWD9P:OzRqwSa3cI7RCPuf-0v6XyIkJgtDdbGmnX-bjJACGRk', '2024-07-23 10:55:47.742852'),('5f5nvejezqcgfm4p0c8tdjmzyrsj2t4n', '.eJxVkMtugzAQRX8l8tpBfmEwy6rbSt1XFRrsMbghJsI4UlX132tSFu127pkzo_tFesjb1OeEax8c6Ygg9O9sAHvBuAfuA-K4VHaJ2xqGakeqI03Vy-JwfjrYf4IJ0lS2NRjjgFtTey8N16Bq5oVHidoNyrSOac9d0zCGLUg7GAWWG9s4bTkoaYo0pD7lG667lnQe5oSUPG5EuEK5kWDGqYApD8ttf_k5REin1_JTcOECsWQz3nEuURmOY47wi18x5kS6N04lVbSmmgr-XmBIWw92C_ewfe7dMKHOrDkLeeJtx1kndMVr3ihVNDavK8atP3SPNvn3Dz2acZQ:1sWDPW:3cjHtRSISKyfyaWYGY9VlCUiq9hU7d7yXgB-Ra4Hn5I', '2024-07-23 11:12:26.226260'),('xl5d9hr6lzelt4ikpjsk8mvifvfja3m8', '.eJxVkMFuhCAQhl9lw5k1IIjisem1Se9NQ0YYlV0XNwKbNE3fvdh6aK_zf_PN5P8kBnKaTY64Ge9IT2pC_84GsFcMe-AuEKa1smtImx-qHamONFYvq8Pl6WD_CWaIc9lWoLUDbnUzjkJzBbJhYz2iQOUGqTvH1Mhd2zKGHQg7aAmWa9s6ZTlIoYvURxPzHbddS_oRloiU_NwIcINyI8KCcwFjHtb7_vKzDxBPr-Un7_wVQskWfOBSojKcphzgF79hyJH0b5wKKmlDFa35e4EhJgM2-YdPH3s3rJZn1p5rceJdz3Uvm0oz2bRt0di8bRiSOXRHm5x8fQOVBXIe:1sWDYX:djCKyD1LI9lpw18vlw3DnjhfVt4-ocmtD0LANotESvQ', '2024-07-23 11:21:45.915577'),('0skg70x4wcgkr8lddx1yeo8zao3slb98', '.eJxVkMtOwzAQRX-l8tqN_MjLWSK2SOwRsib2ODFNnSq2KyHEv-PQLGA798yZ0f0iGnKadY64aW_JQAShf2cjmAuGPbAfEKa1MmtImx-rHamONFYvq8Xl6WD_CWaIc9luQSkL3KjGOal4C3XDnHAosbVjrXrLWsdt1zGGPUgzqhoMV6azreFQS1WkPuqYb7jtWjI4WCJS8nsjwBXKjQgLzgWMeVxv-8vPPkA8vZafvPUXCCVb8I5LicpwmnKAB37FkCMZ3jiVtKYNbang7wWGmDSY5O8-fe7dMFGfWXcW8sT7QTQDk1Une8Fk0Zi8bRiSPnSPNiX5_gEg5XHc:1sWDdf:oJNH7U0tgQMn5oSQDSU6MnC_MoY-IgHAbX7Dm2DIocg', '2024-07-23 11:27:03.745211'),('4r4rnzgmsw50mnvfdljf0hhkv3pynahl', '.eJxVkE1vgzAMhv9KlXPKEhI-wnHaddLu04RMYiAtBESSatO0_76wcuhulp_Xjy1_kxZiGNvocWutIQ3JCX3sdaCv6HZgLuCGJdOLC5vtsj2SHdRnr4vB6fnI_hOM4Mc0XYJSBrhWRd8LxUuQBevzHgWWppOqNqzsuakqxrAGoTslQXOlK1NqDlKoJLW-9XHFbdeSpofJIyV_OxzMkHZ4mHBMQR-7Zd1PfrEO_Okt3WSNvYJLbMIbTgml5jBEB_f4jC560rxzKqikBS1pzj9SGHxoQQd7s-Fr_w3L5ZlV51yceN1I3jCe5ayqpEgaHbcNXWgP3f2bO3D4GVL5tKLDzc4A7rEkP7-GZH1S:1sWDt7:cR5VR89yer7Rm1rN2L8hZFtgIAVv02Sq1RjFWExJtng', '2024-07-23 11:43:01.231388'),('i8vqfiprf7xffpy6kkcujoxkgynj28fe', '.eJxVkE9PhDAQxb_Kpucu0j-ULUfj1cS7MWRoB6gLhdB2ozF-d4tyWG-T-b158_K-SAspjm0KuLXOkoZwQu93HZgr-h3Yd_DDUpjFx811xS4pDhqK58Xi9Hho_xmMEMZ8rUBrC8zoqu-FZgpkVfa8R4HKdlJfbKl6Zuu6LPECwnRagmHa1FYZBlLobOpCG9KK225Lmh6mgJT8_vAwQ_4RYMIxC0PqlnWP_OQ8hNNLzuSsu4LPbMIbThnl5TAkD3_yGX0KpHllVFBJK6ooZ29ZDCG2YKK7ufi5d1NyeS7rMxcndmkq1UhRMClqvsczadvQx_awO9pkmXj8iHl-WNHj5mYAfz-S7x8CdX2R:1sWE8J:CFllNhwKtw1r4g5Hq2t7KZ1r_O0hf9ZdmB-nGnVCk0E', '2024-07-23 11:58:43.158728'),('d2pmxan05fxtikjzw3jh7uemsmpbydod', '.eJxVj0luwzAMRa9SaJ0oGqxY8rL7nsGgRHpoEznQEKQoevfKaBbtjuD7_xH8YiPUsow1UxpXZAOT7PB35yF8UNwBvkOcNx62WNLq-R7hT5r524Z0eX1m_wkWyEtrCyKLxgoBk_PC2U4Y7yZ39hY1Uo8grdQQgj47aVAgGnKuV5Ptne5ap0nXPOZ6o7Rr2VBSpQO7QC4jhLLe1_LZziihuqPoj0q_SDeYfpAdt1ZKZ5og1JQolmbxV4r191_VQKRHaePpBnNFqHk-se8f1PFamQ:1sWF4s:4_eyZbrjrWzs7pIBk3gD5Df7-lcZVAn_kAhXBClrpjY', '2024-07-23 12:59:14.914356'),('2mp1132jsncpti6awenskvfn1ccm4lib', '.eJxVj8tOwzAQRX8Fed26YztO7CzZ8w2WHxNiCA7yo2qF-Hcc0QXsRnPuPaP5Isa2uppWMJsYyEwYOf3dOevfMR0gvNn0ulO_p5qjo0eEPmihL3vA7fmR_SdYbVl7GxBVkArALtqBVgNIpxc9OhVEwClYppiw3otRMxkgBIlaT3xRkxZD73RpLKa0T8yHlsw1NzyRzZZqrK_xGuu9n-HAhzNMZy6eOMwgZyapEAMTYxf4ljOm2i3uA1P7_VdAJwlvtc-XQ73hFbcL-f4BJ-Faxg:1sWFCd:gKn13CDx4EiGFO5T9NxbFz-bKlHg8hNjOeNBHyswyNI', '2024-07-23 13:07:15.362921'),('6mxuggtzqr1a6gpms25tdzojlfztliv7', '.eJxVkMFqwzAQRH8l6KwYyZblrI-l10LvpZi1tLKVOHKwrEAp_fdKbQ4t7Gnm7eywn2zAtM9DirQN3rKe1Yz_1UY0FwrFsGcM01qZNeybH6uCVA83Vi-rpeXpwf4LmDHOeVsjgEVpoHWuAalRtcLVjhrSdlRwskI7abtOCDphY0ZQaCSYzmojUTWQQ30cYrrRVmJZ73CJxNnPjYBXzDciLjRnMKZxvZXKzz5gPLzmTt76C4bsLXSnJVtZnKYU8Be_UkiR9W-SN1zxluv3TGLcBzS7v_v9ozxG1OooumOtDhL6PK2sJIBUNfv6BjZlaKo:1sWayF:5_audndVDyjoq5wxVcxUkmPNeN_ZeF9uX2xedJECiow', '2024-07-24 12:21:51.334408'),('xe7p89ktz97ktfl3xwwj6jkw59lycv74', '.eJxVkMFuwyAMhl-l4pymEAgpOU67Ttp9miIHnISGkipAtWnau4-sOWw3y9_n35a_SAcpTl0KuHbWkJZUpPjb60HP6DdgLuDHpdSLj6vty00pdxrKl8Wge9rdfwEThClPS1DKANOqHgaumARR06EakKM0vVBnQ-XATNNQimfgulcCNFO6MVIzEFzlUBu6kG64brGkHcAFLMjvDg9XyDsCOJyyGFK_3LaTn62HcHjNN1ljZ_CZObyjyyg3xzF5eOhX9CmQ9o0VvBBFXcj3bEKIHeho7zZ-bo-hlTjS5liJA1NtVbe1KKngXImcodO6oo_dnvV4pczA40fM5cmAn9GdyPcPDKx20g:1sWb46:TgqH39XW7pD5G5VSr-agaMLjnsomB4D0gShz34CzFKA', '2024-07-24 12:27:54.064026'),('61822i63gv8rms8xvwh70fk6yvbg0irp', '.eJxVj0tuwzAMRK9SaJ3Y-tiR5GX3PYNBiXSsNpEDfYIURe9eGc2iBbggODNvwC82Qy3rXDOlOSCbmGCHvzcH_oPiLuA7xPPW-S2WFFy3W7qnmru3Deny-vT-A6yQ15bmRAZHwzks1nFrBj46u9iTM6iQNIIwQoH36mTFiBxxJGu1XIy2amiZBg15zvVGaceyqaRKB3aBXGbwJdxD-Ww1ksvhyPVRDi_CTkq36ZTgDd4AvqZEsTSKu1Ksv_9K2ZRIj9L2HiFCf0vbOcG1Z98_OvRbtw:1sWbFR:QQQ3mRJJnnjGbjJsPlzV_RBwdG6W9NPDshlVAipt3lw', '2024-07-24 12:39:37.333037'),('hlnq2t9api9qc3m8fjly9v9awkoozy5r', '.eJxVj81uwyAQhF-l4py4a2MM-Jh7nwEtsK5pExzxUyWq-u7Fag7pbbQz863mmxmsZTU1UzLBs5n17PB8s-g-Ke6G_8D4vnVuiyUF2-2R7uHm7m3zdD49sv8AK-a1tYFIeaEAcNEWtBpBWL3oySrPPUmPveo5Oscn3QsP3gvSWg6LkpqPrdOgIZtcr5R2LJtLqnRgZ8zFoCvhK5R7ezPAMB5BHofxZYAZ1CxEB5PsQTaAqylRLI1iLxTr317ejEi30uTrlSKlcEGMz5L9_AIxy183:1sWbjj:TD95rWn7wVeFoKwPy0T3T-f7quDLerhg4bx1H_FrdYI', '2024-07-24 13:10:55.328197'),('a9jgm36b2mi8lbv26iaxuiphm0j3xra4', '.eJxVjcFuwyAQRH8l4pygBQwGH3vvN6CFXdc0kV0ZXCmK8u-xpRza68y8Nw8RcWtT3CqvsZAYhBLnv1nCfOX5KOgb569F5mVua0nymMh3W-XnQnz7eG__CSas004DsyfrAXAMCYLvwKYwBpc8GeKeUHllMGfjgrIERJZD6PXo-2C6ndmlpca6_fB6aMXQ1o3P4oa1Rcyt_JZ232806O4C_UV3Jw2DcoP10jljtRPPF-PtSxg:1sWbrW:iUgnZiIbZkHw9ZY_rv1dFnATrM7JyEavGs43azBhTpU', '2024-07-24 13:18:58.672039'),('3a1ds1w56x7ffphsznrefaszgdwpqljp', '.eJxVj8tOxDAMRX8FZT3TukkfSZfs-YbKiV0amElHeSAQ4t9JYRaws3zuPZY_xYIlb0tJHBdPYhadOP3dWXSvHA5ALxie98btIUdvmyPS3Glqnnbiy-M9-0-wYdpqG5g1DRoAV2PB6B4Ga1YzWk2KeCLsdKfQOTWabiAgGtiYSa56MqqvnSr1aUnlxvHQijnHwidxwZQXdNm_-fxRz0iQ_Rmms-wfJMxSzqAakGqUQxW4EiOHXC32yqH8_vtDAr_nOreEAduKow-uLTfCzG0nvr4BI6Feig:1sWbwR:WIcu38yIzrBsUnERqc7TRUUx27r5YucjwDbvbHxSxFs', '2024-07-24 13:24:03.081004'),('tv5r8iq5fujcuw131q0n84p2wuxklryz', '.eJxVj8tOxDAMRX8FZT3Tpnm0SZfs-YbKid1pmJkU5YFAiH8nFbOAneVz77H8xRaoZVtqprQEZDMb2OnvzoG_UjwAvkK87J3fY0nBdUeke9DcvexIt-dH9p9gg7y1NicyqA3nsFrHrVFcO7va0RmUSBPCYAYJ3svRDho5oiZrJ7GayUrVOk0a8pLrG6VDy-aSKp3YDXJZwJfwHspnOyO4UGc-nYV6EnyWZpaq06Myk24CX1OiWJrF3SnW33-FaiTSR2lzjxChb_hKlwAFYs--fwCxjl1a:1sWcCQ:-ObLUI03BUlbVwvcF91gCvhconK_3PPJwOvHdAi6-2I', '2024-07-24 13:40:34.584862'),('9mgrr4rp7a1xjce1ctib2o3cvo8v0902', '.eJxVjEEOwiAQRe_C2hCQ0jJduvcMZGCmFjXUQFkZ726bdKHb__57b-GxrbNvlYtPJEahxel3CxgfnHdAd8y3RcYlryUFuV_kQau8LsTPy_H9C8xY581WzI6sUwonCApcp2yACfrgyBAPhNppgzGaHrQlRWQZYDhPbgDTbc4WTdXX9uKyZ8W4lsafL5LYP4c:1sWcJ1:Fv6IN59npOGcq6phkPBSQ-TQ-GfbhPQm3GnyWh02Gus', '2024-07-24 13:47:23.077104'),('s4512ohbieqj3w5bv3tgkr4h2c2pw4sg', '.eJxVj8tuxCAMRX-lYj2TECAJZNl9vwEZ7EzozJCKR9Wq6r-XqLNod5bPvcfyF7NQy2ZrpmQDsoUN7PR358BfKR4AXyFe9s7vsaTguiPSPWjuXnak2_Mj-0-wQd5amxNpHDXnsBrHjVZ8dGY1k9MokWaEQQ8SvJeTGUbkiCMZM4tVz0aq1mnSkG2ub5QOLVtKqnRiN8jFgi_hPZTPdkZwoc58Pgv1JPiipoXLbpKCz7oJfE2JYmkWd6dYf_8VqpFIH6XNPUKEvuErXQIUiD37_gGuK11M:1sWcJf:dQhLpoddXmtnes9KtfGpHyGD1cvZ9C66N6PuutcT3QA', '2024-07-24 13:48:03.653132'),('84ohvrlkce8r1ggrjehiwkpr2t81wfu1', '.eJxVj8tOxDAMRX8FZT3T5tU26ZI931A5sTsNM5OiPBAI8e-kYhaws3zuPZa_2AK1bEvNlJaAbGaCnf7uHPgrxQPgK8TL3vk9lhRcd0S6B83dy450e35k_wk2yFtrcyKDg-EcVuu4NZoPzq52dAYV0oQgjFDgvRqtGJAjDmTtJFczWaVbp0lDXnJ9o3Ro2VxSpRO7QS4L-BLeQ_lsZySX-syns9RPks-DnJXulBR8PAS-pkSxNIu7U6y__0rdSKSP0uYeIULf8JUuAQrEnn3_AK0yXUg:1sWcPy:x8hH63hyCTrthgN1Q9-stLaHil5GyS0twUbFpP4NSSs', '2024-07-24 13:54:34.323647'),('0y240m3m1rxc64damybgclqi5a3t4dw0', '.eJxVj8tuwyAQRX-lYp3YgE0MXnafb0ADM45pElzxiFpV_fdiNYt2N5pz7xnNF7NQy2prpmQDspkJdvi7c-CvFHeAbxAvW-e3WFJw3R7pnjR35w3p9vrM_hOskNfW5kQaleYcFuO40SNXzizm5DQOSBOC0GIA74eTEQo5oiJjJrnoyQxj6zRpyDbXd0q7ls0lVTqwG-RiwZfwCOWznZFcjkc-HeX4Ivms1Cx1NwkuzC7wNSWKpVncnWL9_VcOjUT6KG3uESL0V7oEKBB79v0DlzxcCQ:1sWcSm:V4x0HPjagm0G3MxsnOHBH4ZvmN46Xddux3O9j12nlXY', '2024-07-24 13:57:28.756712'),('65bl97ibwt8orkx5vgx4cq4bx61lkxah', '.eJxVj8tugzAQRX-l8joBY7CxWXbfb0Bjz1DcEBP5EaWq-u81ahbtbjTn3jOaLzZDyetcEsXZI5tYx05_dxbchcIB8APC-964PeTobXNEmidNzduOtL0-s_8EK6S1tjmRRqk5h8VYbvTApTWLUVZjjzQidLrrwblemU4iR5RkzCgWPZp-qJ0q9WlO5Ubx0LIpx0IntkHKM7js7z5_1jOCi-HMx7MYXgSfpJ562SihjOJV4EqMFHK12CuF8vuvqiDQI9exRQgX2trkrzcILfv-AUFiW_w:1sWcVn:89PihtDicrTI7v7FwBgCb8zS2g50e296nV3jTuH24j0', '2024-07-24 14:00:35.653302'),('4t44ficbwm1muejsop35k0atj24kyuv8', '.eJxVj8tOxDAMRX8FZT3TukkfSZfs-YbKid1pmJkU5YFAiH8nFbOAneVz77H8JRYseVtK4rh4ErPoxOnvzqK7cjgAvWK47I3bQ47eNkekedDUvOzEt-dH9p9gw7TVNjBrGjQArsaC0T0M1qxmtJoU8UTY6U6hc2o03UBANLAxk1z1ZFRfO1Xq05LKG8dDK-YcC5_EDVNe0GX_7vNnPSNB9meYzrJ_kt0MalamkRpGkFXgSowccrXYO4fy-69UlQT-yHVuCQO2V754zBha8f0DlFNb_A:1sWcah:4GhF7DyIeuEYwebBF2_ephiT1SHFe64Axbtaj-Rkm3I', '2024-07-24 14:05:39.328522'),('rltpwyv9eevr7qyu57m3jkr7hsaoemqh', '.eJxVjUluxCAQRa8Sse6mmdyAl9nnDAio8pC2cIshShTl7sGSF8mmSqr__qtv4nyri2sFs1uBjISTy99b8PGB6Qjg3ad5p3FPNa-BHgg900LfdsDt9WT_CRZflt5miAYGw5ifbGDWKDYEO9l7MCABNXhuuPQxyrvlAzCAAa3VYjLaStU7XboWV9oT86ElY80NL2TzpTof6_qx1q_-RjChrkxfhXoRfORsZJYqobQUXZDws3bmBr6Vuc_0wO1cz7zPN_LzC_JhVxw:1sWcgz:VHzzecoAnalKo07QNCBXHVnhsmZaT1Ie5jAw2b4ou3U', '2024-07-24 14:12:09.441367'),('s9c1yh7w33thlh0488fwadm07z5c87ee', '.eJxVj8tOxDAMRX8FZT3T5tG0SZfs-YbKid1pmJkU5YFAiH8nFbOAneVz77H8xRaoZVtqprQEZDMT7PR358BfKR4AXyFe9s7vsaTguiPSPWjuXnak2_Mj-0-wQd5amxMZ1IZzWK3j1gxcO7va0RlUSBOCMEKB92q0QiNH1GTtJFczWTW0TpOGvOT6RunQsrmkSid2g1wW8CW8h_LZzkguhzOfzlI_iWmWauaik6O04yHwNSWKpVncnWL9_VcOjUT6KG3uESL0DV_pEqBA7Nn3D7AXXVQ:1sWvcj:eEKVIjs1QaviI8rHGGQF6myOlxaHP4wme7hVlLfwM4s', '2024-07-25 10:25:01.294604'),('8moygumhm97t2fzy1tlv95m9kgd33obd', '.eJxVjcsOwiAURH_FsLaERxHo0r3fQC7cW4ua1hRqYoz_bpu40O3MnDMvFmCpQ1gKzSEj65hk-98sQrrSuBV4gfE88TSNdc6RbxP-bQs_TUi343f7JxigDCstiBwaJwT0PgrvWmGi7_0hOtRIFkE6qSElffDSoEA05L1VvbNetyuzSnMJZbnTvGlZV-eF9uwGpQZINT9yfa43Sqi2EbZRZidtp2UnNddKtc6w9wfjsksP:1sWvkf:1QY5gIUMNHbQXU4rcmuLZ__oOjqKuwczEKwfowReWEQ', '2024-07-25 10:33:13.343288'),('tqy6pek4sod12fivy6mwmt78pxhmj0ln', '.eJxVj8tOwzAURH8Fed26fsZ2luz5BsuPG2IIDvKjaoX4dxzRBexGd2bO6H4h63pbba9QbIpoRhSd_t68C--QDyO-ufy647DnVpLHRwQ_3Ipf9gjb8yP7D7C6uo42AdBRakLcYjwxWhDpzWImryOPoKKjmnIXAp8MlZHEKMEYxRatDBejM6Cp2to_oRxYNLfS4YQ2V5t1oaVravcxwwgTZ6LOTD5RNQsyU4qF4BOdBiD0UiC3QfEfkPvvv-xAZ7i1oS8bXGG7oO8fvxhZFg:1sWvtL:ia1p1BbwIa9wJFQC2tkyVLLQlUNpiiia3dYU7vIWc40', '2024-07-25 10:42:11.468717'),('s4bcv1vx5qi3931a4whob6kmtfcdszjr', '.eJxVj8lOBCEURX_FsO4mjAXU0r3fQID3ykJbyjCYGOO_S8Ve6PYO5-Z-ER9G3_1oWH0GshJOLn-1GNIrltOAl1CeD5qO0muO9IzQu9vo0wF4e7xn_wH20PbZZogWtGUsbC4yZxXT0W1uiRYkoIHALZchJbk4roEBaHTOiM0aJ9XsTGhuvo13rCeWrL0OvJBbaN2H1PNH7p9zRjChrsxchX7gZlV6FYpqLvUiJiCNWrH0SYlvWMbvX0G-fwCuJlPB:1sWvyO:UQCXmRcPc04XiHkx8_pm6wbGN9fceeWm119gjMPwwCg', '2024-07-25 10:47:24.515565'),('w9vzs3g9hjdlabcev07tmw9r6hspwzdi', '.eJxVj0lOxDAQRa-CvO62HA9JOUv2nMGyXRViaBzkAQkh7o4jegHbP7yv_8Wc7213vVJxCdnKJnb5qwUfXymfBr74_HzweORWUuBnhN_dyp8OpNvjPfsPsPu6j7YgAjQghN9sEBa0MMFudg6ACmlBP8GkfIxqtpNBgWjI2kVusFilR2dAU3W1v1M5sWxtpdOF3XxtzseWPlL7HDNSSH0Vy1WahwlWYVatOYCaQQ1A7KVQboMS3ij337-Sff8Ar7JTzg:1sWwI4:j_1Yi4oeTystN7amOp9CC0yVRck7xpqv_zOrKDyUDpY', '2024-07-25 11:07:44.883683'),('ky0b4f7ii9wiheippsxz1pss0lcu1zq8', '.eJxVj8tuxCAMRX-lYj3DACEJZNl9vwEZ7DzaGTLiUbWq-u8l6izaneVz77H8xRzUsrqaKbkN2cQkO_3deQhvFA-ArxCXnYc9lrR5fkT4g2b-siNdnx_Zf4IV8tragshgb4SA2XphjRa9t7MdvMEOaUSQRnYQQjdY2aNA7MnaUc1mtJ1unSbdssv1TunQsqmkSid2hVwchLK9b-WznVFC6bMYz6p_kmaSapID10pqcQhCTYliaRZ_o1h__1UNRPoobbzcYakINS8X9v0D0RNahw:1sWwOO:sEvll78NtZaWRpQjzUK_Wv0ykzE24tsFZOROQ6sSH5s', '2024-07-25 11:14:16.543821'),('1ff3dg9yk48ls2uxiu0p18qqk4m30xcy', '.eJxVj8tugzAQRX-l8joB22CwWXbfb0Bjz1DcEBP5EaWq-u81ahbtbjTn3jOaLzZDyetcEsXZI5uYYKe_OwvuQuEA-AHhfW_cHnL0tjkizZOm5m1H2l6f2X-CFdJa25xIo9Kcw2IsN7rnyprFDFZjhzQiCC06cK4bjFDIERUZM8pFj6bra6dKfZpTuVE8tGzKsdCJbZDyDC77u8-f9Yzksj_z8SzVi9CT5JPiTT8KJboqcCVGCrla7JVC-f13qCDQI9exRQgX2trkrzcILfv-AT5QW-4:1sWwWg:u_3m6FFyYDuR2dTUwJvj6hf2zcgODhhX6GWuIYrEoAQ', '2024-07-25 11:22:50.550521'),('sy53v26cxz2ediyzg6mlqobqjz31zlsb', '.eJxVj0luAyEURK8SsbYRQ2Ogl9nnDAj4v9MkDh0xWLIs3z204oW9reGV6kac7211vWJxCchMODk8a8HHb8y7AV8-f240brmVFOgeoQ-30o8N8Pz-yL4AVl_X0WaIBpRhzC82MGsmpoJd7CkYkIAaPDdc-hjlyXIFDEChtVosRls5jc6Apupq_8WyY8ncSscDOfvanI8tXVK7jhnBxHRk-ijUGzezNDMX1KhJMz0AsZeCuQ1K-MHc__8KSe5_Ax9T_Q:1sWwnU:WU5cJ0CIqc2a1FaYtjtqNYbJt8JEDBYurZxcMWYMgTg', '2024-07-25 11:40:12.854707'),('38hnujt0pe231tu6j5r0umwrueoes4oq', '.eJxVj0luwzAMRa9SaJ3YGuxY9LL7nsGgRDp2m8iBhiBF0btXRrNodwTf_4_gl5iw5GUqieO0khiFEoe_O4f-g8MO6B3DeWv8FnJcXbNHmidNzdtGfHl9Zv8JFkxLbUtmS72VEmdwEmwnewcznJwlQzwQKqsMem9OoHqSRD0DDHq2A5iudqp0TVMqN467Vow5Fj6IC6Y8oc_rfc2f9YyWujvK4aj7FwVjZ0elG7AKhq4KfImRQ64Wd-VQfv_VppLAj1znljBge4vbOeK1Fd8_P3FbzA:1sWxtE:GRwcuI15j-a5DnMiagDpeJwf3CB0xlCxDvbCe7O4BW4', '2024-07-25 12:50:12.982977'),('3ylo58p8iyswsybpeyp5xbap1rz5p6t6', '.eJxVj8tuxCAMRX-lYj1DyIMAWXbfb0AGOxM6M6TiUbWq-u8l6izaneVz77H8xSzUstmaKdmAbGE9O_3dOfBXigfAV4iXnfs9lhQcPyL8QTN_2ZFuz4_sP8EGeWttQaRRaiFgNU4YPQnpzGpmp3FEUgi97kfwfpxNL1EgSjJGDatWZpxap0lDtrm-UTq0bCmp0ondIBcLvoT3UD7bmUEM01mo8yCferNItUyKi0kJOTeBrylRLM3i7hTr77_D2Eikj9LmDiFCd6VLgAKxY98_mUJcEA:1sWy2V:tLaATRXZvK3Fzk_9leBUZde1Fkbq7MD4Cp96ksZCx58', '2024-07-25 12:59:47.068570'),('fc81pc3jjnihf7u0cxc1g26ci7s1rk3d', '.eJxVj81uxCAMhF-l4rxLgIQEcuy9zxAZ7GzS7pIVP1Wrqu9eUPfQSj5Ynplv5C-2QMnbUhLFZUc2M8lOf28O_BuFJuArhMvB_RFy3B1vFv5QE385kK7PD-8_wAZpq2lBZFAbIWC1TlgzCO3sakdnsEeaEKSRPXjfj1ZqFIiarJ3UaibbDzVToXtaUrlTbFg251joxK6Q8gI-7-97_qw1SqjhLKaz0k9KzG0sl0qOo6oAX2KkkCvF3SiU339VUwJ95Lp3CAG6ezwuEW4d-_4BOEVbrQ:1sWyOT:DVHF7pGRgTf7Ey-dBFjj7c98TTmJPmk7tTExV7PD8AM', '2024-07-25 13:22:29.156288'),('pzwlq2vzxpolcw1fvoijdkc1nbu5x2ii', '.eJxVj0luwzAMRa9SaJ04lGzFkpfd9wwGJdJDm8iBhiBF0btXRrNodwTf_4_glxix5GUsieO4khiEFIe_O4f-g8MO6B3DvDV-CzmurtkjzZOm5m0jvrw-s_8EC6altoHZkDYAOFkH1nSgnZ3s2RlqiXtCaWSL3rdnKzUBkWZrezWZ3rZd7VTpmsZUbhx3rRhyLHwQF0x5RJ_X-5o_6xkFqjtCf1T6RcHQwiBNYyRIo6vAlxg55GpxVw7l919VQeBHruPphnMhLGk-ie8f0HZahQ:1sWyXy:0N1n1UjmTAYImo6STWpVeVKwzRoD2MwqKBp7XbJtvEY', '2024-07-25 13:32:18.860940'),('ec0swxtxjdjwfqt0sv41xc6exkr3v8vr', '.eJxVj8tOxDAMRX8FZT3T5tG0SZfs-YbKid1pmJkU5YFAiH8nFbOAneVz77H8xRaoZVtqprQEZDMT7PR358BfKR4AXyFe9s7vsaTguiPSPWjuXnak2_Mj-0-wQd5amxMZ1IZzWK3j1gxcO7va0RlUSBOCMEKB92q0QiNH1GTtJFczWTW0TpOGvOT6RunQsrmkSid2g1wW8CW8h_LZzkguhzOfzlI_ST4rPcuxE1xZOzSBrylRLM3i7hTr77-ygUgfpY09QoT-SpcABWLPvn8APZJb0g:1sWycw:Sa6T5HLAFk6UnnictdiV1Ft3e0_b2gwr6n1dXjsWq7w', '2024-07-25 13:37:26.129619'),('6iu8xkxs09c6y36t5c3aqlfy2oegsg28', '.eJxVj8tOxDAMRX8FZT3TcdK0TbpkzzdUTuw-YCYd5YFAiH8nFbOAneVz77H8JSYseZ1K4jhtJEYhxenvzqF_43AAesWw7I3fQ46ba45I86CpedmJr8-P7D_BimmtbWA21BkAnK0DazR0zs62d4Za4oFQGtmi921vZUdA1LG1g5rNYFtdO1W6pSmVO8dDK8YcC5_EFVOe0Oftfcuf9YwCpc8wnFX3pGBszQjQaNBS91XgS4wccrW4G4fy-6-qIPBHruPljkshLGm5iO8fz4FagA:1sWyfQ:ZL1DZHJlwUKRvcNrV9P_Nkini3jwmd9zrSU2p1uTURQ', '2024-07-25 13:40:00.456914'),('hahjxan16mgtptizohjucwofinni3tbs', '.eJxVj81uwyAQhF-l4pxQfowNPubeZ0ALrGvaBEf8VImqvnuxmkN6G-3MfKv5JhZaXW0rmG0MZCacHJ5vDvwnpt0IH5DeN-q3VHN0dI_Qh1vo2xbwfHpk_wFWKGtvM0QdlGYMFuOY0QNTzixmdDrIgFMArrkE7-VouAosBIXGTGLRk5FD73RoLLa0K-YdS-aaGx7IGUq14Gv8ivXe3wgmhiObjkK9CDarceaSDmpkZuwA33LGVDvFXTC1v727kfBWu3y9YsIcLwDpWZKfXzP7X0E:1sWyx3:1MrKZvDAb_H2KEebpbPy4VVB7rypRJgSe1pSb1aS-zw', '2024-07-25 13:58:13.456096'),('3lt4tp264qjw39nb7lwn9x2hhurje4nc', '.eJxVj81OxCAUhV_FsJ4hFygFunTvMxDg3trqSA0_Jsb47tI4C92en-_kfDEfett8r1T8jmxhgl3-ajGkV8qngS8hPx88HbmVPfIzwu9u5U8H0u3xnv0H2ELdRhuILGoLEFYXwdkJdHSrm6NFhWQwCCtUSEnNTmgERE3OGbla49Q0OgO6V1_7O5UTy5ZWOl3YLdTmQ2r7x94-x4wEOV3BXKV-kGIBsSjDlRIAcgBSL4VyG5T4Rrn__p3Z9w-rO1Ov:1sWz2H:IAdXgt1KOcrlAzjUGWqwgY1PN9870hOI_StKZhHrx5A', '2024-07-25 14:03:37.332001'),('kfysqxhgszy90646efuv0fb2hioqtm9n', '.eJxVj8tuxCAMRX-lYj3DAIEEsuy-34AAO49OSkY8qlZV_71EzaLd2JbvvcfyF7GulsXWjMmuQEbCyeXvzrtwx3gI8OrivNOwx5JWTw8LPdVMX3bA7fn0_gMsLi8tzRA1KM2Ym4xnRkumvJlM7zV0gAM4rnnnQuh6wxUwAIXGDGLSg-lkyzTomm2uD0wHlowlVbyQzeViXSjr-1o-2xnBhLyy4SrUk-Aj60cpaa-FVn0DhJoSxtIo_g1j_f33ECJ-lDbewNU8txrvuJ3tkfb5Rr5_APCCX98:1sWz7E:Evs3SNuM265w6BYrsnC4wNf-oKv9AhYLvAWRk2xilj0', '2024-07-25 14:08:44.702032'),('kowprx0nrfg55x5gu2omuw8y68u9woti', '.eJxVjcFuwyAQRH-l4pygBYzN-th7vwEt7LqmjezK4EpR1H-vLeXQXmfmvXmoSHub415li4XVqIy6_M0S5U9ZzoI_aHlfdV6XtpWkz4l-tlW_rSy31-f2n2CmOh80iAT2AYAmTIChA59wwj4FdiwDkwnGUc6uR-MZmL0gDnYKA7ruYA5pqbHuX7KdWjW2bZeLulFtkXIr36XdjxsLtrvCcLX-xZrRwAi9dn1AMOrnF-N6Sww:1sWzAU:_8aKFDtihj9bvV_2_z0pmISPstmA-YCv7Bag1vEf6x4', '2024-07-25 14:12:06.385084'),('jqf5lwmrom05v5qty4st1dznxy0ph6uf', '.eJxVkMluwzAMRH-l0DlRZC2R5GPv_QZDEumlceVAS5Gg6L9XRn1oLyTAeTMD8IsMrpZ5qBnTsADpSUdOf2_ehRvGXYB3F6eNhi2WtHi6I_RQM33bANfXg_0XMLs8NzdDNKAMY260nlkjmfJ2tFdvQABqcJ3phAtBXG2ngAEotFbz0WgrZPO00CUPud4x7bGkL6niiawul8GFsnwu5dlqOOPyzPSZqxfe9Zz3QlKhhVK6BUR8lMZcwNU8tRlvuB7rnrbp0pBQU8JYWpH_wFh_X8Il-f4BS9VgBw:1sWzMY:5R14_d_o9Na9XB8jPbyjJQrywRpaAkkrMw2Qq4G9BN8', '2024-07-25 14:24:34.389146'),('8qw30ipj4k5bq1umzdewgkp6w295r1a3', '.eJxVj01uxCAMha9SsZ5hgIQEsuy-Z0CAnYROSkb8VK2q3r1EzaLd2Jbf82e9L2JsLaupGZMJQCbCyeXvzll_x3gI8GrjslO_x5KCo4eFnmqmLzvg9nx6_wFWm9d2zRAVSMWYnbVjWvVMOj3rwSnoAEewXPHOet8NmktgABK1HsWsRt317aZBQza5PjAdWDKVVPFCNpuLsb6E91A-2xvBRH9l41UMT5xNgk1S074TnB-xfE0JY2kU94ax_uYVTYj4Udp4A1vz0mq843a2R9qXG_n-AepKX8U:1sXBVr:-hZpiZVpNu2Og8Ogn6xiLnAPIq5U048zgJ4rW1g3XgM', '2024-07-26 03:22:59.441142'),('xw60hrcz0ae6q3nayungwbramiv5mcvv', '.eJxVjsFuwyAQRH-l4pwQMMaAj733G6zFu7ZpImwZiFJV_fdiNVLby2q1M_NmP9kAJS9DSbQPAVnPJDv9vXkYrxQPAd8hzisf15j34Plh4U818bcV6fb69P4DLJCWmhZEFrUVAibnhbOt0N5NrvMWFZJBkFYqGEfVOalRIGpyzjSTNU61NVOhIQ2pbLQfWNbnvdCJ3SDlAcYc7iF_1JpGNO1ZmHPTvUjRN22vNTdKC60qINIjV88FoaT5Z271398tYLhC3PZ1vrCvbzGZXCs:1sXBZf:WD94FcezYfSJa1vLUbo9vVaesu3Ujc7m1NRO6YmYmww', '2024-07-26 03:26:55.752017'),('4jsyarehk5tc5n85wwypy6mkyntdh4yl', '.eJxVjs1ugzAQhF-l8jkhazDY5th7nwGtvQbcRAb5J0pV9d1r1EhtL6vVzsw3-8kmLHmdSnJx8sRGxtnp782gvbpwCPSOYdkau4UcvWkOS_NUU_O2kbu9Pr3_ACumtabBOUW9AsBZG9BKQG_0rAejqCMnCbniHVrbDZr3BES901q2s5K6EzVToT5NqewuHlg25ljcid0w5Qlt9nefP2pNC604gzy3wwuHUYixHRqQneRQAcE9cvVcCEtafuZe__3dPPkrhj1uy4V9fQMwlVwm:1sXBsY:tNhHaoMiC0ylKQ-QqHcd-IeP-hoY0hplVml8P6F_BzA', '2024-07-26 03:46:26.093739'),('dqawr6q0l49s0rwabs0d2zhhui1wdwnc', '.eJxVjs1uwyAQhF-l4pwQsMEGH3vvM6CFxTZNhC1-olRV371YjdT2slrtzHyzn8RALaup2ScTkEyEk9PfmwV39fEQ8B3islG3xZKCpYeFPtVM3zb0t9en9x9ghby2NPNeoVSMwawt00owafWsB6uwRz8icMV7cK4fNJfIEKXXeuxmNepetEyDhmxy3X06sGQqqfoTuUEuBlwJ91A-Wk3HOnFm47kbX7iYpJ6koHJQUhyA6B-leS4INS8_c2___m4BwxXinrblQr6-ATdRXEU:1sXcLK:bRaZsGBH6a-_5imeYKkA0zvha0iWUjYVcCgNZO6oA9c', '2024-07-27 08:01:54.585548'),('gt0ovpin9uxj5tv4emeo7vx7k308iygx', '.eJxVkMtOwzAQRX8Fed26YzsPO0v2fENkeybENDjIj6oI8e84ogvY3nvuGWm-2GxrWeeaKc0B2cQEO_3NnPVXikeBbza-7tzvsaTg-IHwR5v5y460PT_Yf4LV5rWtgUhjrwHsYhwY3UHvzGIGp1EhjWiFFsp6rwYjegTEnowZ5aJHo7q2adKQ51w_KB1aNpVU6cQ2m8tsfQm3UD7bGQmyO8N4lvpJiAnkpIBLpcCoJoh0L425oI1X2i4t8TUliqV53TvF-vuBgX3_AKvGWTA:1sXv78:FCSy8q0zx_mZbWgBYzhYAbfTVWH1Ez3zQ5s2uuLnpHA', '2024-07-28 04:04:30.250523'),('0ekpgl0subogtq9rbolk31iewatv5rzq', '.eJxVkMFuwyAMhl-l4kxTSAiEHKddJ-0-TZEDTkKTkipAtWnau4-sPWw3y9_n35a_SAcpTl0KuHXOkpaUhP7t9WBm9DuwZ_DjWpjVx831xa4UDxqKl9Xi8vRw_wVMEKY8LUFrC9zoehgqzSWImg3lgBVK2wvdWCYHbpViDBuoTK8FGK6NstJwEJXOoS50IV1x22NJO8ASkJLfHR4ukHcEWHDKYkj9et1PfnYewuE13-Ssm8FntuANl4xycxyTh7t-QZ8Cad84raigNZXv2YQQOzDR3Vz83B_DSnFk6lg2B85bJluuCiUaJnjOMGnb0MfukXV_pczA40fM5cmCn3E5ke8fC652zQ:1sXvAn:4i3NyUKyFpoqyz8fB8seh6VA54RuxGV5vL3EGFDgHqg', '2024-07-28 04:08:17.764036'),('a4t3iqiiz5mswbvvzj6mtwvvd3bkk84d', 'e30:1sXvS8:iOGnd2dtTuvkZeJMKXNPeAiGvPDGBLT1LzYEboFGX38', '2024-07-28 04:26:12.834557'),('5tx85zmrqo42bkkdatknyaz5sbo4cvc5', 'e30:1sXvTS:Oj8S7bwximbqReW07s8m-kdHl9LgwA9dkvt0wsAhHXg', '2024-07-28 04:27:34.900987'),('t9twtu2gtskhcrqhj01h0o5yep2r7ykm', '.eJxVkMFOwzAMhl-lyjnrmjRLmt7gCki7I1S5ibuWZunUJBMI8e6kMCS4Wf4_f7b8QTpIcexSwLWbLGkJJ_Rvrwczo98C-wr-tJRm8XGd-nJDylsayqfForu_sf8EI4QxT0vQ2gIz-jAMtWYSxKEa-IA1StsL3dhKDswqVVXYQG16LcAwbZSVhoGodZZOoQvpguumJe0ALiAl3zs8nCHvCOBwzGBI_XLZTn5Al1YYwRd3OBePSw_FEWfwm8z-UopT4vCKLg8c0Z9OycOP5Iw-BdI-M1pTQQ9UvmQSQuzAxOk6xfftXRUXu0rteFMw1vKmZarkWikussOkdUUfu5vr58EyBx7fYi73FvyMbu-mEPfk8ws7Y3-j:1sXvW5:GvJ40gFA5b42jQBLZ0z2PleoRGWJ9zngYw-u-m4DLFk', '2024-07-28 04:30:17.315098'),('xuorrjmv56vdl3udfz2fw6dfy9l8b7p9', '.eJxVkMFOwzAMhl-lyjnrmiZNl97gCki7I1S5ibuWZunUJBMI8e4kMCS4Wf4_f7b8QXqIYeqjx62fDelITejf3gB6QZcD8wrutJZ6dWGbhzIj5S315dNq0N7f2H-CCfyUpiUoZYBp1YwjV0yCaKqxHpGjNINQB1PJkZm2rSo8ANeDEqCZ0q2RmoHgKkln3_t4wS1rSTeC9UjJ9w4HZ0g7PFicEujjsF7yyQ9o4wYTuOIOl-JxHaA44gIuy8wv1daUWLyiTQNHdKdTdPAjOaOLnnTPjHIqaEPlSyLBhx50mK9zeM_vqmqxq9pdfSgY67joOC9bJkSTL9Zx29CF_ub6ebBMgcO3kMq9Abeg3dvZhz35_AI59X-d:1sXvc9:v0m4rzxkqSrOXAeACDpJhoLgzh3lEqSudx3NjR0sWFU', '2024-07-28 04:36:33.741977'),('kwohhzkg5bbc4xhv0czykl1m4h3ru9m1', '.eJxVkE1PwzAMhv9KlXPXJf1Im97gCki7I1S5ifuxZunUJBMI8d9JWJHgZvl9_NjyJ-nAu6nzFrduVqQlOUn_9nqQC5oYqDOYcc3katw291lEsj212cuqUD_u7D_BBHYK0xyEUMCkqIahEIxDWdEhH7BArvpSNIrygam6phQbKGQvSpBMyFpxyaAsRJDOtrP-ilvUknYAbTElPzsMXCDssKBxCqD1_XqNJz-h9htMYJIHXJLntYfkhAuYKFO_VJ2nROMNdRg4oRlHb-AuuaDxlrSvLOVpnTZvgQPrOpBuvs3uIz6L5uWB1oe8SRhri6YtaSZoU3EeDNJvGxrX7ab7e2Ng8N2F8qjALKiP5Osb2mV9Xw:1sXvg8:CP94cvI2qT9oIIkFVDUt6qcmCSDAboO0Yi27hT5MwAk', '2024-07-28 04:40:40.924498'),('4blb68d6sfte6ypuw2dh09rtd7pkl6eh', '.eJxVkMFuwyAMhl8l4pymkNAQctuu26TepylywGloKKkgVJumvfvImknbzfj__Bn5k3QQl7GLAX1nNGlJSfK_vR7UhG4N9BncaS7U7BZv-mJFii0Nxcus0T5u7D_BCGFM0zVIqYEpeRiGSrIa-IEO5YAV1rrnstG0HpgWglJsoFK95KCYVELXigGvZJKa0IV4Rb9qSTuADZiTnx0OLpB2BLA4JjDEfr6uX35CGz2M4LIHnLLnuYfsiBO4VaZ_KVHmxOINbRo4ojudooO75IIuBtK-srzORd68JQ7C0oFazM0sH-uxaMl3VOzKJmOs5aKldcGaktNDMqjoPbql20z384oUOHxfUrnX4Ca0e49gTYBgtjf5-gbokoOv:1sXvoI:tYQbcM0E-jT_rIqLp0a98mZ-SxDh8PVbF30OCUNNNWg', '2024-07-28 04:49:06.212636'),('qwmrhwgfoc8cm7v6euh43xe11e1v84it', '.eJxVj8tuwyAQRX-lYp0QHiYGL7vvN6ABxjZtgiMeUaqq_16sZtHuRvdxRveLWGh1ta1gtjGQiXBy-Ks58B-YdiO8Q1o26rdUc3R0j9CnW-jbFvDy-sz-A6xQ1t5miDoozRjMxjGjB6acmc3Z6SADjgG45hK8l2fDVWAhKDRmFLMejRx6p0NjsaXdMO9YMtXc8EAuUKoFX-M91s_-RjAxHNl4FOaFs0mxSQ6UGy2F6gDfcsZUO8VdMbXfvXIfnPBR-326YVqWluBEvn8AzxNaUw:1sYHP8:I88J-fqEtHg4T3Ml-U09q3D-MchITFKvhNButTUNh54', '2024-07-29 03:52:34.341240'),('8buuxs8zmikoo2aiwkh2qs4s2oq73063', '.eJxVj0lOxDAQRa-CvO52e-y4smTPGSwPFRIIDvLQAiHuji16AbvSH17pfxHrWl1tK5jtFslMODn91bwLr5iGEV9cej5oOFLNm6cjQu9uoU9HxP3xnv0HWF1Ze5shmqgNY24Bz8Aopj0scPUmyohTdNxw6UKQV-A6shg1AkxiMRNI1TsduhVb2jvmgSVzzQ1PZHelWhfqdtvqZ38jmFBnNp0FPHA2azlrQw0Ipcas0HLGVDvFv2Fqv3sl607Cj9rvy0DveMP9Qr5_AC07Wt0:1sYHSQ:2MCxmdoNt1Gw3uwmKAMXU7TNGF8lplP4fpyHts9mp98', '2024-07-29 03:55:58.943154'),('c4j17kd2p0uzydm4y0jsc0oipvopmuon', '.eJxVkMtOwzAQRX8l8tqN7DzsODvYAlL3CEVje_JoXaeK40oI8e_YUCTYzj1z7mg-yABxn4cYcBsWS3pSEfp3psGc0efAnsBPa2lWv2-LLjNS3tNQvqwW3eOd_SeYIcxpW4BSFrhR7TjWigtoWjZWI9YorG5UZ5kYuZWSMeygNlo1YLgy0grDoalVki5hCPGKW9aSfgQXkJLvDg8XSB0BHM4JDFGv13zyE7q4wQy-eMBz8bxqKI54Bp9l9peSFSUOb-jSwhH9NEUPP5IL-hhI_8qpoJJ2b4mDsA9g9uW27O_5WaxqDkweKlVw3jPVt6rkbcu6jnx-AepObzY:1sYHhv:iKakk4ATULhDANi4GDkz2oWUcVUlXGeSQZcvk1Gw4xs', '2024-07-29 04:11:59.169324'),('y2i53sf8cyudhb8raweh476oaj4czboe', '.eJxVkMtOwzAQRX8l8jqN_KoTZwdbQOoeoWhsTx6N61RxXAkh_p0YigTbuWfOHc0H6SBtY5cirt3kSEs4Kf_ODNgZQw7cGcKwVHYJ2zqZKiPVPY3Vy-LQP97Zf4IR4rhvK9DaAbP62PdCMwXySHveo0DljNSNo6pnrq4pxQaENVqCZdrWTlkGUuhdOsUupiuuWUvaHnzEknx3BLjA3hHB47iDMZnlmk9-Qp9WGCEUDzgXz4uB4oQzhCxzv1TNS-Lxhn5fOGEYhhTgR3LBkCJpX1mpyrps3nYO4taB3abbtL3nZ1EuD7Q-cF0w1jLRSlHxhikqyecX6b5vJA:1sYHlX:04Tb7ZHo0Im815HyR5IpYLNBggObUKALT9fRMk8DG58', '2024-07-29 04:15:43.292244'),('yxplf4sqjuamkqec2kotm9s981t3qbp7', '.eJxtkMtuwyAQRX_FYu04gF_Bu3bbVsq-qtAYxrFrgiMDUauq_15cpy81KxDnzhlm3oiE4HsZHM5y0KQhnKS_31pQI9oF6GewhylTk_Xz0GZLJLtQlz1MGs3tJftH0IPrY3UFQmhgSpRdlwtWQVHSjneYY6XbQuw0rTqm65pS3EGuWlGAYkLVulIMilxE6eCkCyecFy1pOjAOU_LZw8IRYg8HBvsYdKGdTsuX79CEGXqwyQ2Oyf3UQrLHEewi01-pmqfE4BlNLNijPRyChVVyRBscaR5ZWqV1unuKOXBegvLDefCvy7IoLza03nCRMNYw0bAyqxjPKY0GFeYZrZcX07reOgKLLz5etxrsiGY7I5jBgRv66YjbyL8f1oD00Ae7duNXcDzi9Ky8WginiP6Tn-HfPwAWqqoO:1sYHqt:7f9GMlPOLJtQSg_xkHlLgIiBdbS44Go8E-XXdSAev44', '2024-07-29 04:21:15.625354'),('tg4icq1sy1vox8sii2prwr7dljyzub0m', '.eJxVkMFOhDAQhl-F9MyytEBLuelVTfZuDBnaYal0y4a2G43x3S2Kid6m83_zTTMfpIcYpj56XHujSUcYyf_2BlAzui3Qr-DOS6EWF1YzFBtS7KkvnhaN9n5n_wkm8FOa5iClBqpkM46VpBzqphzZiBVyPdSy1SUfqRaiLLGFSg2yBkWlEporCnUlk9T43scrrpuWdCNYjzn53uHgAmmHB4tTAn0cluv25Qe0cYUJXHaHc_a4DJCdcAa3yfQvJVhOLN7QpoETuvM5OviRXNBFT7pnmvNc5O1L4sCHHlQwNxPet2OVrD6U4sBkRmnH2q5hBW9oJZtkUHFd0YV-N_2cV6TA4VtI5VGDm9EeVwRrPHizv8nnF-sfg7k:1sYI0C:UZh4H9-0_LrjHMNIKtK7488GhpptkZwVtAs-3Pu-Coc', '2024-07-29 04:30:52.689393'),('cx7oe3vdxkkp7t5bwjucej43y4n315np', '.eJxVkE1vgzAMhv8KypnSBCgh3LbrNqn3aUImMSUlDVU-qk3T_vvCyqTt5vh9_DjyJ-khhqmPHl2vFelISfK_vQHkjHYN1BnsaSnkYoPTQ7EixZb64mVRaB439p9gAj-l6QaEUMCkOIxjJVgD9YGO5YgVNmqoRatoMzLFOaXYQiUHUYNkQnLVSAZ1JZJU-97HK7pVS7oRjMec_OywcIG0w4PBKYE-Dst1_fITmuhgAps94Jw9LwNkR5zBrjL1S_EyJwZvaNLAEe3pFC3cJRe00ZPuleVNzvP2LXHgQw8y6JsOH-uxaFnvKN-VImOsq1hX1kV5oFXbJIOMzqEN_Wa6n5enwOJ7SOVegZ3R7B2C0R683t7k6xvn2oOt:1sYI2e:1xXBB93vouRyRSjY1cCOe7nSkl-fbD4AjFwc803wQ_k', '2024-07-29 04:33:24.268390'),('scvknsllpt9vykjpnc8fz0q9vwpk4tm2', '.eJxVkE1PwzAMhv9KlXPXJWnXLL3BFZB2R6hyE3cNzdIpHxMI8d9JoUhwc_w-fhz5g_SQ4tSngL43mnSEk_JvbwA1o1sD_QruvFRqcdGboVqRaktD9bRotPcb-08wQZjydAtSamBKHsaxlqyF5kBHPmKNrR4aedS0HZkWglI8Qq0G2YBiUgndKgZNLbPUhD6kK_pVS7oRbMCSfO9wcIG8I4DFKYMhDct1_fID2uRhAlfc4Vw8LgMUJ5zBrTL9SwleEos3tHnghO58Tg5-JBd0KZDumZVtKcrjS-YgxB5UNDcT39djUd7sqNhxWTDWHURHRUU5b2idDSp5jy72m-nnvCIHDt9iLvca3Ix27xGsCRDM9iafX-cjg6k:1sYIRX:ibCm6EbTuWkgeQajHxv1dpLH6itPZBv5g-uoOB6y28I', '2024-07-29 04:59:07.230950'),('4rcondfyrnjp6usxq0sy2t4v3fet78p3', '.eJxVkMtOwzAQRX8l8jqN_Ejt2DvYAlL3CEUTe_JoUqeK7UoI8e84UBbdzpw5d3S_SIQxeWI45XVJWkhxbFPArZ0cMYSTh1kHdka_L9wZ_LBWdvVxm7pqR6r7NlRvq8Pl-c4-CEYIY76WoLUDZvWx74VmEuoj7XmPAqXrat04KnvmlKIUGxC20zVYpq1y0jKohc7SKbQhXXHbtcT0sAQsyW-GhwvkjAALjhkMqVuv-8svuKQNRvDFE87F69pBccIZ_C5z_5TiJVnwhks-OKEfhuThT3JBnwIx76yUpSqbj8xBiC3YON2m-LmXlSs8UHXgumDCiMZQVVGulWTk-wfgTHLD:1sYK1H:A9c2ZOFzRqknESPCvWtTQlYA_YxMyqgHnNCgHzWg2EQ', '2024-07-29 06:40:07.050762'),('m4nws51br73kevzeddzsao2upvraepun', '.eJxVkMtuwyAQRX_FYu1YgDEEdu22rZR9VVljGD9iB0cGIlVV_724TRfZzpw5d3S_SIQxeWI45aIkLaQ4ting1k6OGMLJw6wDO6PfF-4Mflgru_q4TV21I9V9G6q31eHyfGcfBCOEMV9L0NoBs7rp-1ozCaKhPe-xRuk6oY-Oyp45pSjFI9S20wIs01Y5aRmIWmfpFNqQrrjtWmJ6WAKW5DfDwwVyRoAFxwyG1K3X_eUXXNIGI_jiCefide2gOOEMfpe5f0rxkix4wyUfnNAPQ_LwJ7mgT4GYd1bKUpXHj8xBiC3YON2m-LmXlSs8UHXgumC1EczQpmoU41yS7x_f7HK5:1sYK49:KsqRCmiv7vaXguQ98RGNS4mvwIDO27Yl1IGet0NvPqg', '2024-07-29 06:43:05.593230'),('oyh4xg80lszj3k2g8rek4mognbs557qb', '.eJxVkMFuhCAQhl_FcHYNIAvirb22TfbeNGaEUVxd3Ahs0jR992K7Pex15pvvn_xfJIJLnrScclGSDlJ0XQq4dZMlLeHkYdaDmdHvC3sGP66VWX3cpr7akeq-DdXbanF5vrMPAgfB5WsJWltgRh-HodZMgjjSgQ9Yo7S90I2lcmBWKUqxgdr0WoBh2igrDQNR6yydQhfSFbddS9oBloAl-c3wcIGcEWBBl8GQ-vW6v_yCS9rAgS-ecC5e1x6KE87gd5n9pxQvyYI3XPLBCf04Jg9_kgv6FEj7zkpZqrL5yByE2IGJ022Kn3tZucIDVQeuC1a3QrSMV1xJqTj5_gHgInLB:1sYK7A:yshv3r5Cvw_1MODzA3BNmCgrwWQ7YN5jpFIQr5ldw3o', '2024-07-29 06:46:12.295672'),('4xlkgig6nriw67hctzykv4wu6e9rpscc', '.eJxVkMtugzAQRX8FeU2QXzGYXbttK2VfVWiwB0whJsJ2pKrqv9c06SLbmXPPjO43ieCSJy2nXJakgxRdlwJu3WRJSzh5mPVgZvT7wn6CH9fKrD5uU1_tSHXfhupttbg839kHgYPgclqB1haY0cdhEJopkEc68AEFKttL3ViqBmbrmlJsQJheSzBMm9oqw0AKnaVT6EK64LZrSTvAErAkfzc8nCHfCLCgy2BI_XrZX37BJW3gwBdPOBevaw_FCWfwu8z-UzUvyYJXXHLghH4ck4eb5Iw-BdK-s1KVddl8ZA5C7MDE6TrFr72sXOGB1geuCyZaqVveVJSKRjXZYNK2oY_d3XSrV5GfX4tle3k:1sYKCG:N3VlL6zT3alT38N34emSiXdhHfnYsFc3aftmfP-_pcg', '2024-07-29 06:51:28.004866'),('waang9sz5unxf156l4dk5nyaz9zsdbia', '.eJxVkM1ugzAQhF8F-UyIMQ7G3NprWyn3qkKLvQSCYyL_RK2qvntNQw-RfFjvzH67mm8SYIyWtIwynpMOYhi76NF1kyYtYeSh14Oa0a6CPoM9LYVabHBTX6yWYlN98bZoNM-b9wEwgh_TdA1SaiiVPAxDJcsa-IEObMAKa91z2WhaD6UWglJsoFK95KBKqYSuVQm8kgk6-c7HK7oVS9oBjMec_O2wcIG0w4PBMRl97JfrevILmuhgBJs94Zy9Lj1kR5zBrjD97xIsJwZvaNLAEe3pFC3cIRe00ZP2vczrXOTNR_KBDx2oMN2m8LWGlSLcUbFjMit5mx5nBadSNDQRVHQObeg20j1ekQSLnyGVew12RrN3CGby4KftT35-AbLUh0c:1sYKag:Suf-k0qy_egGun3PpIxaVsbn7wj5ZxXqNMfgtSTLPIU', '2024-07-29 07:16:42.459772'),('jjrg2gyjy9aykv3u7v8oq3nmf5ptf8b2', '.eJxVkNFugyAUhl_FcG2tIBXxbrvdlvR-WcwRjpVKsRFotix79-HqLnoH_N_5Dvm_SYAxOtKykvGcdBDD2EWPS2c0aQkjD289qAndGugzuNNcqNmFxfTFihRb6ou3WaN93tgHwQh-TNM1SKmBKnkYhkrSGvihHNiAFda657LRZT1QLURZYgOV6iUHRaUSulYUeCWT1PjOxysuq5a0A1iPOfnb4eACaYcHi2MCfezn6_rlF7RxgRFc9oRT9jr3kB1xArfK9D8lWE4s3tCmgSO60yk6uEsu6KIn7TvN61zkzUfiwIcOVDA3E77WslKFu1LsmMwob6lsuSx4UzF6SAYVlwVd6DbTvV6RAoefIR33GtyEdr8gWOPBm-1Ofn4BtOaHTg:1sYKfd:woX3MsPyJ_0Zc-TdbozExxdQaamTCW9BDr6htJMfHao', '2024-07-29 07:21:49.509219'),('mysjbgym608ajurn1l816kdz954bbdws', '.eJxVkMtuwyAQRX_FYu04Bj8I3rXbtlL2VWWNYRwTExwZiFpV_fdC4y6yA-6ZM-h-Ew9TsKRjJatz0kPwUx8crr1WpCOMPLwNIGe0KVBnsKelkIv1qx6KhBRb6oq3RaF53tgHwQRuitMtCKGAStGMYyVoC3VTjmzECls11OKgynakivOyxANUchA1SCokV62kUFciSrXrXbjimrSkG8E4zMnfDgsXiDscGJwi6MKwXNOXX9CEFSaw2RPO2esyQHbEGWySqX-Ks5wYvKGJA0e0p1OwcJdc0AZHuneatznPDx-RA-d7kF7ftP9KZcUKdyXfMZHRuquarhEFaypW8miQYV3R-n4z3etNgcVPH497BXZGs18RjHbg9HYnP7-zj4dJ:1sYKvH:Lix4jb-zPrsy15fg4_owg-C0GfM8a8q5c-rexeQ_qyE', '2024-07-29 07:37:59.304989'),('llvcbazdivy1eep4w1kmvk1xje5yhyj1', '.eJxVkMtuwyAQRX_FYu04xg8I3rXbtlL2VWWNYRwTExzxiFpV_ffixl1kB9wzZ9D9JgGmaElXlVWTkx5imPro0fVakY5U5OFtADmjXQN1BntaCrnY4PRQrEixpb54WxSa5419EEzgpzTNQAgFVIp2HGtBGTRtOVYj1sjU0IiDKtlIFedliQeo5SAakFRIrpik0NQiSbXvfbyiW7WkG8F4zMnfDgsXSDs8GJwS6OOwXNcvv6CJDiaw2RPO2esyQHbEGewqU_8Ur3Ji8IYmDRzRnk7Rwl1yQRs96d5pznKeHz4SBz70IIO-6fC1lpUq3JV8V4mMNl0tupYVlFPatskgo3NoQ7-Z7vXyFFj8DOm4V2BnNHuHYLQHr7c7-fkFtB6HSw:1sYKz6:-lUpOBuEgU8aa4wA4A9jQuTB7SemIl1FZYLX03gu_IA', '2024-07-29 07:41:56.205172'),('fe9ci34iecn89r7jlwkxcpommx21s64m', '.eJxVkNFugyAUhl_FcG0tIErxbrvdlvR-WcwRjtVKsRFotix79-HqLnoH_N_5Dvm_SYAhOtJwykVOWohhaKPHpR0NaQgnD28d6AndGpgzuNNc6NmFZeyKFSm21Bdvs0H7vLEPggH8kKZrUMoA06rq-1KxGkRFe95jibXphDoYWvfMSEkpHqDUnRKgmdLS1JqBKFWSjr718YrLqiVND9ZjTv52OLhA2uHB4pBAH7v5un75BW1cYACXPeGUvc4dZEecwK0y809JnhOLN7Rp4IjudIoO7pILuuhJ887yOpf54SNx4EMLOoy3MXytZaUKd1TuuMqYaETVMF5wKjivkkHHZUEX2s10r1emwOFnSMe9ATeh3S8IdvTgx-1Ofn4Br9aHOw:1sYL4C:tXnOxEdeRBW0G-Egc2nyvDFXgtO9z1FybCYnWXZlGZM', '2024-07-29 07:47:12.428358'),('a34rivsrqifhxbs9qhmbz2yebb7jow9k', '.eJxVkEFugzAQRa-CvCbEBmNidu22rZR9VaHBHgLFGSJsR62q3r2mSRfdWf5v3oz-FwswRmJtyUuZsw5iGLvoce0my1pWsn9_PZgZaQvsO9BpKcxCYZ36YkOKe-qLl8Wie7yz_wQj-DFNK9DagjC6HoZKCwWy5kM5YIXK9lIfLFeDsE3DOR6gMr2WYIQ2jVVGgKx0kk6-8_GC66Zl7QDOY85-dxCcIe3w4HBMoI_9ctlOfkIXVxiBsgecs-elh-yIM9Ams39UU-bM4RVdGjginU6R4CY5I0XP2leRq7zJD2-JAx86MGG6TuFzKytVuOPNrtSZkK3ULa8LVWtR82QwcV2RQnc33epVKSD8COm5t0Azur2fzhegPfv-Af2hg6c:1sYL7x:JOcIujvJiWXTPSYZaYl1uh5t29HbSvwODJ1LNzg2X3o', '2024-07-29 07:54:05.734151'),('ripkhu0vygtzh9j7hx8lz7y4d0ozwyj0', '.eJxVkMtuwyAQRX_FYu04Bj_xrt22lbKvKmsM45ia4IhH1Krqvxcad9EdcM-cQfeLeFiCIQMrWZ2TEYJfxuDQjkqSgTDy720CsaJJgXwHc94KsRlv1VQkpNhTV7xsEvXjzv4TLOCWON0C5xKo4M08V5y2UDflzGassJVTzXtZtjOVXVeW2EMlJl6DoFx0shUU6opHqXKjC1e0SUuGGbTDnPzuMHCBuMOBxiWCLkzbNX35CXWwsIDJHnDNnrcJshOuYJJM_lEdy4nGG-o4cEJzPgcDd8kFTXBkeKV5m3d5_xY5cH4E4dVN-c9UVqzwUHYHxjNaD00_sL5o-pb2XTSIYC0aP-6me70pMPjh4_EowayojxZBKwdO7Xfy_QO37Ida:1sYLH2:_O9xdXHt7GEVdObNReTsAeWisAmUszGLHwBo0A8knyc', '2024-07-29 08:03:28.613138'),('xzt2hp98kwk8hce2smi9lfzvdm51yg63', '.eJxVkMtuwyAQRX_FYu04xg8w3rXbtlL2VWWNYRxTExzxiFpV_ffixl10B9wzZ9D9IgHmaElflVWTkwFimIfo0Q1akZ5U5N_bCHJBuwXqHex5LeRqg9NjsSHFnvriZVVoHnf2n2AGP6dpBkIooFK001QLyqBpy6masEamxkZ0qmQTVZyXJXZQy1E0IKmQXDFJoalFkmo_-HhFt2lJP4HxmJPfHRYukHZ4MDgn0MdxvW5ffkITHcxgswdcsud1hOyEC9hNpv4oXuXE4A1NGjihPZ-jhbvkgjZ60r_SnOU8794SBz4MIIO-6fC5lZUqPJT8UImMtj1lPaVFy-qy7ZJBRufQhmE33evlKbD4EdLxqMAuaI4OwWgPXu938v0DslSHRQ:1sYLYB:7eBsV0tuUG_lZR-RClhjjQ32G4dVkJgKLGKRxuaLuTo', '2024-07-29 08:21:11.581182'),('tq8jamg2ntcrp95t9960ygbkoe87grgz', '.eJxVkMtuwyAQRX_FYu04xg8w3rXbtlL2VWWNYRy7JjjiEbWq-u-Fxl10B9wzZ9D9Ih7mYEhflVWTkwGCn4fg0A6LIj2pyL-3EeSKJgXqHcx5K-RmvF3GIiHFnrriZVOoH3f2n2AGN8dpBkIooFK001QLyqBpy6masEamxkZ0qmQTVZyXJXZQy1E0IKmQXDFJoalFlC5ucOGKNmlJP4F2mJPfHQYuEHc40DhH0IVxu6YvP6EOFmYw2QOu2fM2QnbCFUySqT-KVznReEMdB05ozudg4C65oAmO9K80ZznPu7fIgfMDSL_cFv-ZyooVHkp-qERG275p-1oUZcu6LrUog7Vo_LCb7vXyGBj88PF4VGBW1EeLoBcHbtnv5PsHthaHUw:1sYM0h:AanPZe2TpHRF_PfmiYtYPIZLDXK0p4jhR3Pm2eIP56s', '2024-07-29 08:50:39.070997'),('qkrnigse1jdnc35y5tx5kcd7zs4iwkak', '.eJxVkE9PwzAMxb9KlXPXNWmXLL3BFZB2R6hyE3cNzdIpfyYQ4ruTsnLgZvs9_2y9LxJhSo50rGZtSXpIcepTQN8bTTrCyL_ZAGpGtwr6Hdx5qdTiojdDtVqqTQ3Vy6LRPm7ef4AJwpS3OUipgSp5GMdGUg7toR7ZiA1yPbTyqGs-Ui1EXeMRGjXIFhSVSmiuKLSNzFAT-pCu6Fcs6UawAUvye8PBBfKNABanbAxpWK7ry09ok4cJXPGAc_G8DFCccAa3wvSfS7CSWLyhzQsndOdzcnCHXNClQLpXWvJSlMe37IMQe1DR3Ez8XMPKEe5qsWOyoLyjrGt4JaSk7fqvSt6ji_1GuscrsuDwI-Zyr8HNaPcewZoAwWw9-f4BtnWHVQ:1sYMQm:IXQZxbEIFfR0BD77xO3jdh20NRsSYD7z6UZnJ6lbRos', '2024-07-29 09:17:36.877206'),('96k92gg3dfuwdgohafw6vpqbvnq0icyc', '.eJxtkU1vhCAQhv-K4ey64hfirb22TfbeNGaEcaWyaAQ2bZr-9-KuTbPpniA87zwDwxdxMHhDmizNipi04N3QeotLqyRpSEZuzjoQI5oVyHcwxykRk3GL6pI1kmzUJi-TRP24ZW8EA9ghVFfAuQQqeNn3OacVFGXaZz3mWMmu4LVMq55KxtIUa8hFxwsQlAsmK0GhyHmQKttaP-OyaknTg7YYk0sPAycIPSxoHELQ-m6a1ys_ofYLDGCiBxyj56mD6IAjmFUmf1Msi4nGM-pQcEBzPHoDV8kJjbekeaVxFbO4fgs5sK4F4dRZuc91WGGEu5TtMh5R1hS0KcqE8zRjdTAIvyxoXLuZruOtAjD44cJ2L8GMqPdWnWYw-wAWBK0sWHUl7fZRlzZ3cFjCs2l5txDmgP6Tv1d__wCQvqre:1sYNp4:4U_pIAE-Njl5-iSTWaFprhhF4W96CRkYu_othCxggz4', '2024-07-29 10:46:46.042683'),('mlc8ho78lom5h65pdj2q3v6br2gsjyyc', '.eJxVjsFuhCAURX_FsCYGlEFxN922TWbfNOYBD7EyOBHppum_V9rpYrbvnnvu-yI7-BzJ0LBGUDJC3v2YE27jbMlAGvJw02AWjCWwHxCntTZr3LdZ1wWp72mqX1eL4enOPgg8JH-0JShlgRt1cq5VXII4Mdc4bFFaLVRvmXTcdh1j2ENrtBJguDKdlYaDaNUhndOY8g23oiWDg5CQkt-NCFc4NhIE9AeYsl5v5eVnDHkDD7E641K9rBqqCy4Qi8z-U11DScBPDEfhgnGacoQ_yRVjTmR441TSjvbv3z-Vw2cw:1sYNuN:FoMNNViKu1HX_i64NCpf30pD3nqTPbMrMZLyLIduILM', '2024-07-29 10:52:15.929613'),('9260wngmsionflgh5vmtg7gbk5juxbnv', '.eJxtkctOwzAQRX-l8jpNYyeN6-xgC0jdIxRN7EkT4jpVbFcgxL8zaQOogo1tzblz5-EPFqCLjlUiE0XCaoihq6PHqe4Nq5hgN7EG9IBuBuYV3GFM9ejC1DfpLEkX6tOn0aC9X7Q3Bh34jrJLUMoA12rbtrniJRTbrBUt5liaplA7k5UtN1JmGe4g140qQHOlpSk1hyJXZNr72scTTrMtq1qwHhN2qeHgCFTDg8WOhD4242lu-QFtnKADt7rDYfU4NrDa4wBuNjPfKikSZvGMlhL26A6H6OBqckQXPaueeVImMtm9kA58qEGH_tyH93lZtMJ1JtdCrbisClmJMhVSKF6Qg47ThC7Ui9N1vZKAw7dAz40BN6DdTAi29-B7OsOG-E_gKqiX_7pU-wfTRdPz7b-JcCL0l_wO__kFfQWtyw:1sYNuY:4nTNfxa65PVrRworNBIqHMJaHI5jwem3ZqVb6zO_cNM', '2024-07-29 10:52:26.326209'),('lyyh2ytu5oyul5zuz46espoz5ae7g7ks', '.eJxtkcFugzAQRH8F-UyIDQQwt_baVsq9qtBiL8HBMQjbUauq_16T0FZRc7K183bGu_4kDnpvSJ3SNI9JA971jbc4N0qSmqTkptaCGNAsgjyCOYyJGI2bVZssSLKqNnkZJerHlb0x6MH2obsAziUwwXddl3FWQL6jXdphhoVsc15JWnRMliWlWEEmWp6DYFyUshAM8owHU2Ub6yecF1tSd6AtxuSSYeAEIcOCxj6A1rfjtDz5CbWfoQcTPeAQPY8tRHscwCxm8ocq05hoPKMODXs0h4M3cDU5ofGW1K8sLuIyrt4CB9Y1IJw6K_exLCuscEPLTcojVtW0qFmeZDnNKhYchJ9nNK5Zna7rLYNg8N2F61aCGVBvZwStLFhl1WkCsw3Eb-mKNOuPXfLuyOEI87Pd3UaYgvRf-Rv_6xvbpK6K:1sYOCk:0IJdcNS-GVkLYclXZl86YMj5SefxoUBqbpOmRfx0b-M', '2024-07-29 11:11:14.357384'),('7jz2wsiixkv2llkuyqezhtkt6rne5nk8', '.eJxtkVFPwyAUhf9Kw3PXFdqV0jd9VZO9G9Pcwu2KZXQpsGiM_126Vc2iL0Dud-65cPggHoZgScNyVqakheCHNjicW61IQxi5qXUgR7QLUK9gD1MmJ-tn3WWLJFupy54mheZ-1d4YDOCG2F2BEAqoFLu-LwStoNzlPeuxwEp1pahVXvVUcZ7nWEMhO1GCpEJyVUkKZSGiqXatCyecF1vS9GAcpuQyw8IR4gwHBocodKGbTsuVH9CEGQawyR2OyePUQbLHEexipr5VnKXE4BlNbNijPRyChavJEW1wpHmmaZXytH6JOnC-Ben1Wfv3JawY4SbnGyYSWjdF3dAyY4wW1ZKiDPOM1rer0zVeHoHFNx-PWwV2RLOdEYx24HRc_Tbyn8JV0K7_dZn2D45bfD3d_dsIp4j-kt_Hf34BdYStwA:1sYOhi:EnC1dNUv18XJ6Lq8ulCvg0KSaTb1hjzJudhZ57Lbzlw', '2024-07-29 11:43:14.243557'),('xhyweyhie34vv6u1rc47e97lmu16wxg4', '.eJxtkU1PhDAQhv8K6ZllKbCFctOrmuzdGDK0w4J0y4a2G43xvzvsomajl7aZ5513PvrBPPTBsjpLsyJmDQTfN8Hh3Aya1SxjN7EW1Ih2AfoV7GFK1GT9PLTJIklW6pKnSaO5X7U3Bj24nrIFSKmBK7nrulxyAcUu7bIOcxS6LWSlU9FxXZZpihXkqpUFKC5VqYXiUOSSTAfXuHDCebFldQfGYcwuNSwcgWo4MNiT0IV2Oi0tP6AJM_Rgozsco8ephWiPI9jFTH-ryixmBs9oKGGP9nAIFq4mR7TBsfqZxyIu4-qFdOB8A8oP58G_L8uiFW7ScpPJiMua53WRJxUXaSXIQYV5Ruub1em63pKAxTdPz60GO6LZzghmcOAGOv2W-E_gKmjW_7pU-wfTRdPz3b-JcCL0l_wO__kFe4KtyQ:1sYPG3:hgW0tLYW0Y6x37GvHF71xxTsiKe0UypnmBxMjY_O_k4', '2024-07-29 12:18:43.924626'),('ie7yr66u8tsvt29b2nc95w15rsjsthyg', '.eJxtkV1PwyAUhv9Kw3XXlX7A6J3eqsnujWlO4XTFMroUWDTG_y7dqmbRGyDnec97PvggHoZgSVPkRZWSFoIf2uBwbrUiDSnITawDOaJdgHoFe5gyOVk_6y5bJNlKXfY0KTT3q_bGYAA3xGwGQiigUtR9XwrKoKrzvuixRKa6SuxUznqqOM9z3EEpO1GBpEJyxSSFqhTRVLvWhRPOiy1pejAOU3KpYeEIsYYDg0MUutBNp6XlBzRhhgFscodj8jh1kOxxBLuYqW8VL1Ji8IwmJuzRHg7BwtXkiDY40jzTlKU83b1EHTjfgvT6rP37sqy4wk3ON4VIqGgK3uQ0KzmrWRUdZJhntL5dna7r5RFYfPPxuVVgRzTbGcFoB07H028j_wlcBe36X5dq_-B4xelp_W8inCL6S36H__wCfDmtyg:1sYPSv:WF8kPBQ370m4PMVdk6OB1ZqRfh7XqwVG2Eptc-qSM-4', '2024-07-29 12:32:01.396759'),('0wc79pralr5wzg3oohy813nmpnqh090o', '.eJxtkV1PgzAUhv8K6TVjLZSycqe3arJ7Y8ihPQykKwttF43xv1s21Cx60zbnec97PvpBPPTBkjqnOU9JA8H3TXA4N4MmNcnJTawFNaJdgH4Fe5gyNVk_D222SLKVuuxp0mjuV-2NQQ-uj9kCpNTAlCy7rpBMAC9pl3dYoNAtlztNRcd0VVGKOyhUKzkoJlWlhWLACxlNB9e4cMJ5sSV1B8ZhSi41LBwh1nBgsI9CF9rptLT8gCbM0INN7nBMHqcWkj2OYBcz_a2q8pQYPKOJCXu0h0OwcDU5og2O1M8sFWmV7l6iDpxvQPnhPPj3ZVlxhRtabXKZMFmXRc15JgXlgkYHFeYZrW9Wp-t6qwgsvvn43GqwI5rtjGAGB26Ip99G_hO4Cpr1vy7V_sHxitOz8t9EOEX0l_wO__kFfG2tyg:1sYPsm:yFIWJna6ycWpD8D8exhhO3wUAr6wMMJ76QfgJgLeK7Y', '2024-07-29 12:58:44.974009'),('71xj33qik144kf6f39hdvbuzu691623v', '.eJxVkMtuwyAQRX_FYu1YgAkYdu22rZR9VVljGD9qB0cGIlVV_724SRfZzpx7ZnS_SYQxeWI45aIkLaQ4ting1k6OGMLJw6wDO6PfF-4T_LBWdvVxm7pqR6r7NlRvq8Pl-c4-CEYIY05L0NoBs_rY97VmEsSR9rzHGqXrhG4clT1zSlGKDdS20wIs01Y5aRmIWmfpFNqQLrjtWmJ6WAKW5O-GhzPkGwEWHDMYUrde9pdfcEkbjOCLJ5yL17WD4oQz-F3m_inFS7LgFZccOKEfhuThJjmjT4GYd1bKUpXNR-YgxBZsnK5T_NrLyhUeqDpwXXBquDSsrhpKtRDZYNO2oY_t3XSrV5GfX4mje20:1sYQOD:dL6hvHXeDmn5ccmgwD4VNVHansLINaOkl_a6-Kowtac', '2024-07-29 13:31:13.802943'),('llse31gqvinuonp7o3lc14yaiknxjb0i', '.eJxVkMtugzAQRX8FeU2QjR2M2bXbtlL2VYUGe8AUYiI_IlVV_72mSRfZzpx7ZnS_SQSbHOlqWouS9JCi7VNA38-GdKQmD7MB9IJuX5hPcNNW6c1FPw_VjlT3bajeNoPr8519EFgINqcbUMoA0-o4jlyxBsSRjvWIHBszCNUa2ozMSEkptsD1oARoprQ0jWYguMrSOfQhXdDvWtKNsAYsyd8NB2fINwKsaDMY0rBd9pdfcE0eLLjiCZfidRugOOECbpeZf0rWJVnximsOnNBNU3Jwk5zRpUC6d1Y2pSzbj8xBiD3oOF_n-LWXlSs8UHngtKBtx1nHeCUZqwXNBp28Rxf7u-lWryQ_v4d9e10:1sYbhp:71OOooMT1oNoCc49Pi0AgwgL-_zz72K3C2RvqL99SvE', '2024-07-30 01:36:13.711240'),('uuzy18viglm3rxzezxm7wpujjhs2jtvz', '.eJxtkUFPhDAQhf8K6ZllW-hSyk2varJ3Y8jQDgvSLRvabjTG_27ZRc1GT236vXkz8_pBPPTBkjqnOU9JA8H3TXA4N4MmNcnJzVsLakS7AP0K9jBlarJ-HtpskWQrddnTpNHcr9obgx5cH6tLkFIDU3LXdYVkJfAd7fIOCyx1y2WladkxLQSlWEGhWslBMamELhUDXshoOrjGhRPOiy2pOzAOU3LpYeEIsYcDg30UutBOp2XkBzRhhh5scodj8ji1kOxxBLuY6W-VyFNi8IwmFuzRHg7BwtXkiDY4Uj-ztExFWr1EHTjfgPLDefDvS1gxwg0Vm4ImtKp5UdMq43HaaklRhXlG65vV6RqviMDim4_XrQY7otnOCGZw4IZ-OuI28p-Hq6BZ_-vS7R8cj7g92_1bCKeI_pLf5T-_AG8nrbE:1sYbtM:w4PkUZTG9GsgZ3T2BApe-fxNCIejMm1wNPP5M0ArsuY', '2024-07-30 01:48:08.456978'),('bl6luehtsp6lei0tpshc4ewqw95wtl7z', '.eJxtkc1uwyAQhF_F4uw4gH_xrb22lXKvKmsN69gxwZGBqFXVdy9O3FZRcwLtNzvDLp_EQe8NqTnlWUwa8K5vvMW5GRSpCSc3tRbkiGYB6gBmPyVyMm4e2mSRJCu1ycukUD-u2huDHmwfugsQQgGTIu-6VLACspx2vMMUC9VmolK06JgqS0qxglS2IgPJhCxVIRlkqQimg22sP-G82JK6A20xJpcMA0cIGRY09kFofTudlic_ofYz9GCiBxyj56mFaIcjmMVM_ahKHhONZ9ShYYdmv_cGriZHNN6S-pXFRVzG1VvQgXUNSDecB_exLCuscEPLTUojKmpK67xIeMVTXgUH6ecZjWtWp-t6ywAMvrtw3SowI-rtjKAHC3bopyNuA_8tXAXN-l-XtDs4HGF6lt9thFNA_8nf8F_faZ2tqQ:1sYcAa:E4AIlo1AoS6Rzz4CE5OiVpHi9eDUzFGRFPVQXdze-gw', '2024-07-30 02:05:56.317334'),('xe9hg56gvozwwz52zwwb2ji0lwy80oel', '.eJxtkU1PhDAQhv8K6ZllW2AL5aZXNdm7MWRohy3SLRvabjTG_27ZRc1GT53M8847H_0gHnSwpMlpXqakheB1GxzO7aBIQ3Jyk-tAjmgXoF7BHqZMTtbPQ5ctkmylLnuaFJr7VXtjoMHpWM1BCAVMil3fF4JxKHe0z3sskKuuFLWivGeqqijFGgrZiRIkE7JSXDIoCxFNB9e6cMJ5sSVND8ZhSi49LBwh9nBgUEehC910WkZ-QBNm0GCTOxyTx6mDZI8j2MVMfauqPCUGz2hiwR7t4RAsXE2OaIMjzTNLeVql9UvUgfMtSD-cB_--HCuecEOrTUETKhpGm5xlNWc5X-aVYZ7R-nZ1up63isDim4_hVoEd0WxnBDM4cIOejriN_CdxFbTrf126_YPjE7dnu38L4RTRX_K7_OcXaYKtqQ:1sYcJh:mYw3kJcqyoyOZ-u8vlCREzFdLZdhIIesvGmQgA0ATNA', '2024-07-30 02:15:21.884778'),('00vd5ven76vy5nxtfxl97hbd136oshtj', '.eJxtkUFPhDAQhf8K6ZllW2Bbyk2varJ3Y8jQDgvSLRvabjTG_27ZRc1GT23me_NeZ_pBPPTBkjqneZmSBoLvm-BwbgZNapKTm1oLakS7AP0K9jBlarJ-HtpskWQrddnTpNHcr9obgx5cH7s5SKmBKbnrukIyDuWOdnmHBXLdlrLSlHdMC0EpVlCoVpagmFRCc8WgLGQ0HVzjwgnnxZbUHRiHKblkWDhCzHBgsI9CF9rptDz5AU2YoQeb3OGYPE4tJHscwS5m-lsl8pQYPKOJDXu0h0OwcDU5og2O1M8sLVKeirR6iUpwvgHlh_Pg35d1xSVuqNgUNKGyLnhNq0zkjEkePVSYZ7S-Wb2uCxYRWHzz8brVYEc02xnBDA7c0E9H3Eb-U7gKmvXHLmn_4HjE-dnu30Y4RfSX_I7_-QWLha4P:1sYcie:dOWm42a5yLiKD-piecNlZcXT7KXmE4SUe_YI0USUDkE', '2024-07-30 02:41:08.750196'),('ayhmhn4rrfebe4g0ab2hfkuxsuxczsjf', '.eJxVkE9vgzAMxb8KypnSBFJCuG3XbVLv04RMYgolDVX-VJumffeFlR16s_2ef7beNwkwRkvakpY8Jx3EMHbRo-smTVpSkodZD2pGuwr6DPa0FGqxwU19sVqKTfXF26LRPG_eB8AIfkzbNUipgSl5GIZKshr4gQ7lgBXWuuey0bQemBaCUmygUr3koJhUQteKAa9kgk6-8_GKbsWSdgDjMSd_NyxcIN3wYHBMRh_75bq-_IImOhjBZk84Z69LD9kRZ7ArTP-7RJkTgzc0aeGI9nSKFu6QC9roSfvO8iqvc5E3H8kJPnSgwnSbwtcaVwpxR8WuohmVLWdtyQvRNFWzfqyic2hDt7HuAYskWPwMqdxrsDOavUMwkwc_bT35-QWp24ex:1sYcnk:GB-Nl9lwOHWuxwrbqxOR4CqJYxu_XrvNOJHXRZZzdeU', '2024-07-30 02:46:24.818386'),('0eq9aj7yw4sy0xjubvg89qdwy3sh3mog', '.eJxtkcFuwyAQRH_F4uw4YBwTfGuvbaXcq8pawzp2THBkIGpV9d-LE1dV2pyAndm3q-GTeOiCJVVO8yIlNQTf1cHhVPeaVCQnN7UG1IB2FvQB7H7M1Gj91DfZbMkW1WUvo0bzuHhvAB24LnaXIKUGpuSmbblkJRQb2uYtcix1U8itpmXLtBCU4ha4amQBikkldKkYFFxGaO9qF044zVhStWAcpuQyw8IR4gwHBrtodKEZT_PKT2jCBB3Y5AGH5HlsINnhAHaG6R-XyFNi8IwmNuzQ7vfBwhVyRBscqV5ZytMyFen2LTrB-RqU78-9_5jjiiGuqFhxmjBaUVHlLJOl5IxHhgrThNbXC-sasIiCxXcfr2sNdkCznhBM78D1yzs6_pTq5c8u8-7I8YgJsM3dRjhF6b_yG8DXN-mfrss:1sYdCs:kx9ql3u8UG1MQJ8KHD9eDuS3-b2BJqdZG-f-6_EcNDg', '2024-07-30 03:12:22.058831'),('lq9fcpmcinoql7y6odz9bmphbhvvur4c', '.eJxtkV1PgzAUhv8K6TVjLWVAudNbNdm9MeTQHkalKwttF43xv1s21Cx60zbnec97PvpBPAzBkianeZGSFoIf2uBwbrUiDcnJTawDOaJdgHoFe5gyOVk_6y5bJNlKXfY0KTT3q_bGYAA3xOwShFDApNj1PReshGJH-7xHjqXqClErWvZMVRWlWAOXnShAMiErVUoGBRfRVLvWhRPOiy1pejAOU3KpYeEIsYYDg0MUutBNp6XlBzRhhgFscodj8jh1kOxxBLuYqW9VlafE4BlNTNijPRyChavJEW1wpHlmKU_LtErrl6gE51uQXp-1f1_WFZe4odWG04TRhhdNkWc1ZyXl0UOGeUbr29XruuAqAotvPj63CuyIZjsjGO3A6Xj6beQ_gaugXX_sUu0fHK84P9v9mwiniP6S3_E_vwCIPq4R:1sYddK:s0M0qtyizThDtkU4gmRKzM51UCxLbkbpJfz-jsGeTr0', '2024-07-30 03:39:42.853632'),('licsflyn3q2qkne9630m6qd9gacqw6by', '.eJxVkEFuwyAQRa9isXYcsAkE79ptWyn7qrLGMA6OCY4MRK2q3r24SRfZIf6bN6P_TSLY5Elb05qXpIMUbZcCLt1oSEtq8vDXg57Qr4E5gT_OlZ59XMa-WpHqnobqbTbonu_sg8BCsHlagFIGmFa7YWgUE8B3dKgHbFCYnqu9oWJgRkpKcQ-N7hUHzZSWRmgGvFFZOoYupAsuq5a0A7iAJfnb4eEMeUcAhzaDIfXzZT35BV1awIIvnnAqXuceigNO4FeZ-adkXRKHV3R54ID-eEwebpIz-hRI-87KphSlLPcfmYQQO9BxvI7xa60rl7ihctPQgtGWs7YWFWeScZEdOi0L-tjdXbeCZQ48fsb83BrwE7rtguDGAGG08xm35OcXk6uG0Q:1sYdjq:kC4dpPoOf11bftTAb_ROZn2MetsHV-zn27hC6iRjxMU', '2024-07-30 03:46:26.486342'),('ratb3qrdlejzv6v1no3gc2fbg4bpkfs4', '.eJxtkUFPhDAQhf8K6ZllWyiw5aZXNdm7MWRohy3SLRvabjTG_27ZRc1GT23me_NeZ_pBPOhgSZPTnKekheB1GxzO7aBIQ3JyU-tAjmgXoF7BHqZMTtbPQ5ctkmylLnuaFJr7VXtjoMHp2F2BEAqYFGXfF4JVwEva5z0WWKmOi52iVc9UXVOKOyhkJzhIJmStKsmAFyKaDq514YTzYkuaHozDlFwyLBwhZjgwqKPQhW46LU9-QBNm0GCTOxyTx6mDZI8j2MVMfavqPCUGz2hiwx7t4RAsXE2OaIMjzTNLi7RK63T3EpXgfAvSD-fBvy_rikvc0HpT0ITRpmQN4xljguc8esgwz2h9u3pdF1xHYPHNx-tWgR3RbGcEMzhwg56OuI38p3AVtOuPXdL-wfGI87Py30Y4RfSX_I7_-QV-Mq38:1sYdtK:2m3T9LaevQP99gpY0hbYGfuhhd1WtCOYz5x0KyVmtEo', '2024-07-30 03:56:14.131991'),('p0sew662plm173wy0gzrmcx4f3wu0ulm', '.eJxtkctuwyAQRX_FYu044BfGu3bbVsq-qqwxjGPHBEcGolZV_704cVtFzQbQnDt3HnwSB703pE5pmsekAe_6xlucm0GRmqTkJtaCHNEsQB3A7KdETsbNQ5sskmSlNnmZFOrHVXtj0IPtQ3YJQihgUhRdlwlWQl7QLu0ww1K1uagULTumOKcUK8hkK3KQTEiuSskgz0QwHWxj_QnnxZbUHWiLMbnUMHCEUMOCxj4IrW-n09LyE2o_Qw8mesAxep5aiHY4glnM1I-KpzHReEYdEnZo9ntv4GpyROMtqV9ZnMVlzOPqLSjBugakG86D-1jWFZa4oXyT0YixmlU140lR8ormwUP6eUbjmtXrumAegMF3F55bBWZEvZ0R9GDBDuF028B_A1dBs_7YpdodHK4wPyvuJsIpoP_kb_yvb5HVrh8:1sYeJV:Kl80oj0BHS75mnJDphiNu1XeH4NTsQGqsG9VPup9Q4s', '2024-07-30 04:23:17.581851'),('k0kbw0bkxenv7lw31lbg38skspmb0tpt', '.eJxVkEFuwyAQRa9isSYOGGyCd-22rZR9VVljGMeuCY4MRK2q3r24SRfdIf6bN6P_RSKMyZO2YpWkpIMUxy4FXLvJkpZU5N9fD2ZGvwX2HfxpKc3i4zr15YaU9zSUL4tF93hn_wlGCGOebkBrC9zoehiE5g3Img3VgAIb20t9sKwZuFWKMTyAML2WYLg2yjaGgxQ6S6fQhXTBddOSdgAXkJLfHR7OkHcEcDhmMKR-uWwnP6FLK4zgiweci-elh-KIM_hNZv8oVVHi8IouDxzRn07Jw01yRp8CaV85FbShih7eMgkhdmDidJ3i51ZXLnHH1E6wgvNW1G1Vl0wKJVV2mLSu6GN3d90K3gKPHzE_9xb8jG6_IrgpQJjG5Yx78v0DlPKG1g:1sYea5:ZOm5c3arDyvuvu5zPhWwu7yBrGI8bN2fxGjxSoo8cAo', '2024-07-30 04:40:25.062750'),('o8uscqdpk8mr07w39hg519zanml0j90i', '.eJxtkctOwzAQRX-l8jpN7SR16uxgC0jdIxRN7EkT4jpVbFcgxL8zaQOogo1tzblz5-EPFqCLjlUZz4qE1RBDV0ePU90bVrGM3cQa0AO6GZhXcIcx1aMLU9-ksyRdqE-fRoP2ftHeGHTgO8qWoJQBodW2bXMlJBRb3mYt5ihNU6id4bIVpiw5xx3kulEFaKF0aaQWUOSKTHtf-3jCabZlVQvWY8IuNRwcgWp4sNiR0MdmPM0tP6CNE3TgVnc4rB7HBlZ7HMDNZuZbVWYJs3hGSwl7dIdDdHA1OaKLnlXPIskTmZTJ7oWU4EMNOvTnPrzP66Ilrnm5zvlKiKqQlZCpyBSXkjx0nCZ0oV68rgsuCTh8C_TcGHAD2s2EYHsPvqczbIj_BK6CevmxS7V_MF00v9j-mwgnQn_J7_ifX42xrhk:1sYeka:RnhS7mNu2wagIOr6fWIYcM7EumGa_q6M0NFIUz3ECDk', '2024-07-30 04:51:16.150070'),('k2ezpigrziucntcz434360zl06bb68w7', '.eJxtkVFPwyAQx79Kw3PXQduV0jd9VZO9G9Nc4bpiGV0KLBrjd5duVbNoQoDc73__444P4mEIljQ5zcuUtBD80AaHc6sVaUhObmIdyBHtAtQr2MOUycn6WXfZIslW6rKnSaG5X7U3BgO4IWZXIIQCJsWu7wvBKih3tM97LLBSXSlqRaueKc4pxRoK2YkSJBOSq0oyKAsRTbVrXTjhvNiSpgfjMCWXGhaOEGs4MDhEoQvddFqe_IAmzDCATe5wTB6nDpI9jmAXM_Wt4nlKDJ7RxIQ92sMhWLiaHNEGR5pnlhZplfK0folKcL4F6fVZ-_dlXHGIG8o3BU1Y3sSV11klSsp59JBhntH6dvW6DngBFt98vG4V2BHNdkYw2oHTcffbyH8CV0G7_til2j84HrF_tvs3EU4R_SW_7X9-AZG0rh8:1sYf9w:HoM-5qHIvhhzUGhoTLNCL_ErtPsrn7ysuTjEuUzxuwE', '2024-07-30 05:17:28.723071'),('7hdkifjr2oolukrzttx6ehj4ua8ax4kt', '.eJxtkVFPgzAUhf_K0mfGWgpl5U1f1WTvxpBLexkVVghtF43xv1s21Cz61Oae757TnH4QD12wpMpoliekhuC7Ojica6NJRTJyM2tA9WgXQb-CPY6pGq2fTZMuSLqqLn0aNQ73K3tj0IHr4rYAKTUwJYu25ZIJyAvaZi1yFLrJ5V5T0TJdlpTiHrhqZA6KSVVqoRjkXEZT42oXJpwXW1K1MDhMyCXDwglihoMBuwi60IzT8uQHHMIMHdjNHfabx7GBzQF7sIuZ_qbKLCEDnnGICwe0x2OwcDU5oQ2OVM8s4YlIymT_Eklwvgblzdn496WuWOKWlltON0xUOa94lgoqi0JEDxXmGa2vV69rwWUULL75eN1psD0OuxlhMA6cceY0gd1F4md0Rer1zy55_8jxiA2w4t9FmKL0V_kt4PML-vKu7A:1sYjOG:3rNXdDDpX1AMt3kEslA9aE3q0nR_IlQIPG51eO8xYIk', '2024-07-30 09:48:32.665433'),('tfanjpvn43mkdldy8tpexcpo5apssjvf', '.eJxtkd1OwzAMhV9lynXXNf1L0zu4BaTdI1S5ibuWZunUJBMI8e64WwFNIEVJ5O_4OHY-mIc-WFanSZpHrIHg-yY4nJtBs5ql7CbWghrRLkC_gj1MsZqsn4c2XiTxSl38NGk096v2xqAH11N2CVJq4EoWXZdJXkJeJF3aYYalbnNZ6aTsuBYiSbCCTLUyB8WlErpUHPJMkungGhdOOC-2rO7AOIzYpYaFI1ANBwZ7ErrQTqflyQ9owgw92M0djpvHqYXNHkewi5n-Vok0YgbPaChhj_ZwCBauJke0wbH6mUdZVEYiql5ICc43oPxwHvz7Mi4a4jYR2yzZcFHTyqq4qCopOHmoMM9ofbN6XQcsCFh883TdabAjmt2MYAYHbqDd74j_BK6CZv2xS7V_MB3UPy_-TYQTob_kt_3PL5z0ri8:1sYjvG:kYyuSo3NT-ocr4CujMPenfwn-xZ_LzbLwLhUKJaSb8s', '2024-07-30 10:22:38.609973'),('hbnypxpu521b2wmfenpthy84e4gp5z9w', '.eJxtkd1OwzAMhV-lynXXJf1dege3gLR7hCo3cdfSLJ2aZAIh3h13K6AJpCiJ_B0fx84H89AHy-qUp3nMGgi-b4LDuRk0q1nKbmItqBHtAvQr2MOUqMn6eWiTRZKs1CVPk0Zzv2pvDHpwPWWXIKUGoWTRdZkUJeQF79IOMyx1m8ud5mUndFVxjjvIVCtzUEKqSpdKQJ5JMh1c48IJ58WW1R0YhzG71LBwBKrhwGBPQhfa6bQ8-QFNmKEHG93hGD1OLUR7HMEuZvpbVaUxM3hGQwl7tIdDsHA1OaINjtXPIs7iMq7i3QspwfkGlB_Og39fxkVD3PBqk_FIVHVKSyZFVoiUk4cK84zWN6vXdcAVAYtvnq5bDXZEs50RzODADbT7LfGfwFXQrD92qfYPpoP6F8W_iXAi9Jf8tv_5BY7Frho:1sYk4n:E3Dhp0ZSHEdnb-WNmG9JghB86rSIDq2_nerCX7b2V3A', '2024-07-30 10:32:29.585992'),('7ctg6xf8gnak39ewp2wws4def163lac2', '.eJxtkctuwyAQRX_FYu044BfGu3bbVsq-qqwxjGPHBEcGolZV_704cVtFzQbQnDt3HnwSB703pE5pmsekAe_6xlucm0GRmqTkJtaCHNEsQB3A7KdETsbNQ5sskmSlNnmZFOrHVXtj0IPtQ3YJQihgUhRdlwlWQl7QLu0ww1K1uagULTumOKcUK8hkK3KQTEiuSskgz0QwHWxj_QnnxZbUHWiLMbnUMHCEUMOCxj4IrW-n09LyE2o_Qw8mesAxep5aiHY4glnM1I-KpzHReEYdEnZo9ntv4GpyROMtqV9ZnMVlzOPqLSjBugakG86D-1jWFZa4oXyT0YjxOq_qokhKkVJWBA_p5xmNa1av64J5AAbfXXhuFZgR9XZG0IMFO4TTbQP_DVwFzfpjl2p3cLjC_Ky4mwingP6Tv_G_vgGU9a4j:1sYkPX:MpAG5xnPIAafUSQWBqek8-lb9nRQX9dojgpHugQbeuQ', '2024-07-30 10:53:55.731262'),('6h94frv7z2zrcwyp5m89p2vmsc43sszr', '.eJxtkVFPwyAUhf9Kw3PXQelK6Zu-qsnejWlu4XatZXQpsGiM_126Vc2iL0DuOfe7cPggHvpgSZ3TvEhJA8H3TXA4N4MmNcnJTa0FNaJdBP0K9jBlarJ-HtpssWSr6rKnSaO5X703gB5cH7tLkFIDU3LXdVyyEood7fIOOZa6LWSladkxLQSlWAFXrSxAMamELhWDgssIHVzjwgnnBUvqDozDlFxmWDhCnOHAYB-NLrTTabnyA5owQw82ucMxeZxaSPY4gl1g-tsl8pQYPKOJDXu0h0OwcIUc0QZH6meW8rRMRVq9RCc434Dyw3nw70tcMcQNFRtOk5zWnMZUM1pJwUVkqDDPaH2zsq4BL4LFNx-PWw12RLOdEczgwA1x9duo_xSuhmb9scu0f-S4xfez3b-NcIrSX-X3-Z9fjBGuFw:1sYmvk:EQCgmvMlEwm3xWLhXzAg5X-ScVp9ADaenlMF7ETQMOA', '2024-07-30 13:35:20.160744'),('ym09l521ajd7r13br7azvt3yw8pbyrzz', '.eJxtkMtuhDAMRX-lynqGSQiBJMvu-w3IEA-kQwPKo2pV9d9rWjajzsqWj-_144tlmEtgtuZ1c2I9lDz3JWHsvWOWCXZXG2C8YdiBe4UwrdW4hhz9UO0t1UFT9bI6XJ6P3juDGdJMao6ondKcw9UM3OiGq8FcTTtoJx12DoQWEsZRtkYox51TaExXX3VnZEMaMvWpT2XDuNsym2PBE1sg5R7G7N99_qQx-01n3p0lf6qF5cpKWYlW1qolg7HEiCGTy_CGofzdWxMI-JEpvWwwFQclTRcqRoTFJ0jeQbjh0h9f-x3xAFMAZoV6KISN0H9Ci6wbLaH19w8fUoVJ:1sYnTp:p_-ALq9ndK9RYhG1or6hxa9vSloALVwxaOC45ZpDMKk', '2024-07-30 14:10:33.214279'),('97mqx7upv908h9nffp3qjbuuwoo0ghz1', '.eJxVj81uwyAQhF-l4py4CxgbfMy9z2AtsK5pExzxUyWq-u7Fag7NbbQz863mmxVca2STANEf2Iy1rHPNlObg2cQ4e7pZdJ8Ud8N_YHzfOrfFkoLt9kj3cHP3tnk6nx7ZJ8CKeW1tINJeaQBcjAWje1DWLGaw2ktPo0euuUTn5GC48uC9ImNGsejRyL51GjTkOdcrpR3LppIqHdgZc5nRlfAVyr292TcdYTxKeBF8EmpSogOAEYYGcDUliqVR7IVi_dsrmxHpVpp8vVKkFC6I8b9kP79m12K7:1sYnnU:FImDAtmkwmAxvEB2bjQrd8pFHLeIyZhv64OJNAK3RlM', '2024-07-30 14:30:52.071704'),('x3g2uxytt5vb4bouijeyll0s0pqk9g0m', '.eJxVj01uwyAQha8SsU7QYIzNsOy-Z0ADg2uayK4MVIqi3D22lE227-d7eg9RaW6LcB10_Vl4anX2raTNZxZOKPGhBYrXtBwG_9Lys8q4LnXLQR4R-XaL_F453b7e2Q_ATGXe25CSZWMBaMIAaHswASccgmXNaWRSVmmKUQ-oDAOzSYhjN9kRdb93dmguvrS_tB1Y4erW0lncqFRPseb_XO_7zPHpAuNFqxOg050DJQEH0w_i-QJNTk6j:1sYz8D:Ur72kWi_9lG6hLCUTIpF7ysYQ8QY0cQ3IV6aDQcUcHI', '2024-07-31 02:37:01.108551'),('ewr2pawsqr1069nycxdmwjx33vithtg3', '.eJxVj81uwyAQhF-l4pxQMMZmfcy9z2AtsK5pExzxUyWq-u7Fag7NbbQz863mmxVca2RTJ7r-wGasZZ1rpjQHzyYm2dPNovukuBv-A-P7xt0WSwqW7xH-cDN_2zydT4_sE2DFvLa2IDJeGyFwASvA9EJbWGCwxitPo0dppELn1ABSe-G9JoCxW8wIqm-dBg15zvVKaceyqaRKB3bGXGZ0JXyFcm9v9k1HMR6VfBEw6WGSwE0_ghkawNWUKJZGsReK9W-vakakW2ny9UqRUrggxv-S_fwCcgdi5g:1sYzVj:PuXjLfxZBMq_y-qlPKCs6XCCymHZl-tsUVouNprAw_U', '2024-07-31 03:01:19.875499'),('so3x25eghe0gopyg3nj46txl6iqdoe4m', '.eJxtkctuwyAQRX_FYu044BfGu3bbVsq-qqwxjGPHBEcGolZV_704cVtFzQbQnDt3HnwSB703pE5pmsekAe_6xlucm0GRmqTkJtaCHNEsQB3A7KdETsbNQ5sskmSlNnmZFOrHVXtj0IPtQ3YJQihgUhRdlwlWQl7QLu0ww1K1uagULTumOKcUK8hkK3KQTEiuSskgz0QwHWxj_QnnxZbUHWiLMbnUMHCEUMOCxj4IrW-n09LyE2o_Qw8mesAxep5aiHY4glnM1I-KpzHReEYdEnZo9ntv4GpyROMtqV9ZnMVlzOPqLSjBugakG86D-1jWFZa4oXyTsYjRmpZ1USQVy3nFg4f084zGNavXdcELMPjuwnOrwIyotzOCHizYIZxuG_hv4Cpo1h-7VLuDwxXmZ8XdRDgF9J_8jf_1DZRvriM:1sYzfz:EJnRvOmR4zZWU2qSvx7RmUmxoz9BfHRkvLlFrEZg4ps', '2024-07-31 03:11:55.832786'),('yvr7iug9a87iao5gmg2i01ur70s9m89g', '.eJxtkctuwyAQRX_FYu04xg8w3rXbtlL2VWWNYRw7JjgyELWq-u_FidsqajaA5ty58-CTOOi9IXWWZkVMGvCub7zFuRkUqUlGbmItyBHNAtQBzH5K5GTcPLTJIklWapOXSaF-XLU3Bj3YPmQzEEIBlaLsulxQBkWZdlmHOTLVFqJSKeuo4jxNsYJctqIASYXkikkKRS6C6WAb6084L7ak7kBbjMmlhoEjhBoWNPZBaH07nZaWn1D7GXow0QOO0fPUQrTDEcxipn5UPIuJxjPqkLBDs997A1eTIxpvSf1K4zxmMY-rt6AE6xqQbjgP7mNZV1jiJuWbnEY0rWlZ0yqhjNOSBQ_p5xmNa1av64J5AAbfXXhuFZgR9XZG0IMFO4TTbQP_DVwFzfpjl2p3cLjC_LS8mwingP6Tv_G_vgGNoq4Z:1sYzo6:irxqZa8aPoUTWSWG5XMFoyiMEVVwvsVTyj1CSTGGdX4', '2024-07-31 03:20:18.186791'),('s37loivu4a4qws93s588m5gu2dj72qnm', '.eJxtkc1OwzAQhF8l8tlNbeevzg2ugNQ7QtHG3jQhrlPFdgVCvDtOG0AVnGztNzvjXX8QD32wpBZM5JQ0EHzfBIdzM2hSE0Fuai2oEe0C9CvYw5Sqyfp5aNNFkq7UpU-TRnO_am8MenB97C5BSg1cyaLrMslLyAvWiQ4zLHWby51mZcd1VTGGO8hUK3NQXKpKl4pDnsloOrjGhRPOiy2pOzAOKblkWDhCzHBgsI9CF9rptDz5AU2YoQeb3OGYPE4tJHscwS5m-ltVCUoMntHEhj3awyFYuJoc0QZH6mdOM1rSiu5eohKcb0D54Tz492VdcYkbVm0ynnBW56wWWVrkomAseqgwz2h9s3pdF1xFYPHNx-tWgx3RbGcEMzhwQz8dcRv5T-EqaNYfu6T9g-MR5-fFv41wiugv-R3_8wt6N632:1sZ0CN:VPlQuS9bre44XrFsqob_MtRVTBYPRH2a_gF5wu4Gx1A', '2024-07-31 03:45:23.559500'),('5mr4a5hvajtnrs15dflyr4pr16i6ztvz', '.eJxtkV1PgzAUhv8K6TVjLQW6cqe3arJ7Y8ihPQykKwttF43xv1s21Cx60zbnec97PvpBPPTBkjqneZGSBoLvm-BwbgZNapKTm1gLakS7AP0K9jBlarJ-HtpskWQrddnTpNHcr9obgx5cH7MrkFIDU7LsOi5ZBUVJu7xDjpVuC7nTtOqYFoJS3AFXrSxAMamErhSDgstoOrjGhRPOiy2pOzAOU3KpYeEIsYYDg30UutBOp6XlBzRhhh5scodj8ji1kOxxBLuY6W-VyFNi8IwmJuzRHg7BwtXkiDY4Uj-zlKdVKtLdS1SC8w0oP5wH_76sKy5xQ8WGs4SxmhY1pxkXFSt59FBhntH6ZvW6LlhEYPHNx-dWgx3RbGcEMzhwQzz9NvKfwFXQrD92qfYPjlecn5X_JsIpor_kd_zPL4glrhE:1sZ0Zi:mFDqyVI3Sbl6rj78aJJTHrFsXdQGPLY8fKIOCp6zKSA', '2024-07-31 04:09:30.396682'),('bhdjsd1yb3p6xmg8mvlrm66avkdi2mnr', '.eJxVj8tugzAQRX-l8joBG2OwWWbfb0Bjz1DcBoP8qFpV_fcaNZvsRvdxRveHZVhLYFPHu_7CZih5nUuiOHtkExPsSbPgPiicBr5DeNsbt4ccvW3OSPNwU_O6I91vj-wTYIW01jYn0qg057AYy43uubJmMYPVKJFGBKGFBOfkYIRCjqjImLFb9GhkXzsV6tOcykHxxLIpx0IXdoeUZ3DZf_r8Xd-cm658vErxIsSk5KREUwlD31WAKzFSyJViNwrlf6-sRqCvXM_2oEDRbwChRZ_OmSX5VrbJbwcE9vsHkKJl2Q:1sZ1LT:z5CWSU68r5f-euK2Fi3SocRA-k_-wdLkfbRoDn3cdMY', '2024-07-31 04:58:51.827753'),('nb6hhe2xqbo0z6kuyzxqdf0iftequgvt', '.eJxVkMtOwzAQRX8l8tpN7SS14-xgC0jdIxRN7EkT4jqVHxUI8e84tCzYWb5nzozuF4kwJUe6ilUNJT2kOPUpoO9nQzpSkX9_A-gF3RaYd3CntdSri34eyg0p72koX1aD9vHO_hNMEKY8LUApA1yrwzjWigtoDmysRqxRmKFRrWFi5EZKxrCFWg-qAc2VlkZoDk2tsnQOfUgX9JuWdCPYgJT87nBwhrwjgMUpgyEN62U7-Qlt8jCBKx5wKZ7XAYojLuA2mfmjZEWJxSvaPHBEdzolBzfJGV0KpHvltKaCStq-ZRJC7EHH-TrHz62uXOKOyV3NC151rO24KLkUTLLs0Ml7dLG_u24Fyxw4_Ij5uTfgFrR7j2DnAGGe1jPuyfcPlKKG1A:1sZ1ZQ:I0a9YQN6Y-Lhd55aWHdhtQxaR4mYUKHzcX634jSkl6g', '2024-07-31 05:13:16.199229'),('hbrgult3ycf9hh221ahkg8qv62a0c3yy', '.eJx1klFPgzAUhf_K0gefGKPAgDYhRl_VZO_GkEt7GQgrC6WLxvjfbTdcNmXhpbnfvef0nvJFRqiNIjwMwtgjBZixLozGoWgk4SQkV7USRIvKAfkOatv7olfj0JS-a_Enqv2XXmL3OPVeCdSgazudAGMSqGDrqooYTSBeB1VYYYSJLGOWySCpqEzTIMAMIlGyGARlIpWJoBBHzIo2utBmj4OTJbyCTqNHjh4KdmA9NHRY20Ztyn7vrvyEnRmgBrV4wHbx3Jew2GALyonJ36409EiHB-zswAbVdmsUnER2qIwm_JV6kZd4qZe92U7QYwFibA7N-OnisiEug3QZ0QUNeRjxNfVDFic0sxrCDAOqsZi0TgGnFij8GO1xJUG12K0GhK7RoBv7wVS7PxdPBYeK48vlzvNuDtsj5HE2y-wo7HM6y05R5Kl7-z-8mH6W46Iz2FkSTtezg7C36D-5TP7mljctz5sSHmc3BeatL7Z19t8_bjoLMA:1sZ1oV:r9PL9xFg80Nyde8sTnXJO1f0v7FWxMOuxM97ajJ8lbk', '2024-07-31 05:28:51.311260'),('2of1qf1xsm8x448jnoh2wq5odf4icfhb', '.eJx1kUFPwzAMhf9KlXPXNU2XNL3BFZB2R6hyE3ctzdKpSSYQ4r-TbgU0CS6R5ff82Xr5IB76YEld5EWZkgaC75vgcG4GTWpSkJteC2pEuwj6FexhytRk_Ty02WLJVtVlT5NGc796bwA9uD5Oc5BSA1Vy13VMUg7lLu-KDhly3Zay0jnvqBYiz7ECplpZgqJSCc0VhZLJCB1c48IJ5wVL6g6Mw5Rcdlg4QtzhwGAfjS6002k5-QFNmKEHm9zhmDxOLSR7HMEuMP3tEkVKDJ7RxIE92sMhWLhCjmiDI_UzTVnKU5FWL9EJzjeg_HAe_PsSVwxxk4sNowktasZqyjMpxI4vF6swz2h9s7KuAYsoWHzzsdxqsCOa7YxgBgduiK_fRv2ncTW4WDfrr102_mOJZcyhrP4FwInU9G_1N47PL_EktPA:1sZ1xd:nZ4rOv2OI7JEsKjJhAcBcteel7lZL3Ity_fvoEFA46c', '2024-07-31 05:38:17.000113'),('fmqusqulo3v7tnmy7zqfvjiypki03gax', '.eJx1kc1OwzAQhF8l8tlN7fw7N7gCUu8IRRt706RxnSq2KxDi3XHaAKpEb6Od2W-t8Sdx0HtD6oQlGSUNeNc33uLcDIrUJCE3sxbkiGYx1AHMforlZNw8tPESiVfXxi-TQv24Zm8APdg-bBcghAIuRd51qeAFZDnrkg5TLFSbiUqxouOqLBnDClLZigwkF7JUheSQpSJAB9tYf8J5wZK6A22RkssNA0cINyxo7EPQ-nY6LU9-Qu1n6MFEDzhGz1ML0Q5HMAtM_aTKhBKNZ9RhYYdmv_cGrpAjGm9J_cppSgta0uotJMG6BqQbzoP7WOoKJW5YuUl5xPM6Ses8iXmVFawKDOnnGY1rVta14DIYBt9dkFsFZkS9nRH0YMEO_XTEbfB_B9eADbpZf-1y8U4kyNBDVt0FwInU_H_3r46vb90atM8:1sZ4ci:wWRMG6DOCvFbwJhDaS5uMLQscrLM5dvt8NalYlK5Yg8', '2024-07-31 08:28:52.217362'),('mybp1w161r7ej1eybjc9zkdrg2kod519', '.eJx1kc1OhDAURl-FdM0wFMpP2elWTWZvDLm0l6HSKYS2E43x3S0zqJlEdzf9Ts9tvn4QB4M3pMnSjMWkBe-G1ltcWiVJQzJyc9aBGNGsgXwFc5wSMRm3qC5ZkWRLbfI0SdT3G3sjGMAO4XYJnEugghd9n3NaAivSPusxx1J2jNcyLXsqqypNsYZcdJyBoFxUshQUWM6DVNnW-hmXVUuaHrTFmFx2GDhB2GFB4xBA67tpXp_8gNovMICJ7nCMHqcOogOOYFaZ_KaqLCYaz6jDhQOa49EbuEpOaLwlzTON87iMq7h-CSRY14Jw6qzc-1pXKHGXVrucRrRoGG2yOmG0LFgeHMIvCxrXbq5rwVUIDL65MO4lmBH1fkHQyoJVVp1mMPtA_BxdkRBBu_3bZec_SBhDE6z-VwAzaejf6W8hn19bVbWt:1sZ4tk:Iit66wzA3KN_tGE7KuKyoQKk6zUOBukO-D_q3K23Rus', '2024-07-31 08:46:28.466977'),('9st8er64nuw9xgjdl0aa21fhwz2sukrz', '.eJx1kc1OwzAQhF8l8jlNbefXucEVkHpHKNrYmyaN61SxXYEQ747TBlAlehvtzH5rjT-Jg94bUnPKs5g04F3feItzMyhSE05uZi3IEc1iqAOY_ZTIybh5aJMlkqyuTV4mhfpxzd4AerB92C5ACAVMirzrUsEKyHLa8Q5TLFSbiUrRomOqLCnFClLZigwkE7JUhWSQpSJAB9tYf8J5wZK6A20xJpcbBo4QbljQ2Ieg9e10Wp78hNrP0IOJHnCMnqcWoh2OYBaY-kmVPCYaz6jDwg7Nfu8NXCFHNN6S-pXFaVzEZVy9hSRY14B0w3lwH0tdocQNLTcpi1he56zmVSIyyqs8MKSfZzSuWVnXgstgGHx3QW4VmBH1dkbQgwU79NMRt8H_HVwDNuhm_bXLxTuRIEMPWXUXACdSs__dvzq-vgHg7LTU:1sZ53Q:xxUTBpXSoimeHNIAEByhrANu1AID_dL0YzJkwV0TUt0', '2024-07-31 08:56:28.991146'),('wdhsxmfn6calx6jl5n8j9w6gkaqug7nm', '.eJxVkMtOwzAQRX8l8tpN7TycOjvYAlL3CEUTe9KEuJMqtisQ4t9xaFmws3zPnBndLxZgjMTaQhQVZx3EMHbR49pNlrWsYP_-ejAz0hbYd6DTkpuFwjr1-Ybk99TnL4tF93hn_wlG8GOaVqC1BWl0PQyllgqqWgzFgCUq21f6YIUapG0aIfAApel1BUZq01hlJFSlTtLJdz5ecN20rB3AeeTsdwfBGdIODw7HBPrYL5ft5Cd0cYURKHvAOXteesiOOANtMvtHNQVnDq_o0sAR6XSKBDfJGSl61r5KXnLFG354SyT40IEJ03UKn1tdqcSdaHalzKRqpWiFzpWqayGSw8R1RQrd3XUrWKWA8COk594Czej27PsHVPKBPg:1sZ5LV:1IULxIrVEqLxbGZz2UuBV9efzOWsY03zDVaftTnBjd0', '2024-07-31 09:15:09.717824'),('7f7ftvx9aqk7s9uv7inkyj9thcjksbzr', '.eJyFkc1OwzAQhF-l8jkNdv6TG1wBqXeEoo29aUxcJ4rtCoR4d5w0iBaKOHnlmf3G3n0nFjqnSRXRKAlIDc52tTM41VKQikTk4q4B3qOeBfECej-EfNB2kk04W8JVNeHjIFDdrd4LQAem890ZlKUAxsu0beOSZZCktI1ajDETTVIWgmYtE3lOKRYQ86ZMgLOS5yLjDJK49FBpauNGnGYsqVpQBgOyZGg4gM8woLDzRuOaYZyffI_KTdCB3txiv3kYGtjssAc9w8SXK48CovCIyjfsUO_3TsMJckDtDKmeWBAHWZAHxbN3grE1cCuP0r7N4_JD3NJ8G7MNyyqWVzQOM1qkLPEM7qYJta1X1mnAsRc0vlpf3oyocZIHAH1eesOEoKQBIwXoHlW9rmyJuyL7ww-ApVcbYfS7_q2c__-HZnz9T-RiOcUmxZ-A69GL-h3_8Qkl59xk:1sZ5SB:obavberItE-wNnC_3E7bfMym0ZjekvLKcKF9nsAnzFY', '2024-07-31 09:22:03.617569'),('ty3jnklsu5p5e2enirvxkh9ogcghe7x8', '.eJyFkctuwyAURH8lYu04xvi9a7dtpeyryrqG69g1wZGBqFXVfy_Y7jtVxQLEmTuDhhdioLOKVHEUJwGpwZquthqnuhekIjH5dtcAH1B5IB5BHcaQj8pMfRN6SbhSHd6NAuX1qv1m0IHu3HQGZSmA8jJtW1bSDJI0auMWGWaiScpCRFlLRZ5HERbAeFMmwGnJc5FxCgkrnWmva21POHlbUrUgNQZkzlBwBJehQWLnhNo248k_-QalnaADtbnCYXM7NrDZ4wDKm4l3VR4HROIZpRvYozocrILF5IjKalLd04AFWZAHxYNTgjY1cNOfe_Ps63IlbqN8y-iGZhVjFc3ChKYp9T1yO02oTL16LQXnDih8Mu64E6AGlLsJQfYadO-WP5md03xcLqJ6_bU58QJ2m-uAphcH4eTQb_K1gh_Mv-SfyFmyxCbFnwaXo2f6Gf_6Bvz73bo:1sZ5hs:kp2ymmpXu16XgvC87bXVq0E7cd1XAWOqKpdF9Wy7yPY', '2024-07-31 09:38:16.437794'),('ur3ucts62a1k2ukduiqc24daxjhdnbe4', '.eJxtkc1OhDAUhV-FdM0wlJ-WstOtmszeGHJpLwPSKYS2E43x3S0zqJnoqs093z2nOf0gDnpvSJ2lWRGTBrzrG29xaQZFapKRm1kLckSzCuoVzHFK5GTcMrTJiiSbapOnSaG-39gbgx5sH7YZCKGASlF2XS4og6JMu6zDHJlqC1GplHVUcZ6mWEEuW1GApEJyxSSFIhfBdLCN9TMuqy2pO9AWY3LJMHCCkGFBYx9A69tpXp_8gNov0IOJ7nCMHqcWogOOYFYz9U3xLCYaz6jDwgHN8egNXE1OaLwl9TON85jFPK5eAgnWNSDdcB7c-1pXKHGX8l1OI8pryuqCJZRmOSuDh_TLgsY1m9e1YB4Eg28uXPcKzIh6vyDowYId_KzA4Z5WgfkZXqFm-7VL4j9yOEIHtPx3EeYg_VV-K_j8AjHtr0o:1sZ6Ny:m15T2AhRKl3sU05YUrlF63QMY7y1zCkBcp6Gh25JqbA', '2024-07-31 10:21:46.165067'),('bytd9a9awwrsxxb25ll7h866bdh24mr3', '.eJyFkctuwyAQRX8lYu04xi-Md-22rZR9VVljGMeuCY4MRK2q_nvxo-9U3QCac-deGF6IhdZpUsZRnAakAmfbyhkcq06SksTkW60G0aOegHwEfRhCMWg7dnU4ScKVmvBukKiuV-03gxZM67tz4FwCFTxrmoTTHNIsauIGE8xlnfJCRnlDJWNRhAUkouYpCMoFk7mgkCbcm3amMu6E42RLygaUwYDMGRqO4DMMKGy90Lh6OE1XvkHlRmhBb66w39wONWz22IOezOS7isUBUXhG5Rv2qA8Hp2ExOaJ2hpT3NEiCPGBB8eCVYGwFwnbnzj5P4_JD3EZsm9ANZWWWlVES0jjlLPcewo0jalutXsuAmQcan6w_7iToHtVuRFCdAdP51e48_ygsgmr9sTntAvabfz_NLjbCyaPf5OvzfzDjz_9EzpIlNi3-NLgcPdPP-Nc3V7LcFg:1sZ6z1:98LKnOrBvE9-8imdfkAJDVxrxgjP_Edk2KW9dXMu4t0', '2024-07-31 11:00:03.145115'),('sklkrl32pn0l68lpe9ffb2ccyl6d7bz2', '.eJxtkU1PhDAQhv8K6ZllKWWBctOrmuzdGDK0w4J0y4a2G43xvzvsomajl7aZ5513PvrBPPTBsjpLszxmDQTfN8Hh3Aya1SxjN7EW1Ih2AfoV7GFK1GT9PLTJIklW6pKnSaO5X7U3Bj24nrILkFIDV3LXdULyAvJd2mUdCix0m8tKp0XHdVmmKVYgVCtzUFyqUheKQy4kmQ6uceGE82LL6g6Mw5hdalg4AtVwYLAnoQvtdFpafkATZujBRnc4Ro9TC9EeR7CLmf5WlVnMDJ7RUMIe7eEQLFxNjmiDY_Uzj0VcxGVcvZASnG9A-eE8-PdlXbTETVpuBI94VfOsFiLJs7TiFXmoMM9ofbN6XRdcErD45um51WBHNNsZwQwO3ECn3xL_CVwFzfpjl2r_YLpofr77NxFOhP6S3_E_vwCNIq4Y:1sZ7Fx:vZQgHvytOskBhu-_qIa3UPa1cGgMN8iO9xpf_FRPASI', '2024-07-31 11:17:33.462077'),('ctsfpr9iyknlpd38cy1xfjkisk47nd8o', '.eJxVkEFuwyAQRa9isXYcY2xjvGu3baXsq8oawzgQExwZiFpVvXtxky6yQ_w3b0b_mwTQ0ZG-Kqs6JwPEoIfocR2MIj2pyMPfCHJGtwXqBO64FHJxYTVjsSHFPfXF26LQPt_ZB4EGr9N0C0IooFI008QEbaFuyqmakGGrxlp0qmwnqjgvS-yAyVHUIKmQXLWSQs1Ekho_-HjBddOSfgLrMSd_OxycIe3wYFEn0MdxuWwnv6CNK2hw2RPO2esyQnbAGdwmU_8Ur3Ji8Yo2DRzQHY_RwU1yRhc96d9pzvI253n3kUjwYQAZzNWEr62uVOKu5DtGM9r1jPYNLTpes2a7WMZ1RReGu-tWME-Bw8-QnnsFbka7XxGs8eCNXs64Jz-_mKmG5A:1sZ7Yd:-x06WFcQiTDSe9c1_9oOZnHe-0-XUrw8oIwnVBy3GgA', '2024-07-31 11:36:51.898352'),('yh083xcjfqrgknhtiq5maig2gv0f7g4g', '.eJxtkctuwyAQRX_FYu044BfGu3bbVsq-qqwxjGPHBEcGolZV_704cVtFzQbQnDt3HnwSB703pE5pmsekAe_6xlucm0GRmqTkJtaCHNEsQB3A7KdETsbNQ5sskmSlNnmZFOrHVXtj0IPtQ3YJQihgUhRdlwlWQl7QLu0ww1K1uagULTumOKcUK8hkK3KQTEiuSskgz0QwHWxj_QnnxZbUHWiLMbnUMHCEUMOCxj4IrW-n09LyE2o_Qw8mesAxep5aiHY4glnM1I-KpzHReEYdEnZo9ntv4GpyROMtqV9ZnMVlzOPqLSjBugakG86D-1jWFZa4oXyTsYhVdZ7WBU-KknK6dCz9PKNxzep1XTAPwOC7C8-tAjOi3s4IerBgh3C6beC_gaugWX_sUu0ODleYnxV3E-EU0H_yN_7XN5YwriU:1sZ7jN:uDfn3N6gPZpT1ZajNqOg8sa2xaAhrr0AiRVZa2Sp8II', '2024-07-31 11:47:57.575745'),('0va4pgmieodxw29tgsazbkhgmamsd1q4', '.eJxtkV1PgzAUhv8K6TVjLWVAudNbNdm9MeTQHkalKwttF43xv1s21Cx60zbnec97PvpBPAzBkianeZGSFoIf2uBwbrUiDcnJTawDOaJdgHoFe5gyOVk_6y5bJNlKXfY0KTT3q_bGYAA3xOwShFDApNj1PReshGJH-7xHjqXqClErWvZMVRWlWAOXnShAMiErVUoGBRfRVLvWhRPOiy1pejAOU3KpYeEIsYYDg0MUutBNp6XlBzRhhgFscodj8jh1kOxxBLuYqW9VlafE4BlNTNijPRyChavJEW1wpHlmKU_LtErrl6gE51uQXp-1f1_WFZe4odWGs4SJhvOGllktipqy6CHDPKP17ep1XXAVgcU3H59bBXZEs50RjHbgdDz9NvKfwFXQrj92qfYPjlecn-3-TYRTRH_J7_ifX5TgriM:1sZ8Vu:LYQAhd0zzds0OmJ1N1u2FWf7jPsMIqxlULlG2Qrac3A', '2024-07-31 12:38:06.918430'),('c6lup6uyz9zlg2qlr6dv0ien4upw2fcr', '.eJx1kdFOwyAUhl9l4brroGW09E5v1WT3xjSncLrWMtoUWDTGd5duVbNEbwjh__gO-fkgHrpgSZXRjCekhuC7Ojic616TimTk5qwBNaBdAv0K9jimarR-7pt0QdI1denTqNHcr-yNoAPXxdsCpNTAlNy3bS6ZAL6nbdZijkI3XJaaipbpoqAUS8hVIzkoJlWhhWLAcxmlvatdmHBetKRqwThMyGWGhRPEGQ4MdhF0oRmn5ckPaMIMHdjNHQ6bx7GBzQEHsItMf1NFlhCDZzTxwgHt8RgsXCUntMGR6pkleSKSIilfIgnO16B8f-79-1JXLHFLi23ONkxWe1FxmkouKC-jQ4V5Ruvr1XUtuIiBxTcftzsNdkCzmxFM78D17rKeJrC7SP0cX7ElrNe_u8z9B4nb2AYv_xXARCr2d_pbyucXYEi3aQ:1sZ8si:NDNUda6aJ4K5BlIaUD-RROC9ZQO16d9TckG7iqPhDqY', '2024-07-31 13:01:40.992610'),('t9ki53d14dv240fgmyqypim7n3zgyvyj', '.eJyFkVFPgzAUhf8K6TNjtAUKvOmrmuzdGHJpLwPpCqF00Rj_u2VDM80WX5qbnu-e05x-kBlaZ0jJYpaEpAI3t5WzOFWdIiVh5NddDbJHswjqFcx-iORg5qmrowWJVtVGT4NCfb-yvwxasK3fzqAoFFBZpE3DC5pBksYNa5BjpuqkyFWcNVQJEceYA5d1kYCkhRQqkxQSXnjTzlbWjTgttqRsQFsMySnDwAF8hgWNrQetq4dxefIDajdBCya4wz54HGoIdtiDWczUNyVYSDQeUfuFHZr93hk4mxzQOEvKZxryMAtFmL94EuxcgZy7Yze_L3X5Ejex2HAasLikaclElGdMcO49pJsmNHO1ep0LFl4w-Db7cavA9Ki3E4LuLNjOns7DCGbrqZ_rM7aI1fp3p9wbiB99G0l-0wBGUtLr6mUpf_R_otdYml5dvB55Eff5BVRW3o4:1sZ9At:p97sV4j84XG90k4r9h5TdrsggaULcTHWX-caNUxFy3Y', '2024-07-31 13:20:27.915705'),('i76nfnedye1b3dtllefnjwlyo4xcd0w4', '.eJx1kVFPgzAUhf8K6TNjLTBKedNXNdm7MeTSXkalKwttF43xv1s21CzRt5N7zv1uc_pBPAzBkianeZmSFoIf2uBwbrUiDcnJzawDOaJdDPUK9jBlcrJ-1l22RLLVddnTpNDcr9kbwABuiNsVCKGASbHr-0KwCsod7fMeC6xUV4pa0apninNKsYZCdqIEyYTkqpIMykJEqHatCyecFyxpejAOU3K5YeEI8YYDg0MMutBNp-XJD2jCDAPY5A7H5HHqINnjCHaBqe8Uz1Ni8IwmLuzRHg7BwhVyRBscaZ5ZWqRVytP6JSbB-Rak12ft35e6YokbyjcFS3LWMNpQkfG6ymkdGTLMM1rfrqxrwTwaFt98lFsFdkSznRGMduD0MB1xG_2fwTXgom7XX7tc_CcSZeyhrP8FwIk07G_3t47PL9w1tM4:1sZA1p:PSJ6-Hdrc8zFOySQGWJRD6wjePuH1MtNkutYu2gqw04', '2024-07-31 14:15:09.832016'),('krfje2b75j8ln1ftdl30eku7fvjdr3d9', 'eyJ0YWh1biI6MjAyNH0:1sZAEZ:EcKafcthVPkVyhnK2lKbXDghq5abz-YjIB0kxcvv4mU', '2024-07-31 14:28:19.756802'),('ak3oqphg13f4w1n7yk7c8xcrg7eumaba', '.eJxVkMtuwyAQRX_FYu04YPzCu3bbVsq-qqwxjINjgiMeUauq_17cpIvsEPfMmdH9JgF0tKQvaVnlZIAY9BA9umFWpCclefgbQS5ot0CdwB7XQq42uHksNqS4p754WxWa5zv7INDgdZpuQAgFTIp6mrhgDVQ1ncoJOTZqrESnaDMx1baUYgdcjqICyYRsVSMZVFwk6ewHHy_oNi3pJzAec_K3w8IZ0g4PBnUCfRzXy3byC5roQIPNnnDJXtcRsgMuYDeZ-qfaMicGr2jSwAHt8Rgt3CRntNGT_p3lPG_yNu8-Egk-DCDDfJ3D11ZXKnFHux1lGe36quzruhAt5w1LDhmdQxuGu-tWcJsCi58hPfcK7IJm7xDM7MHPej3jnvz8Ape_huA:1sZKqG:iq_784XHa3rWfC5Y9OGK7WH4iJWHWrXzFuJYEOtLVdI', '2024-08-01 01:47:56.018756'),('m5dcy2v618xc20gc7dmtb46838t6fsey', '.eJxtkMtuxCAMRX-lYj2TQJ7Asvt-Q2TA09BJScSjalX13-t0shl1ViCO77HNN8swl8B0w5vuxCYoeZ5Kwjh5xzQT7O7NgL1i2IF7g_C6VnYNOXpT7SXVQVP1sjpcno_aO8EMaaY0R5Sul5zDRRmuZMd7oy5qMNK1DkcHQooWrG0HJXrHnetRqbG5yFG1HWVI6tOUyoZx1zKdY8ETWyDlCWz2Hz5_UZt9pzOXZy6ehNCi0WKohrYbpSSBLTFiyGQx7xjKbd8dBPzMdK0dhCsu9QLbGiHURCLC4hMkf0PT8XV_fR5gOoBp0T8MwkboP6Fp1o0mET-_RBSG5A:1sZNAm:GtwE8iACgza96SeVrO0m2yurdg8ifs6-4l57x6C5HFY', '2024-08-01 04:17:16.724984'),('kd4ar71o9lqmse3jglzduz8d3veyg8sl', '.eJxVj8tuwyAQRX-lYp3YgE0MLLvvN6CBGdduHBzxqFpV_fdiNZvsRvdxRveHFVhqZFZyOZ6Yg1oWVzMltyKzTLAnzUO4UjwM_ID4vndhjyWtvjsi3cPN3duOtL0-sk-ABfLS2pxIo9Kcw2w8N3rkypvZXLzGAWlCEFoMEMJwMUIhR1RkzCRnPZlhbJ0GXbPL9U7pwDJbUqUT2yAXB6Gsn2v5bm-OTWeuz1y8CGHFZNXYGTlOUjZAqClRLI3ibxTr_17djEhfpZ09QrzS1m9w3xPEnv3-AbswX-o:1sZNGE:xJY6n8AM_hkRy73kMX1KGDJKDkWZWRi61LAL3fAgGxc', '2024-08-01 04:22:54.974014'),('iqbnpjplkhdjsv9jiu0k636lz5adiyr6', '.eJxVj0luwzAMRa9SaJ3YkkdKy-xzBoMS6dqNIwcaihZF714ZzSY74g-P-D8i4ZK9MI1supOYMKdlypHDtJIwQokXzaK7sT8M-kD_vldu9ymstjoi1dON1XUn3i7P7AtgwbiUtmQG6kFKnLWVGjrZWz3rwQK1xCOhAtWic-2gVU-SqGetx2aGUbdd6RToGqeYHxwOrDApZD6JDWOa0KX1c03f5c2x6SzhLNWbUqYFI5tqhAF0UwAuh8A-FYq9s8__e6EYnr9SOWtCf-OtXvY71-L3D51NXrA:1sZNZi:RyCZDhRDd6DJ-SnNjIIRK9mQpq5ZVmv5-Bhtp-XqrVo', '2024-08-01 04:43:02.813004'),('1a6p7v78i4o8s1mex8fwkk5v74s6gbk2', '.eJxVj0luwzAMRa9SaJ3YlDxJXmafMxiUSNduHDnQULQoevfKaDbZEX94xP8RCZfsxahAtScxYU7LlCOHaSUxCileNIvuxv4w6AP9-1653aew2uqIVE83VtedeLs8sy-ABeNS2sCsqdMAOBsLRrfQWTOb3mpqiAdCqWWDzjW9kR0BUcfGDGrWg2na0inQNU4xPzgcWDGmkPkkNoxpQpfWzzV9lzfHpjPoM8g3qcauH6GvlIJeHgCXQ2CfCsXe2ef_vboYnr9SOWtCf-OtXvY71-L3D5osXqE:1sZOnG:pFU7dVqwkiK6vANzTD0bkORakEn3-qELLbyd4xA_TWQ', '2024-08-01 06:01:06.234619'),('2vf7179vegku7qfduptzusteychlwtzi', '.eJxVkEFuwyAQRa9isSYOGMc23rXbtlL2VWWNYWwcExwZiFpVvXtxky6yQ_w3b0b_mwQw0ZG2YEVJSQcxmC56XLtJk5YU5OGvBzWj2wJ9AjcuuVpcWKc-35D8nvr8bdFon-_sg8CAN2m6Aik1cCUPwyAkr6A8sKEYUGCl-1I2mlUD13XNGDYgVC9LUFyqWleKQylkkk6-8_GC66Yl7QDWIyV_OxycIe3wYNEk0Md-uWwnv6CNKxhw2RPO2evSQ3bEGdwm0_9UXVBi8Yo2DRzRjWN0cJOc0UVP2ndOBa1oTZuPRIIPHagwXafwtdWVStyxZsd4xkUreCsOeVkIWYvkUHFd0YXu7roV3KTA4WdIz70GN6Pdm-WMe_LzC-Jwgxs:1sZPLb:oqRy9YtNOvdQKyU5nXLTImUHqu2445VgWZNZZ-yYTwQ', '2024-08-01 06:36:35.504046'),('w51h7aadvp3ik8czuhti1weaenh90kur', '.eJxVkMtOwzAQRX8l8jpN7TiN4-xgC0jdIxRN7HET4jqVHxUI8e84tCzYWb5nzozuF4kwJUf6mtZNSQZIcRpSQD_MmvSkJv_-RlALui3Q7-BOa6VWF_08VhtS3dNQvawa7eOd_SeYIEx5ugUpNTAlD8ZwyVpoDtTUBjm2emxkp2lrmBaCUuyAq1E2oJhUQreKQcNlls5hCOmCftOS3oANWJLfHQ7OkHcEsDhlMKRxvWwnP6FNHiZwxQMuxfM6QnHEBdwm03-UqEti8Yo2DxzRnU7JwU1yRpcC6V9Zycu2FGX3lkkIcQAV5-scP7e6cok72u0oKxjvuewbVgnBqaDZoZL36OJwd90K7nLg8CPm516DW9DuzWwj-j35_gHrbYP5:1sZPTR:Nx2doR6rFR4tBGWxn5tF5RHFQ5Q7LbE6fgniK9mZVVk', '2024-08-01 06:44:41.821945'),('o2ec3j1h2gp7c8iqxc7iyqqxtxq5dm74', '.eJxtkctugzAQRX8FeU0I5mEwu3bbVsq-qtBgD4HiGORH1Krqv9ckVFXUrDzyuXOvZ_xFHAxekyZLsyImLXg3tN6iaUdJGpKRm7sOxIR6BfId9HFOxKydGbtklSQbtcnLLFE9btobgwHsELoZcC6BCl72fc4pg6JM-6zHHJnsCl7LlPVUVlWaYg256HgBgnJRSSYoFDkPpqNtrV_QrLak6UFZjMklQ8MJQoYFhUMQWt_Ny_rkJ1TewAA6esApep47iA44gV7N5K-qymKi8IwqNBxQH49ew9XkhNpb0rzSOI9ZXMX1W1CCdS0IN55H97muKyxxl9a7lEa0bChr0iLJaM14HjyENwa1azev64LrADR-uFDuJegJ1V7BMhvQarRuH6hBCCXY8Yrb7b8uWXdwOML0tLzbCEtA_8nf8N8_J2CtTA:1sZQyi:RLmnqG6z0_3ZcLoTwheZB5p7R2HwfrsRSWsmckZFqsQ', '2024-08-01 08:21:04.239423'),('x7c2b9emmeyecpg6jnj5ryvku1rczskh', '.eJxtkctOwzAQRX8l8jpN47ydHWwBqXuEook9aUxcJ_KjAiH-HacNQhVdeeRz517P-Is4GL0mbZZmRUw68G7svEXTSUFakpGbux74hHoF4h30cU74rJ2RfbJKko3a5GUWqB437Y3BCHYM3RUwJoByVg5DzmgFRZkO2YA5VqIvWCPSaqCirtMUG8h5zwrglPFaVJxCkbNgKm1n_YJmtSXtAMpiTC4ZGk4QMiwoHIPQ-n5e1ic_ofIGRtDRA07R89xDdMAJ9GomflV1FhOFZ1Sh4YD6ePQariYn1N6S9pXGeVzFddy8BSVY1wF38izd57qusMRd2uxSGtGyzco2r5KaUlqXwYN7Y1C7bvO6LrgJQOOHC-VegJ5Q7RUsswGtpHX7QA1CKMHKK-62_7pk3cHhCNPT8m4jLAH9J3_Df_8AJi2tSg:1sZR7w:lQTiGqMVRJruN2zx-KS-Ri38oBdzhoR_iW94u3gX3V4', '2024-08-01 08:30:36.730025'),('oocct1gawy56x2etj1qz03bakkl3lwxx', '.eJxtkctugzAQRX8l8poQDAQwu3bbVsq-qtBgD4HiGORH1Krqv3dIqKqoWXk0586dh7-Yhz4YVqdJmkesgeD7Jji0zaBYzVJ2k2tBjmgWoN7BHKdYTsbboY0XSbxSF79MCvXjqr0x6MH1VF2AEAq4FPuuywQvIN8nXdphhoVqc1GppOi4KsskwQoy2YocJBeyVIXkkGeCTAfXuDCjXWxZ3YF2GLFLDwMnoB4ONPYkdKGd5mXkJ9TBQg9m84Dj5nlqYXPAEcxipn5VZRoxjWfUVHBAczwGA1eTE5rgWP3KoywqojKq3kgJzjcg_XAe_OdyLjriNqm2Cd_wok54zauYUqXIyEMGa9H4ZvW6HrgiYPDDU7hTYEbUOw3zZMHowfkdUYtAIbjhipv1vy697mB6aHu-v1sIM6H_5G_57x8koK1I:1sZRgU:J4qMGK9SBAxc5wacYFPtfEXed8m7Xd9lNdw1DYx7GWo', '2024-08-01 09:06:18.076342'),('9bor7m0dva0vo3cywarahf9wi9smj46a', '.eJxtkctOwzAQRX8l8jpN7bydHWwBqXuEook9aUJcJ_KjAiH-HacNQhVdeeRz517P-Is4GLwmTUrTPCYteDe03qJpR0kakpKbuw7EhHoF8h30cU7ErJ0Zu2SVJBu1ycssUT1u2huDAewQukvgXAITvOj7jLMS8oL2aY8ZlrLLeS1p2TNZVZRiDZnoeA6CcVHJUjDIMx5MR9tav6BZbUnTg7IYk0uGhhOEDAsKhyC0vpuX9clPqLyBAXT0gFP0PHcQHXACvZrJX1WVxkThGVVoOKA-Hr2Gq8kJtbekeWVxFpdxFddvQQnWtSDceB7d57qusMQdrXeURaxqsrIpaMJzVlAaPIQ3BrVrN6_rgusANH64UO4l6AnVXsEyG9BqtG4fqEEIJdjxitvtvy5Zd3A4wvSsuNsIS0D_yd_w3z8kXq1H:1sZTAw:2TLDeWClHEEpPZYjqLEQxqzMid2daN63Q8R8NrEERoY', '2024-08-01 10:41:50.998479'),('m29g7kux16xncuzb7mf1xohyh5jjo9zz', '.eJxtkctugzAQRX8FeU2IDQQwu3bbVsq-qtBgD4_iGORH1Krqv9ckVFXUrDzyuXPHc_1FHAxekzqlaR6TBrwbGm_RNKMkNUnJzV0LYkK9AvkOup8TMWtnxjZZJclGbfIyS1SPm_bGYAA7hO4COJfABD90XcZZAfmBdmmHGRayzXkladExWZaUYgWZaHkOgnFRykIwyDMeTEfbWL-gWW1J3YGyGJPLDA0nCDMsKByC0Pp2XtYnP6HyBgbQ0QNO0fPcQnTECfRqJn9VZRoThWdUoeGIuu-9hqvJCbW3pH5lcRYXcRlXb0EJ1jUg3Hge3ecaVwhxR6sdZRGrQqR1zhNGeVGtOQpvDGrXbF7XgKsANH64UO4l6AnVXsEyG9BqtG4fqEEIJdjxipvtvy6z7uBwhO3Z4W4jLAH9J3_Lf_8AKjatUA:1sZTrV:rnf1z8xzmmFwusvjKF1g2PHB3j3Ff5jzFdSlBoZArqE', '2024-08-01 11:25:49.175553'),('isndyb3yer9gegfcteqr5uahj2xlmnp5', '.eJxtkctOwzAQRX8l8jpN7bydHWwBqXuEook9aUJcJ_KjAiH-HacNQhVdeeRz517P-Is4GLwmTUrTPCYteDe03qJpR0kakpKbuw7EhHoF8h30cU7ErJ0Zu2SVJBu1ycssUT1u2huDAewQukvgXAITvOj7jLMS8oL2aY8ZlrLLeS1p2TNZVZRiDZnoeA6CcVHJUjDIMx5MR9tav6BZbUnTg7IYk0uGhhOEDAsKhyC0vpuX9clPqLyBAXT0gFP0PHcQHXACvZrJX1WVxkThGVVoOKA-Hr2Gq8kJtbekeWVxFpdxFddvQQnWtSDceB7d57qusMQdrXeURaxu8rxJeUILmvMqeAhvDGrXbl7XBdcBaPxwodxL0BOqvYJlNqDVaN0-UIMQSrDjFbfbf12y7uBwhOlZcbcRloD-k7_hv38ALFCtUw:1sZUEP:gkYPtOk4_U8Psf848UToJDAVNMyENUYoKqoYjQu-Aig', '2024-08-01 11:49:29.098087'),('hojtdvm1qait869n3zvg2osuaeexgv8h', '.eJxtkc1ugzAQhF8l8pkQG4jB3NprWyn3qkKLvQSKY5B_olZV370moaqi5uSVv9lZ7_iLeOiDIXVGsyIhDQTfN8GhbQZFapKRm7sW5IhmAeodzHFK5WS8Hdp0kaQrdenLpFA_rtobgx5cH7s5CKGASbHvulwwDsWedlmHOXLVFqJSlHdMlSWlWEEuW1GAZEKWiksGRS6i6eAaF2a0iy2pO9AOE3KZYeAEcYYDjX0UutBO8_LkJ9TBQg9m84Dj5nlqYXPAEcxipn5VZZYQjWfUseGA5ngMBq4mJzTBkfqVJXnCkzKp3qISnG9A-uE8-M8lrhjillZbyjZM1JTVBU_LUuR8yVEGa9H4ZvW6BlxFYPDDx3KnwIyodxrmyYLRg_O7SC1CLMENV9ys_3WZdQfHI27P9ncbYY7oP_lb_vsHLaGtVQ:1sZUV8:pVmj40XW-k4N21dko9x98BgKDcp4rnz564J8zR5TJXE', '2024-08-01 12:06:46.817546'),('3yxmve3415xf72dten4j8zfc4scq6xpi', '.eJxVj8tuxCAMRX-lYj3DQMgDWHbfb4gMdh6dlIx4VK2q_nuJms1sbMv3-lj3h2VYSmC2EU17YSOUvIwlURxXZJZJ9rRz4O8UDgHfIcw793vIcXX8sPBTTfxtR9peT-8TYIG01GtBpLHTQsBknDC6FZ0zk-mdRoU0IEgtFXiveiM7FIgdGTM0kx6MautNha5pTOVB8cAym2OhC9sg5RF8Xj_X_F3fHJmuQl-FfJHGyt42PR_6QRhVAb7ESCFXivugUP7zNm1VAn3lOt8QSpprDXfazvaI-3xjv3-OZmOh:1sZUjK:XcZwKxW8-gTIvLT99CFbyjiTDkFfjHPVmVcykhRmfJ8', '2024-08-01 12:21:26.848436'),('563o5dvqkywyjh1xm6z4h19jicm3voyk', '.eJxtkE1OwzAQha-CvGDVpnYSN7alCIk9Z4gm8YSYBifyDwIh7o5NuynJytZ8896bmW8SYIqWqJKW9YF0EMPURY-uM5oowshdrYfhgjYD_Qb2dSmGxQZn-iK3FDfqi5dF4_x8670zmMBPSU0RheaCUhhlT6WoKe_lKM-90JXGRgMTrIJhqM6ScU215ihlU46ikVWdNMnU-M7HFV22JSq4iAcygw8dDMF8mPCVYvJORyqOlD0wqapa0argtClZNhiic2hDcunf0cbrviIBi58hfU8a7AXn0wzr4sCOZg7oTk8OYTYevLni7u98bU56_I_SAy3jm3qSwNqyTT1Nsqy6bco0xG7MbaUdnKOIYnxXCGtCW3KNI6opf34BEeuvhg:1sZV0N:utC6XHxWipVV2rtPv6KV_06vgbVBjDOk1ZPha701qz8', '2024-08-01 12:39:03.518216'),('jk22ggx0rtt42okam7r0vc7j69lhu3lo', '.eJxtkE1OwzAQha-CvGDVprYTN7alCIk9Z4gm8YSYBifyDwIh7o5NuyntytZ8896bmW8SYU6OaE55syM9pDj3KaDvrSGaMHJVG2A8oSvAvIF7XatxddHboSot1YWG6mU1uDxfeq8MZghzVlNEaYSkFCY1UCUbKgY1qeMgTW2wNcAkq2Ec66NiwlBjBCrV8km2qm6yJpva0Ie0oS-2REefcEcWCLGHMdoPG79yTNlpT-WesgemdMN1Lar2yBiX2WBM3qOL2WV4R5fO-xbg8DPm78GAO-FyWGBbPbjJLhH94ckjLDZAsGfc_52vK0mP_1F-oGPipp4lsHXspp4nWTfTtTwPcTfmstIdXKKIZuKuELaMbsk5juiW__wCF2eviw:1sZV8d:XvOrgJ1b_LqMEukSibJXrHEBW7SPjHnzg_X14d48hGU', '2024-08-01 12:47:35.772163'),('oezjp68dj97uwb3gme83fqfw5ly1ys5j', '.eJxtkN1OhDAQhV_F9MKrXbalsLQkxMR7n4EMdJC6WEh_jMb47g7u3qyQNGkz35xzZvrNIozJsTrneXFgLaQ4timgb61hNRPsrtZBf0G3AvMG7nXO-tlFb7tsbcluNGQvs8Hp-dZ7ZzBCGEnNEZUpFecw6I5rVfCy04M-d8pIg5UBoYSEvpdnLUrDjSlR6yofVKVlQRoytaENaUG_2rI6-oQHNkGILfTRftj4RTHrTkeujlw8CF0XdESmtZRckkGfvEcXyaV7R5eu-yoCDj8jPU8G3AWn0wTL7MENdoroT08eYbIBgr3i9u_7mjXp8T-iCxpRbuokgaURmzpNMi-mqXIaYjfmttIOXqNYLcpdISyEtuQax-oq__kFHhevkQ:1sZVFW:DSgPNrkRme8o87JaLMF0gSVLqRbQbl8E8MvrkBvJ3Y0', '2024-08-01 12:54:42.005307'),('4uupieiwiwlbit53n3g551mjj3cfup3i', '.eJxtkctOwzAQRX8l8jpN7bydHWwBqXuEook9aUJcJ_KjAiH-HacNQhVdeeRz517P-Is4GLwmTUrTPCYteDe03qJpR0kakpKbuw7EhHoF8h30cU7ErJ0Zu2SVJBu1ycssUT1u2huDAewQukvgXAITvOj7jLMS8oL2aY8ZlrLLeS1p2TNZVZRiDZnoeA6CcVHJUjDIMx5MR9tav6BZbUnTg7IYk0uGhhOEDAsKhyC0vpuX9clPqLyBAXT0gFP0PHcQHXACvZrJX1WVxkThGVVoOKA-Hr2Gq8kJtbekeWVxFpdxFddvQQnWtSDceB7d57qusMQdrXc0jShvaN5kRZLRsuI0eAhvDGrXbl7XBdcBaPxwodxL0BOqvYJlNqDVaN0-UIMQSrDjFbfbf12y7uBwhOlZcbcRloD-k7_hv38AKDytTQ:1sZhel:dMxhnTXJIt9G3z27vIqGo1YR_JFmROWnDfQaTHiA0TE', '2024-08-02 02:09:35.395169'),('1cb8jpsuuwuvunc6rv9rh4ihvjsr9177', '.eJxtkc1ugzAQhF8l8pkQG4jB3NprWyn3qkKLvQSKY5B_olZV370moaqi5uSVv9kZ7_qLeOiDIXVGsyIhDQTfN8GhbQZFapKRm7sW5IhmAeodzHFK5WS8Hdp0kaQrdenLpFA_rtobgx5cH7s5CKGASbHvulwwDsWedlmHOXLVFqJSlHdMlSWlWEEuW1GAZEKWiksGRS6i6eAaF2a0iy2pO9AOE3LJMHCCmOFAYx-FLrTTvDz5CXWw0IPZPOC4eZ5a2BxwBLOYqV9VmSVE4xl1bDigOR6DgavJCU1wpH5lSZ7wpEyqt6gE5xuQfjgP_nNZV1zillZbmm2oqFlZU54yntOijB4yWIvGN6vXdcFVBAY_fCx3CsyIeqdhniwYPTi_i9QixBLccMXN-l-XrDs4HnF6tr_bCHNE_8nf8N8_JvStSw:1sZhqs:ARn5h3hh7L-r-3Ni1ymVaL3s9socGKboffscP6vx0Yw', '2024-08-02 02:22:06.185048'),('g1uyqg6qqu9xjshsi7zguzzrr7ishbcr', '.eJxtkc1ugzAQhF8F-UwIGDCYW3ttK-VeVWixl0BxDPJP1Krqu9ckVFXUnLzyNzvjXX8RB4PXpKEpLWLSgndD6y2adpSkIZTc3HUgJtQrkO-gj3MiZu3M2CWrJNmoTV5miepx094YDGCH0M2AcwmZ4GXf5zxjUJRpT3vMkcmu4LVMWZ_JqkpTrCEXHS9AZFxUkokMipwH09G21i9oVlvS9KAsxuSSoeEEIcOCwiEIre_mZX3yEypvYAAdPeAUPc8dRAecQK9m8ldV0ZgoPKMKDQfUx6PXcDU5ofaWNK9ZnMcsruL6LSjBuhaEG8-j-1zXFZa4S-tdSqOUNzltKEvKmvOSBQ_hjUHt2s3ruuA6AI0fLpR7CXpCtVewzAa0Gq3bB2oQQgl2vOJ2-69L1h0cjjB9Vt5thCWg_-Rv-O8fNF2tXw:1sZi5i:CiJe4ibdq_hJsFHZCpL3DAxLLQeB6fxbtb3PifngIqs', '2024-08-02 02:37:26.639495'),('plgrdyc8jno9fbwompxysvgm6197hwhv', '.eJxtkctugzAQRX8FeU2IeRnMrt22lbKvKjTYQ6A4BvkRtar67zUJVRU1K4987tzrGX8RB4PXpMloVsSkBe-G1ls07ShJQzJyc9eBmFCvQL6DPs6JmLUzY5eskmSjNnmZJarHTXtjMIAdQjcDziWkgpd9n_OUQVHSPusxRya7gteSsj6VVUUp1pCLjhcgUi4qyUQKRc6D6Whb6xc0qy1pelAWY3LJ0HCCkGFB4RCE1nfzsj75CZU3MICOHnCKnucOogNOoFcz-auqspgoPKMKDQfUx6PXcDU5ofaWNK9pnMcsruL6LSjBuhaEG8-j-1zXFZa4o_WOZhHlTcGaskjqmpaUBQ_hjUHt2s3ruuA6AI0fLpR7CXpCtVewzAa0Gq3bB2oQQgl2vOJ2-69L1h0cjjB9Wt5thCWg_-Rv-O8fLpCtVg:1sZiJi:IzjBxc_fLE7t3B0XQoyFQLEPWXZk3WQ6Q7HVrJbHFhI', '2024-08-02 02:51:54.907520'),('yz2r11j0ah9phtdcp42n3tq9k6rpc2gh', '.eJxtkMtOxDAMRX8FZT3TJukr6ZI93xC5iYeGKWmVBwIh_h2X6WbErGz5-F4_vlmGuQQ2Si7bEzNQ8mxKwmi8YyMT7K42gb1i2IF7g_C6VnYNOfqp2luqg6bqZXW4PB-9dwYzpJnUHFG5TnEOFz1xrVreTfqi-0m5xuHgQCjRgLVNr0XnuHMdaj3Iixp005KGTH0yqWwYd1s25ljwxBZI2YDN_sPnLxqz33Tm6szlk-CjGEYhq563sm_IwJYYMWRymd4xlNu9ikDAz0xp7SBccakX2NYIYfEp10QjAqWQ_A2b431_sx5gCsBG0T0UwkboP6GN1o22GeTPLwhaiMo:1sZin2:86fh7CKKt7B40QFonC8Pr6vO5d2Fmj9jCyUe4hsqbR4', '2024-08-02 03:22:12.620300'),('t03c7nz16gu98tbu2md0at7oxwgzvwwb', '.eJxtkc1ugzAQhF8F-UyIzY_B3NprWyn3qkKLvQSKYxC2o1ZV370moaqi5uSVv9kZ7_qLOOi9IXVK0zwmDXjXN97i0gyK1CQlN3ctyBHNCtQ7mOOUyMm4ZWiTVZJs1CYvk0L9uGlvDHqwfejmIIQCJkXRdZlgHPKCdmmHGXLV5qJSlHdMlSWlWEEmW5GDZEKWiksGeSaC6WAb62dcVltSd6AtxuSSYeAEIcOCxj4IrW-neX3yE2q_QA8mesAxep5aiA44glnN1K-qTGOi8Yw6NBzQHI_ewNXkhMZbUr-yOIt5XMbVW1CCdQ1IN5wH97muKyxxR6sdTSNG65zWlCa84CzNg4f0y4LGNZvXdcFVAAY_XCj3CsyIeq9hnhYwerBuH-iCEEqwwxU3239dsu7gcITpWXG3EeaA_pO_4b9_ABx1rTw:1sZj96:oWVFea0W_5-qIUrxU9EqFCGGjPvVd7QaZ5ELN7L7nGs', '2024-08-02 03:45:00.709171'),('t2as4o68wk353tild02lijf1062bzcay', '.eJxtkc1ugzAQhF8l8pkQGxzA3NprWyn3qkKLvQSKY5B_olZV370moaqi5uSVv9kZ7_qLeOiDIXVGM56QBoLvm-DQNoMiNcnIzV0LckSzAPUO5jilcjLeDm26SNKVuvRlUqgfV-2NQQ-uj90FCKGASbHvulywAviedlmHORaq5aJStOiYKktKsYJctoKDZEKWqpAMeC6i6eAaF2a0iy2pO9AOE3LJMHCCmOFAYx-FLrTTvDz5CXWw0IPZPOC4eZ5a2BxwBLOYqV9VmSVE4xl1bDigOR6DgavJCU1wpH5lSZ4USZlUb1EJzjcg_XAe_OeyrrjELa22NNswVjNaZzzlnJWsiB4yWIvGN6vXdcFVBAY_fCx3CsyIeqdhniwYPTi_i9QixBLccMXN-l-XrDs4HnF6tr_bCHNE_8nf8N8_HnatPw:1sZjcW:6KDV-ct6zxBHY9U_dHcjHScmwRPespEcwYTScYktmNE', '2024-08-02 04:15:24.460247'),('l5nt78dgc3ucvhmy6oq1kie2ocw0mwiu', '.eJxtkc1uwyAQhF_F4uw4BvyHb-21rZR7VVlrWMeuCbYMRK2qvntx4qqKmhMrvtkZdvkiDnpvSM1SlsWkAe_6xltcmkGRmjByc9eCHNGsQL2DOU6JnIxbhjZZJclGbfIyKdSPm_bGoAfbh-4ChFBApci7jgtaQJanHeuQY6HaTFQqLTqqyjJNsQIuW5GBpEKWqpAUMi6C6WAb62dcVltSd6AtxuSSYeAEIcOCxj4IrW-neX3yE2q_QA8mesAxep5aiA44glnN1K-qZDHReEYdGg5ojkdv4GpyQuMtqV9pzOMiLuPqLSjBugakG86D-1zXFZa4S6tdyiJKa8ZqxhPOizTnwUP6ZUHjms3ruuAqAIMfLpR7BWZEvdcwTwsYPVi3D3RBCCXY4Yqb7b8uWXdwOML0NL_bCHNA_8nf8N8_HeGtPg:1sZjo7:hX11uLHjVIFnj5njl7Woz-0qAnFK2oFVn_raeD4Ay3M', '2024-08-02 04:27:23.353053'),('oqp65fs0uq50p1204snh6zxieo2febwb', '.eJxtkctugzAQRX8FeU0IxgQwu3bbVsq-qtBgD4_iGORH1Krqv9ckVFXUrDzyuXOvZ_xFHAxekzpLszwmDXg3NN6iaUZJapKRm7sWxIR6BfIddD8nYtbOjG2ySpKN2uRllqgeN-2NwQB2CN0FcC6BCn7oOsZpAfkh7bIOGRayzXkl06KjsizTFCtgouU5CMpFKQtBIWc8mI62sX5Bs9qSugNlMSaXDA0nCBkWFA5BaH07L-uTn1B5AwPo6AGn6HluITriBHo1k7-qMouJwjOq0HBE3fdew9XkhNpbUr_SmMVFXMbVW1CCdQ0IN55H97muKyxxl1a7NIsorVlVM5owlldZFTyENwa1azav64JXoPHDhXIvQU-o9gqW2YBWo3X7QA1CKMGOV9xs_3XJuoPDEaanh7uNsAT0n_wN__0DJ2etTA:1sZk3j:vMwfIi4OQuAiZ0aTKcMJ_KMDgKCvEjZC6x9XrYUfFNc', '2024-08-02 04:43:31.391827'),('nyo8sfvv25l9uzz74oh0igijnibabxr6', '.eJxtkctOwzAQRX8l8jpN7bydHWwBqXuEook9aUJcJ_KjAiH-HacNQhVdeeRz517P-Is4GLwmTUrTPCYteDe03qJpR0kakpKbuw7EhHoF8h30cU7ErJ0Zu2SVJBu1ycssUT1u2huDAewQukvgXAITvOj7jLMS8oL2aY8ZlrLLeS1p2TNZVZRiDZnoeA6CcVHJUjDIMx5MR9tav6BZbUnTg7IYk0uGhhOEDAsKhyC0vpuX9clPqLyBAXT0gFP0PHcQHXACvZrJX1WVxkThGVVoOKA-Hr2Gq8kJtbekeWVxFpdxFddvQQnWtSDceB7d57qusMQdrXc0jRhrCt5kVVJTxso8eAhvDGrXbl7XBdcBaPxwodxL0BOqvYJlNqDVaN0-UIMQSrDjFbfbf12y7uBwhOlZcbcRloD-k7_hv38AKFStTQ:1sZkO9:WKsKLZLfsRALgLizTPV7vB5cdqsWbx3NJ6NK9_GG8to', '2024-08-02 05:04:37.863180'),('ij6ylrjiie9xbcv3uxbhucxp7tcamimy', '.eJxtkc1ugzAQhF8F-UyIzY_B3NprWyn3qkKLvQSKYxC2o1ZV370moaqi5uSVv9kZ7_qLOOi9IXVK0zwmDXjXN97i0gyK1CQlN3ctyBHNCtQ7mOOUyMm4ZWiTVZJs1CYvk0L9uGlvDHqwfejmIIQCJkXRdZlgHPKCdmmHGXLV5qJSlHdMlSWlWEEmW5GDZEKWiksGeSaC6WAb62dcVltSd6AtxuSSYeAEIcOCxj4IrW-neX3yE2q_QA8mesAxep5aiA44glnN1K-qTGOi8Yw6NBzQHI_ewNXkhMZbUr-yOIt5XMbVW1CCdQ1IN5wH97muKyxxR6sdTSOW1hmrc5FUtOCcBg_plwWNazav64KrAAx-uFDuFZgR9V7DPC1g9GDdPtAFIZRghytutv-6ZN3B4QjTs-JuI8wB_Sd_w3__ACd-rUw:1sZktJ:cbk-sgOb_xsEXoRJ3aBxONXCBM11rJZYvA97TdN4Tz8', '2024-08-02 05:36:49.854662'),('gap6qvjz2lx85hnlgbv8msk0429l2t5w', '.eJxtkctOwzAQRX8l8jpNY-fp7GALSN0jFE3sSRPiOpEfFQjx7zhtEKroyiOfO_d6xl_EweA1aVjK8pi04N3QeoumHSVpCCM3dx2ICfUK5Dvo45yIWTszdskqSTZqk5dZonrctDcGA9ghdJfAuQQqeNH3Gacl5EXasx4zLGWX81qmZU9lVaUp1pCJjucgKBeVLAWFPOPBdLSt9Qua1ZY0PSiLMblkaDhByLCgcAhC67t5WZ_8hMobGEBHDzhFz3MH0QEn0KuZ_FVVLCYKz6hCwwH18eg1XE1OqL0lzSuNs7iMq7h-C0qwrgXhxvPoPtd1hSXu0nqXsojmDc0aViV5WVBWBw_hjUHt2s3ruuAVaPxwodxL0BOqvYJlNqDVaN0-UIMQSrDjFbfbf12y7uBwhOlpcbcRloD-k7_hv38AJsWtSw:1sZmTf:ubI7lY67g0fbvAum9bSIjJEV-3lz6D6ehmvrh4EDZ7o', '2024-08-02 07:18:27.510698'),('ph1uht1jly4d4syg9ifw8ksvszc7rmaq', '.eJxtkctOwzAQRX8l8jpNY-fp7GALSN0jFE3sSRPiOpEfFQjx7zhtEKroyiOfO_d6xl_EweA1aVjK8pi04N3QeoumHSVpCCM3dx2ICfUK5Dvo45yIWTszdskqSTZqk5dZonrctDcGA9ghdJfAuQQqeNH3Gacl5EXasx4zLGWX81qmZU9lVaUp1pCJjucgKBeVLAWFPOPBdLSt9Qua1ZY0PSiLMblkaDhByLCgcAhC67t5WZ_8hMobGEBHDzhFz3MH0QEn0KuZ_FVVLCYKz6hCwwH18eg1XE1OqL0lzSuNs7iMq7h-C0qwrgXhxvPoPtd1hSXu0nqXsojmTcaaNE8KxgpKg4fwxqB27eZ1XXAdgMYPF8q9BD2h2itYZgNajdbtAzUIoQQ7XnG7_dcl6w4OR5ieFncbYQnoP_kb_vsHHWGtPQ:1sZmlg:czQE4MI4ahNJkz2tTXmLxTkwADolVgWEMT_vQU6wkBY', '2024-08-02 07:37:04.531509'),('us89trj3fna0x94vfz6c92wvt09fwoqx', '.eJxtkctOwzAQRX8l8jpN7bydHWwBqXuEook9aUJcJ_KjAiH-HacNQhVdeeRz517P-Is4GLwmTUrTPCYteDe03qJpR0kakpKbuw7EhHoF8h30cU7ErJ0Zu2SVJBu1ycssUT1u2huDAewQukvgXAITvOj7jLMS8oL2aY8ZlrLLeS1p2TNZVZRiDZnoeA6CcVHJUjDIMx5MR9tav6BZbUnTg7IYk0uGhhOEDAsKhyC0vpuX9clPqLyBAXT0gFP0PHcQHXACvZrJX1WVxkThGVVoOKA-Hr2Gq8kJtbekeWVxFpdxFddvQQnWtSDceB7d57qusMQdrXc0jVjRUN6kZVLQMGARPIQ3BrVrN6_rgusANH64UO4l6AnVXsEyG9BqtG4fqEEIJdjxitvtvy5Zd3A4wvSsuNsIS0D_yd_w3z8qRq1Q:1sZnLq:7ifHWw-ojOfscVWvoVfI0z1jjfIoHLkgJ_Q0vNS-Lfc', '2024-08-02 08:14:26.542932'),('vnud8xy3cxly93u3p845qmz0odgab5c3', '.eJxtUctqwzAQ_JWgQ0-OY_ktQyjttS3kXopZS-vYjSIbPUJL6b9XSlJKmoBAYmd2Rjv7RSwMTpEmTdI8Ii04O7TOoG5HQRqSkotaB3yHKgDiHdR2ivmkrB67OFDiM2ril0mgfDxzLwQGMIPvLoExAZSzou8zRkvIi6RPe8ywFF3OapGUPRVVlSRYQ8Y7lgOnjFei5BTyjHnR0bTGzaiDLGl6kAYjcvRQsAfvYUDi4InGddMcvvyE0mkYQC0ecLd4njpYbHAHKoiJX1aVRkTiAaVv2KDabp2Ck8gelTOkeaVRFpVRFdVvngnGtsDteBjtZ4jLh7hM6mWSLmjRhJPEtKAsLbwGd1qjsu1Z6xRw7QGFH9Y_VwLUDuVKwjxpUP0oLerVvUaQowEznuD2uK91cLr7D_kL1rS4qvsWmNf0qn4ael2FLd-0OY90Aw5WxE94sxFmD10jfxl__wDNbdP1:1sZnRO:AKBEHCGLH8XsIRQTZuVCqnwDfHFK2gpDurE7tLSZ_pc', '2024-08-02 08:20:10.166643'),('4mje9evpplir8d1bwhn0bc2zvx9upqjs', '.eJxtkc1ugzAQhF8F-UwINubH3NprWyn3qkKLvQSKYxC2o1ZV370moaqi5uSVv9kZ7_qLOOi9ITVLGY9JA971jbe4NIMiNWHk5q4FOaJZgXoHc5wSORm3DG2ySpKN2uRlUqgfN-2NQQ-2D90FCKGASpF3XSZoATxPO9ZhhoVquahUWnRUlWWaYgWZbAUHSYUsVSEp8EwE08E21s-4rLak7kBbjMklw8AJQoYFjX0QWt9O8_rkJ9R-gR5M9IBj9Dy1EB1wBLOaqV9VyWKi8Yw6NBzQHI_ewNXkhMZbUr_SOIuLuIyrt6AE6xqQbjgP7nNdV1jiLq12KYtoXme8zljCOKcFDR7SLwsa12xe1wVXARj8cKHcKzAj6r2GeVrA6MG6faALQijBDlfcbP91ybqDwxGmp_ndRpgD-k_-hv_-ASF-rUM:1sZnk8:o5Og3mkOuNEb7TpADKjSxlqARtst9-wtvIy1TOB2d1A', '2024-08-02 08:39:32.350131'),('w0crylschfl7tb8mob727jqcnqhdfxdi', '.eJxtkctOwzAQRX8l8jpN7bydHWwBqXuEook9aUJcJ_KjAiH-HacNQhVdeeRz517P-Is4GLwmTUrTPCYteDe03qJpR0kakpKbuw7EhHoF8h30cU7ErJ0Zu2SVJBu1ycssUT1u2huDAewQukvgXAITvOj7jLMS8oL2aY8ZlrLLeS1p2TNZVZRiDZnoeA6CcVHJUjDIMx5MR9tav6BZbUnTg7IYk0uGhhOEDAsKhyC0vpuX9clPqLyBAXT0gFP0PHcQHXACvZrJX1WVxkThGVVoOKA-Hr2Gq8kJtbekeWVxFpdxFddvQQnWtSDceB7d57qusMQdrXc0jVjRFLShPKGUpawOHsIbg9q1m9d1wSvQ-OFCuZegJ1R7BctsQKvRun2gBiGUYMcrbrf_umTdweEI07PibiMsAf0nf8N__wAeu60_:1sZnzF:SmRk3VJus5R7-NGFg6zZ6bX_4QqSON2n-Edte4WF80c', '2024-08-02 08:55:09.100371'),('8f8z4vbujpld04uz7dtjb55n8qywxsg5', '.eJxtkc1uwyAQhF_F4uw4YPyHb-21rZR7VVlrWMeuCbYMRK2qvntx4qqKmhMrvtkZdvkiDnpvSJ3SNItJA971jbe4NIMiNUnJzV0LckSzAvUO5jglcjJuGdpklSQbtcnLpFA_btobgx5sH7oLEEIBkyLvOi5YAVlOu7RDjoVqM1EpWnRMlSWlWAGXrchAMiFLVUgGGRfBdLCN9TMuqy2pO9AWY3LJMHCCkGFBYx-E1rfTvD75CbVfoAcTPeAYPU8tRAccwaxm6ldVpjHReEYdGg5ojkdv4GpyQuMtqV9ZzOMiLuPqLSjBugakG86D-1zXFZa4o9WOphErasrrLE8445RlwUP6ZUHjms3ruuAqAIMfLpR7BWZEvdcwTwsYPVi3D3RBCCXY4Yqb7b8uWXdwOML0LL_bCHNA_8nf8N8_Hh-tPg:1sZoCP:obZM0ZIHhjq2Nk8f2ao0HXfWUhnzVr2EwxGtakOpGfc', '2024-08-02 09:08:45.485130'),('cfu7iccw6s9yb8zztfd16esmf0oxz8ju', '.eJxtkVFPgzAUhf_K0mfG2sKA8qavarJ3Y8ilvYxKVwhtF43xv1s21Cz61Oae757TnH4QD32wpOaU5wlpIPi-CQ7nRitSE05uZi3IAe0iqFewxzGVo_WzbtMFSVfVpU-jQnO_sjcGPbg-bhcghAImxb7rMsEKyPe04x1mWKg2F5WiRcdUWVKKFWSyFTlIJmSpCskgz0Q01a5xYcJ5sSV1B8ZhQi4ZFk4QMxwY7CPoQjtOy5Mf0IQZerCbOxw2j2MLmwMOYBcz9U2VPCEGz2jiwgHt8RgsXE1OaIMj9TNLsqRIyqR6iSQ434D0-qz9-1JXLHFLqy3lG1bUTNScp5xWrFx6lGGe0fpm9boWXEbB4puP150CO6DZzQhGO3Da6dMEdheJn9EVadY_u-T9I8cjNsD2_y7CFKW_ym8Bn1_0067j:1sZoRW:Ayv_6z4N1XbHym_PPTZkfo9yrnHVq4769UIKH5CFeH8', '2024-08-02 09:24:22.227170'),('s01whzskd4in9kdr4jt250ln51jiepdm', '.eJxtkctOwzAQRX8l8jpN7bydHWwBqXuEook9aUJcJ_KjAiH-HacNQhVdeeRz547n-os4GLwmTUrTPCYteDe03qJpR0kakpKbuw7EhHoF8h30cU7ErJ0Zu2SVJBu1ycssUT1u2huDAewQukvgXAITvOj7jLMS8oL2aY8ZlrLLeS1p2TNZVZRiDZnoeA6CcVHJUjDIMx5MR9tav6BZbUnTg7IYk8sMDScIMywoHILQ-m5e1ic_ofIGBtDRA07R89xBdMAJ9Gomf1VVGhOFZ1Sh4YD6ePQariYn1N6S5pXFWVzGVVy_BSVY14Jw43l0n2tcIcQdrXc0jVjZZLRhLKlowbI1R-GNQe3azesacB2Axg8Xyr0EPaHaK1hmA1qN1u0DNQihBDtecbv912XWHRyOsD0r7jbCEtB_8rf89w8dX609:1sZobz:Q5VbARhageE2oEVPg6c-TQdh9yi9IsV6zIBjf_D8ES0', '2024-08-02 09:35:11.817692'),('p78gswl707ff5rbhjd6v4wmrqg1xhbvi', '.eJxtkc1ugzAQhF8F-UyIDebH3NprWyn3qkKLvQSKYxC2o1ZV370moaqi5uSVv9kZ7_qLOOi9IXVKUx6TBrzrG29xaQZFapKSm7sW5IhmBeodzHFK5GTcMrTJKkk2apOXSaF-3LQ3Bj3YPnQXIIQCJkXedZlgBfCcdmmHGRaq5aJStOiYKktKsYJMtoKDZEKWqpAMeCaC6WAb62dcVltSd6AtxuSSYeAEIcOCxj4IrW-neX3yE2q_QA8mesAxep5aiA44glnN1K-qTGOi8Yw6NBzQHI_ewNXkhMZbUr-yOIuLuIyrt6AE6xqQbjgP7nNdV1jijlY7mkasqHlec5GwquIFDR7SLwsa12xe1wVXARj8cKHcKzAj6r2GeVrA6MG6faALQijBDlfcbP91ybqDwxGmZ_ndRpgD-k_-hv_-AS8qrVc:1sZor7:9k8jv180B_nPKtFAKrt-feYCdcLPKeR1FM2fhgVOmdA', '2024-08-02 09:50:49.368267'),('v7a6b036p9ji0v8euemvab6j46s4q2cq', '.eJxtkUFvhCAQhf-K4ey6Iorirb22TfbeNGaEcbWyaAQ2bZr-9-KuTbPpnpjwvXmPGb6Ig94bUmdplsekAe_6xltcmkGRmmTk5q4FOaJZgXoHc5wSORm3DG2ySpKN2uRlUqgfN-2NQQ-2D90chFBApSi6jgnKIS_SLuuQIVdtLiqV8o6qskxTrIDJVuQgqZCl4pJCzkQwHWxj_YzLakvqDrTFmFwyDJwgZFjQ2Aeh9e00r09-Qu0X6MFEDzhGz1ML0QFHMKuZ-lWVWUw0nlGHhgOa49EbuJqc0HhL6lcas5jHZVy9BSVY14B0w3lwn-u6whJ3abVLs4jyumA1owljXAgWPKRfFjSu2byuC64CMPjhQrlXYEbUew3ztIDRg3X7QBeEUIIdrrjZ_uuSdQeHI0xPi7uNMAf0n_wN__0DLDqtUw:1sZoyZ:E8BG3kMWsqT5grPF5nOm9ErYian094Gx7f0u_Q0vHx4', '2024-08-02 09:58:31.425512'),('dc6jcxsc8uiqd0wpp6eaysyhl0jbpwvb', '.eJxtkctOwzAQRX8l8jpN4zzt7GALSN0jFE3sSRPiOpEfFQjx7zhtEKroyiOfO_d6xl_EweA1abI0K2LSgndD6y2adpSkIRm5uetATKhXIN9BH-dEzNqZsUtWSbJRm7zMEtXjpr0xGMAOobsCziVQwcu-zzmtoCjTPusxx0p2BWcyrXoq6zpNkUEuOl6AoFzUshIUipwH09G21i9oVlvS9KAsxuSSoeEEIcOCwiEIre_mZX3yEypvYAAdPeAUPc8dRAecQK9m8ldVZzFReEYVGg6oj0ev4WpyQu0taV5pnMdVXMfsLSjBuhaEG8-j-1zXFZa4S9kuzSJaNyVrKEsyyvKyCh7CG4PatZvXdcEsAI0fLpR7CXpCtVewzAa0Gq3bB2oQQgl2vOJ2-69L1h0cjjA9Le82whLQf_I3_PcPLn6tVg:1sZpzG:g8ZSrwJg2yBNVc-z8fseB78Fk94NJ1IP0BIy6JCd8iE', '2024-08-02 11:03:18.401700'),('u0rwkg90icqnldsmrbj48sab82sdloy5', '.eJxtkctugzAQRX8FeU0IBgI2u3bbVsq-qtBgD4_iGORH1Krqv9ckVFXUrDzyuXPHc_1FHAxekzpLsyImDXg3NN6iaUZJapKRm7sWxIR6BfIddD8nYtbOjG2ySpKN2uRllqgeN-2NwQB2CN0lcC6BCn7oupzTEopD2mUd5ljKtuBMpmVHZVWlKTLIRcsLEJSLSpaCQpHzYDraxvoFzWpL6g6UxZhcZmg4QZhhQeEQhNa387I--QmVNzCAjh5wip7nFqIjTqBXM_mrqrKYKDyjCg1H1H3vNVxNTqi9JfUrjfO4jKuYvQUlWNeAcON5dJ9rXCHEXcp2aRZRVlNeU5ZUOcvyNUfhjUHtms3rGjALQOOHC-Vegp5Q7RUsswGtRuv2gRqEUIIdr7jZ_usy6w4OR9ieHu42whLQf_K3_PcPLTStVA:1sZqJa:ny377krjkSkByxVtK4VrAU5sDCGyVLkDVyWyhfHkIjk', '2024-08-02 11:24:18.923293'),('1381p4h2b8ch0feq2c0fuqg2jtajvq00', '.eJxtkctugzAQRX8FeU0IBvMwu3bbVsq-qtBgD4HiGORH1Krqv9ckVFXUrDzyuXOvZ_xFHAxekyZLMxaTFrwbWm_RtKMkDcnIzV0HYkK9AvkO-jgnYtbOjF2ySpKN2uRllqgeN-2NwQB2CN0lcC6BCl70fc5pCaxI-6zHHEvZMV7LtOyprKo0xRpy0XEGgnJRyVJQYDkPpqNtrV_QrLak6UFZjMklQ8MJQoYFhUMQWt_Ny_rkJ1TewAA6esApep47iA44gV7N5K-qymKi8IwqNBxQH49ew9XkhNpb0rzSOI_LuIrrt6AE61oQbjyP7nNdV1jiLq13aRbRumFpk7OE1VlRFMFDeGNQu3bzui64DkDjhwvlXoKeUO0VLLMBrUbr9oEahFCCHa-43f7rknUHhyNMT4u7jbAE9J_8Df_9AypGrVA:1sZqeA:52JbOEOBELPJUzqcCa1QlsZzBUKDtnjc7g2sVfjsCqA', '2024-08-02 11:45:34.737493'),('x1eodgjyupc20zj81u43grlff4lwsf1b', '.eJxtkctugzAQRX8FeU0IBgKYXbttK2VfVWiwB3BxDPIjalX132sSqipqVh753Lnz-iIORq9Jk6VZEZMWvBtbb9G0UpCGZOTmrwM-oV6BeAc9zAmftTOyS1ZJslGbvMwC1eOmvTEYwY4huwTGBFDODn2fM1pCcUj7rMccS9EVrBZp2VNRVWmKNeS8YwVwynglSk6hyFkwlba1fkGz2pKmB2UxJpcaGk4QalhQOAah9d28rC0_ofIGRtDRA07R89xBdMQJ9GomflVVFhOFZ1Qh4Yh6GLyGq8kJtbekeaVxHpdxFddvQQnWtcCdPEv3ua4rLHGX1rs0iyhrKG1onVQlrbK1Y-6NQe3azeu64DoAjR8uhHsBekK1V7DMBrSS1u0DNQghBCuvuN3udal1B4cnTE8PdxNhCeg_-Rv--wcs8a1U:1sZr7u:b716hQNiqXd7bV5s7Y0S38yXmK5gtZ4QDl1WYQx1SNc', '2024-08-02 12:16:18.879861'),('1dd1tuyprxh58kuagnx7i5no1xrjumzd', '.eJxtkc1ugzAQhF8l8pkQ2xDA3NprWyn3qkKLvQSKY5B_olZV370moaqi5uSVv9lZ7_iLeOiDITWnPE9IA8H3TXBom0GRmnByc9eCHNEsQL2DOU6pnIy3Q5suknSlLn2ZFOrHVXtj0IPrY3cBQihgUuy7LhOsgHxPO95hhoVqc1EpWnRMlSWlWEEmW5GDZEKWqpAM8kxE08E1LsxoF1tSd6AdJuQyw8AJ4gwHGvsodKGd5uXJT6iDhR7M5gHHzfPUwuaAI5jFTP2qSp4QjWfUseGA5ngMBq4mJzTBkfqVJVlSJGVSvUUlON-A9MN58J9LXDHELa22lG-YqDmvmUgrXjC65CiDtWh8s3pdA64iMPjhY7lTYEbUOw3zZMHowfldpBYhluCGK27W_7rMuoPjEbdn-7uNMEf0n_wt__0DJmmtSg:1sZrIZ:c9jaiSn2FmlzC7lWWJIRfhusHYEM8mdRryMCzpl-260', '2024-08-02 12:27:19.978221'),('55l5pg2w2gdrn96mmecndiwf58k8yen6', '.eJxtkc1ugzAQhF8l8pkQGxPA3NprWyn3qkKLvQSKY5B_olZV370moaqi5uSVv9kZ7_qLeOiDIXVGszwhDQTfN8GhbQZFapKRm7sW5IhmAeodzHFK5WS8Hdp0kaQrdenLpFA_rtobgx5cH7sLEEIBk2LfdVywAvI97bIOORaqzUWlaNExVZaUYgVctiIHyYQsVSEZ5FxE08E1LsxoF1tSd6AdJuSSYeAEMcOBxj4KXWineXnyE-pgoQezecBx8zy1sDngCGYxU7-qMkuIxjPq2HBAczwGA1eTE5rgSP3KEp4USZlUb1EJzjcg_XAe_OeyrrjELa22NNswUXNeU5HmnBZZHj1ksBaNb1av64KrCAx--FjuFJgR9U7DPFkwenB-F6lFiCW44Yqb9b8uWXdwPOL0bH-3EeaI_pO_4b9_ACcJrUs:1sZrT3:Z9yoqG3actvpQWboJ5p4vGfKSzIJuJOF5vsUe-JQNnQ', '2024-08-02 12:38:09.593564'),('u7ysz2i7mcbry3drhv5lqq59r98mvpoe', '.eJxVj8tugzAQRX-l8joBGzB4WHbfb0Bjz1BoiIn8iFJV_fcaNZvsRvdxRvdHJFyyF2Mjm-4kJsxpmXLkMK0kRqHEi2bRXdgfBn2h_9wrt_sUVlsdkerpxupjJ97en9kXwIJxKW3JbEgbKXEGK8F0UluYobeGWuKBUBnVonNtD0qTJNIMMDSzGaDtSqdA1zjFfONwYMWYQuaT2DCmCV1a72v6Lm-OTWdpzrJ5UzBqNSqowPS6bwrA5RDYp0KxV_b5f68phudHKmdN6C-81Rve9oB-2a9ci98_RYJhpQ:1sZrke:hBN10RH6igLoyAjBxRGhlO__HWth9vonmhRE9jhPKsA', '2024-08-02 12:56:20.008627'),('ukpjxnqbjuw3evetvztmwvn4jvtsrz3z', '.eJyFkc1OwzAQhF8l8jlN7fw7N7gCUu8IRRt704S4ThTbFQjx7jhtKlRR4LbyfDuzGn8QC53TpIppnIakBme72hmc616SisTk6q0BMaBeBPkKej9GYtR27ptoQaJVNdHTKFHdr-yVQQem89s5cC6BCZ61bcJZDmlG27jFBHPZpLyUNG-ZLApKsYRENDwFwbgoZC4YpAn3pr2pjZtwXmxJ1YIyGJJThoYD-AwDCjsPGteM03LyAyo3Qwc6uMMheBwbCHY4gF7M5IUq4pAoPKLyCzvU-73TcDY5oHaGVM8sTMI8LMLyxZNgbA3C9sfevi91-RI3tNzQOIhplbGKxlHB8yKj3kO4eUZt69XrXHDpBY1v1o9bCXpAtVUwjTNo1Ru79eqM4Ecw_Vk2fq7XPzvl_YL40begnVK_WsD0F3Bp5CbxzwVrOstuLi657Kfy_QWfX_3f32s:1sZsgQ:EPqd6RwVt-kEexQF9KYG75fvcFAo3TRFDF53Sfb3WeY', '2024-08-02 13:56:02.912272'),('i6xq3jcj214cg9zqisvqx9j6tghc29hz', '.eJxtkctOwzAQRX8l8jpN7bydHWwBqXuEook9aUJcJ_KjAiH-HacNQhVdeeRz547n-os4GLwmTUrTPCYteDe03qJpR0kakpKbuw7EhHoF8h30cU7ErJ0Zu2SVJBu1ycssUT1u2huDAewQukvgXAITvOj7jLMS8oL2aY8ZlrLLeS1p2TNZVZRiDZnoeA6CcVHJUjDIMx5MR9tav6BZbUnTg7IYk8sMDScIMywoHILQ-m5e1ic_ofIGBtDRA07R89xBdMAJ9Gomf1VVGhOFZ1Sh4YD6ePQariYn1N6S5pXFWVzGVVy_BSVY14Jw43l0n2tcIcQdrXe0iGjdFFmT0SSsxus1R-GNQe3azesacB2Axg8Xyr0EPaHaK1hmA1qN1u0DNQihBDtecbv912XWHRyOsD0r7jbCEtB_8rf89w8rF61R:1samug:9no5K2sGxrqvsMZsZGOL2maWcNLIxzHakYFuLSfsFyA', '2024-08-05 01:58:30.650830'),('fj79dkwiroypm2akrfa6asc7q7w5yy95', '.eJxVj01uwyAQha9SsU7QYEzMsOy-Z0ADM65pI7syUKmqevfaUjbZvp_v6f2qRktfVRhgGC8qUm9L7FX2WFgFZdSTlih_ynoa_EHr-6bztra9JH1G9MOt-m1jub8-sk-AhepytEHEs_MANGMC9CO4hDPekmfLMjEZbyzlbG9oHAOzE8RpmP2Edjw6B7TUWPuX7CdWhbZ3uag71RYpt_Jd2s8xc366gr-CewEMZgwWtEc_Daj-_gFN4E60:1sanF0:O3TotarkeoK61cCd7cOaqmtM5H_m97rtxaHSZGdtWDs', '2024-08-05 02:19:30.910917'),('wa26bzs5rbdj1a08wm7k0v46ppa74fbi', '.eJxVkMtuwjAQRX8FeW2CnZeTLNlWlSp1WVXRJB4TQ5ggP1Crqv9ep8CC3WjuvWcePyzAFIl1uchLznqIYeqjR9dbzTpWsqfeAOMJaRX0EeiwZONCwdkhWy3ZXfXZ66Jx3t-9T4AJ_JTSqlFSlTkapU1TFFqYsq2lqOpa16pQutRG6wKxNa2oBbRG5k1RVaZKopA4Jqj1vY8XdCuWdQZmj5z9zyA4Q5pxwjk6mIBkcvs4LJd175dHd7O3dAS7eUc3pFOAVqZ--FTD2YxXnFPkDelwiAQ3zBkpetZ9SF7wmivefCYn-NDDGOzVhu-UWH-5Fc1WVBspO9l0ss2Ukm2VJ8YYnUMK_Z11-7NKAuFXSOVOA6Xdd7P1Ycd-_wAZLYVY:1sapAp:FWnMGgIwtTAqRXLj9oJCF37Lu_mY7Ggvic0QktDyDFY', '2024-08-05 04:23:19.772947'),('64laejjoo5teya2ojazykruiap711u1c', '.eJxtUUtvgzAM_itVzpQSAgQ49jpNmrTjNCGXmJKWBpRHtWnaf59p6aZqPcXy97D95Yt56INhdZqkWcQaCL5vgkPbaMVqlrG73g7aI5oZUAcw-zFuR-Ot3sUzJV5QFz-PCoftwr0z6MH1pJal5DJLsZOqK4VQSZdVBU_yolCFFFJlqlNKIFZdlRQJVB1PS5HnXU5gwrElU-0aFya0sy2rOxgcRuwyw8AJaMYRh2ChB8OJ7cJunOa9n27d1VabA-jVK9odnQJm9lQ3niwjNuAZB5K8oNnvg4GrzQlNcKx-45GIikhG5TsxwfkGWq_P2n-SYs5ynZTrJF9xXouCwo0FHSjmVdpgLRrfLF7XnCUBBj88lRsFhnbfWIRBO3Da6dMEZkOM39aV0ixfd5n3AKaHguD5QyFMBP1H_gL4_gEp9rEG:1sapSG:4I1QOPYe-9hjV4C4zjpbK1m1sobHzoRNpi1X99aqNnQ', '2024-08-05 04:41:20.419683'),('b1mccv7nai4mowoukobd2gorwsouenm9', '.eJxtUV1rgzAU_Sslz9Ymaoz62NcxGOxxDLk115rWRjFJ2Rj777u2dqOsTwn3fN2cfDEPXbCsSniSRayG4Ls6OJxqo1nFMnY320FzRDsD-gB2P8TNYP1kdvFMiRfUxc-Dxn67cO8MOnAdqVWhhMoSbJVuizTVvM3KXHCZ5zpXqdKZbrVOEcu25DmHshVJkUrZSgK5wIZMjatdGHGabVnVQu8wYpcMCyegjCP2YYIOrCC2C7thnPd-uk1XW2MPYFavOO3oKWBnT33jqSJiPZ6xJ8kL2v0-WLjanNAGx6o3EaVRHqmoeCcmOF9D483Z-E9SzF2uebHmciVEJZMqkTFtnuWSPJowTWh9vXhde1YEWPzwdN1osLT7ZkLojQNnnDmNYDfE-B1dKfXydZe8BzAdVISQD4UwEvQf-Svg-wcyK7ES:1saphp:EDGYoC8FmKSTv46ccrH9irsYXldZ5VOYyGhvL5LGJPo', '2024-08-05 04:57:25.758081'),('3zx63h1h9derchipjxmlxev1h7hwk9a9', '.eJxtUV1rgzAU_Sslz9YmRo362NcxGOxxDLk115rWRklM2Rj777u2dqOsTwn3fN2cfLEJumBZlfAkjVgNYerq4NHVRrOKpexutoPmiHYG9AHsfoibwU7O7OKZEi-oj58Hjf124d4ZdOA7UqtCCZUm2CrdFlJq3qZlLniW5zpXUulUt1pLxLItec6hbEVSyCxrMwK5wIZMja99GNHNtqxqofcYsUuGhRNQxhH74KADK4jtw24Y572fbtPV1tgDmNUruh09BezsqW88VUSsxzP2JHlBu98HC1ebE9rgWfUmIhnlkYqKd2KCn2poJnM20ycp5i7XvFjzbCVElakqlXFZFopL8miCc2inevG69qwIsPgx0XWjwdLuG4fQGw_eeHMawW6I8Tu6Uurl6y55D2A6qAiRPRTCSNB_5K-A7x84mbEb:1sapmy:SeI6LhcpVwohL5wfqTYezn57-99ZUwSFfvJ1xq1Bg4w', '2024-08-05 05:02:44.024699'),('vkv623surf9470ewyrurbaqgux2e43ct', '.eJxVkMtugzAQRX8l8poQG4MNLLOtKlXqsqrQgMfghJjIj6hV1X-vacgiO3vuvWcePyTAFC1pC1qUGekghqmLHl1nFGlJSZ5qPQxntKugTmDHJR8WG5zp89WSb6rPXxeF83HzPgEm8FNKy1oyWRaopdI154rqshGMVkIoIblUpdJKccRGN1RQaDQral5VukoiZTgkqPGdj1d0K5a0GmaPGfnvYeECqccZ5-hgAsuS28d-ua5zvzyqu6OxJzC7d3R9WgXsylQPn6wzMuMN5xR5QzuO0cIdc0EbPWk_WMYzkcms_kxO8KGDIZibCd8psd5yT-s9rXasaClvC5GLihdllRhDdA5t6DbW_c4yCRa_QnoeFNg0-8EhzMaDN9uf_P4B72KJuw:1sapsU:HxfkWx-Ltnh8_eThr55jEJJJmla6C7tSdX2rp5jIlKU', '2024-08-05 05:08:26.689750'),('sxnin3crsn3vtkb2qix40bw7i3uml171', '.eJxtUclugzAQ_ZXIZ0IwBgwcc60qVeqxqtAED8EJMchL1Krqv3dISKuoOdmat42fv5iHPhhWp0maRayB4PsmOLSNVqxmGbub7aA9opkBdQCzH-N2NN7qXTxT4gV18fOocNgu3DuDHlxPallKLrMUO6m6UgiVdFlV8CQvClVIIVWmOqUEYtVVSZFA1fG0FHne5QQmHFsy1a5xYUI727K6g8FhxC4ZBk5AGUccgoUeDCe2C7txmvd-uk1XW20OoFevaHf0FDCzp7rxZBmxAc84kOQFzX4fDFxtTmiCY_Ubj0RURDIq34kJzjfQen3W_pMUc5frpFwn-YqLOsvqtIyFTIu0Io82WIvGN4vXtWdJgMEPT9eNAkO7byzCoB047fRpArMhxu_oSmmWr7vkPYDpoCJ4_lAIE0H_kb8Cvn8ANFexFQ:1sarSG:KCb3YzzbyUX93EksVxaAueZXYukNIcpbUDDFr0iHjlA', '2024-08-05 06:49:28.385630'),('un4uvxf1sva0fq8wkmaknxncua226q2k', '.eJxtkctugzAQRX8l8poQGwMGltlWlSp1WVVowENwQkyE7ahV1X_vkJBWUbOxrTl37jz8xTz0wbIq4UkasRqC7-vgcKqNZhVL2V2sgfaAdgZ6D3Y3xu1o_WSaeJbEC3Xx86hx2C7aO4MeXE_ZqlBCpQl2SneFlJp3aZkLnuW5zpVUOtWd1hKx7Eqecyg7kRQyy7qMIBfYkqlxtQsnnGZbVnUwOIzYpYaFI1CNAw5hgh6sILULzXia-366RVdbY_dgVq84NTQK2NlT33SqiNiAZxwo5QXtbhcsXG2OaINj1ZuIZJRHKireSQnO19B6czb-kzLmXa55sebZSsgqS6skiwUvZJGQRxumCa2vF6_rnhUBix-enhsNlnrfTAiDceAMnX5D_DdwFdTLx12qPcB00RpE9jARToT-k7_xv38AwX6wQA:1sarbt:SKsuiUU3CvDddidSM8CKIpr3MX1XV0J4V0X-S9yCHGo', '2024-08-05 06:59:25.121376'),('ylmc9zqivhatxtew79sjfrkmq21raig4', '.eJxtUU1vgzAM_StVzpQmEAhw7HWaNGnHaUIuMSUtDYgk1aZp_32mpZuq9RTL78P2yxfz0AXLqoQnMmI1BN_VweFUG80qJtldbwfNEe0M6APY_RA3g_WT2cUzJV5QFz8PGvvtwr0z6MB1pFaFEkom2CrdFmmqeSvLXPAsz3WuUqWlbrVOEcu25DmHshVJkWZZmxHIBTZkalztwojTbMuqFnqHEbvMsHACmnHEPkzQgRXEdmE3jPPeT7fuamvsAczqFacdnQJ29tQ3nioi1uMZe5K8oN3vg4WrzQltcKx6E1Ea5ZGKindigvM1NN6cjf8kxZzlmhdrnq2ErBJZSRlLSUeX5NGEaULr68XrmrMiwOKHp3KjwdLumwmhNw6cceY0gt0Q47d1pdTL113mPYDpoSBE9lAII0H_kb8Avn8AOQ6xHA:1sas5E:N0La-tFYamxHSoexGRM3tUPU_QhyM_n3ZUQacWuIcok', '2024-08-05 07:29:44.482422'),('z5xsxwymu98ekcnb2ihrurammkhcebdv', '.eJxtUclqwzAQ_ZWgs-NY3mT7mGspFHosxUysUazEkY2W0FL67x0nTktoThLzttHTF_PQB8OaNEnziLUQfN8Gh7bVkjUsZ3ezHXRHNDMgD2D2Y9yNxlu9i2dKvKAufh4lDtuFe2fQg-tJLSrBRZ6iElJVWSYTldclT4qylKXIhMylkjJDrFWdlAnUiqdVVhSqIDDh2JGpdq0LE9rZljUKBocRu2QYOAFlHHEIFnownNgu7MZp3vvpNl1ttTmAXr2i3dFTwMye8sYTVcQGPONAkhc0-30wcLU5oQmONW88yqIyElH1TkxwvoXO67P2n6SYu1wn1TopVjxv8rpJi5jXNedznV2wFo1vF69rz4IAgx-erhsJhnbfWIRBO3Da6dMEZkOM39GV0i5fd8l7ANNBRfDioRAmgv4jfwV8_wAz3LEU:1sasT7:5r5wIqF5FrXNW2by-u7sypTIT_cRrG8ecrROcIXxJTE', '2024-08-05 07:54:25.277924'),('ujr6q4pl4teq1lpxzc8crolhfjp21dc4', '.eJxtUV1rgzAU_Sslz9YaNUZ97OsYDPY4htyam5rWRjFJ2Rj777u2dqOsTwn3fN2cfDEPXbCsTpM0j1gDwXdNcDg1RrGa5exutoP2iHYG1AHsfojbwfrJ7OKZEi-oi58Hhf124d4ZdOA6UstScpmnqKXSZZapROdVwRNRFKqQmVS50kpliJWukiKBSvO0zITQgsCEY0umxjUujDjNtqzW0DuM2CXDwgko44h9mKADy4ntwm4Y572fbtPV1tgDmNUrTjt6CtjZU914soxYj2fsSfKCdr8PFq42J7TBsfqNR1lURDIq34kJzjfQenM2_pMUc5frpFwnYsVFneV1LuNSSJ6l5NGGaULrm8Xr2rMkwOKHp-tGgaXdNxNCbxw448xpBLshxu_oSmmWr7vkPYDpoCK4eCiEkaD_yF8B3z8z2bEU:1satB1:BbiPZv1tfTrfCOemH5FufLamokBNuYxljKc6BKsGvXk', '2024-08-05 08:39:47.977659'),('ttihqy058mmv33lymwliuid2qnq6pyva', '.eJxtUV1rgzAU_Sslz9Yao0Z97OsYDPY4htyam5rWRklM2Rj777u2dqOsTwn3fN2cfLEJumBZnSZpFrEGwtQ1waNrjGI1y9jdbAftEe0MqAPY_RC3g52c2cUzJV5QHz8PCvvtwr0z6MB3pJal5DJLUUulSyFUorOq4EleFKqQQqpMaaUEYqWrpEig0jwtRZ7rnMCEY0umxjc-jOhmW1Zr6D1G7JJh4QSUccQ-OOjAcmL7sBvGee-n23S1NfYAZvWKbkdPATt7qhtPlhHr8Yw9SV7Q7vfBwtXmhDZ4Vr_xSERFJKPynZjgpwbayZzN9EmKuct1Uq6TfMWLOhd1XsVCpmlWkUcbnEM7NYvXtWdJgMWPia4bBZZ23ziE3njwxpvTCHZDjN_RldIsX3fJewDTQUXw_KEQRoL-I38FfP8AN_mxGg:1sauPf:ORJrtt91O5DbeBgE9hpfr5poFwt8r7S48IdTnO-63Rg', '2024-08-05 09:58:59.512818'),('7wue2auin1120urdvpkskotyk1fkc39k', '.eJxtUV1rgzAU_Sslz9Ymxhj1sa9jMNjjGHJrrjWtjWJM2Rj777u2dqOsTwn3fN2cfLEJ2uBYmfAkjVgFYWqr4HGsrGElS9ndbAf1Ed0MmAO4fR_XvZtGu4tnSrygPn7uDXbbhXtn0IJvSa1zLXSaYKNNk0tpeJMWmeAqy0ympTapaYyRiEVT8IxD0Ygkl0o1ikAusCZT6ysfBhxnW1Y20HmM2CXDwQko44hdGKEFJ4jtw64f5r2fbtPV1roD2NUrjjt6CrjZ09x4Oo9Yh2fsSPKCbr8PDq42J3TBs_JNRDLKIh3l78QEP1VQT_Zsp09SzF2ueb7maiV0yVWpZCyl0IkijzqMI7qpWryuPWsCHH5MdN0YcLT7ZkTorAdvvT0N4DbE-B1dKdXydZe8BzAdVIRQD4UwEPQf-Svg-wcuOLEM:1saubB:iRxZ6-dVYrZFDfS3f1iZllDJlNU_6RsrmoDddSOpzT4', '2024-08-05 10:10:53.406346'),('ah2yim548w2g81gxocg1zsh0pzl9yz0l', '.eJxtUclqwzAQ_ZWgs-NI3iT7mGspFHosxUysUazEkY1lhZbSf-84cVpCc5KYt42evtgEbXCsSniSRayGMLV18DjWVrOKZexutoPmiG4G9AHcvo-b3k2j3cUzJV5QHz_3Grvtwr0zaMG3pJZKCpklaKQ2Kk01N1lZCJ4XhS5kKnWmjdYpYmlKXnAojUhUmucmJ5ALbMjU-tqHAcfZllUGOo8Ru2Q4OAFlHLELI7TgBLF92PXDvPfTbbraWncAu3rFcUdPATd76htPqoh1eMaOJC_o9vvg4GpzQhc8q95ElEZFJCP1TkzwUw3NZM92-iTF3OWaqzXPV0JVqaqSLOY852VBHk0YR3RTvXhde5YEOPyY6LrR4Gj3zYjQWQ_eensawG2I8Tu6Uurl6y55D2A6qAiRPxTCQNB_5K-A7x8xEbEQ:1saw2i:PIrJ8PtEKfUqR2hsVrGiAUitzPRPeoAbc5vPVf30UI4', '2024-08-05 11:43:24.076150'),('gppvntb2rhlhp5a0p8x39g44n740dv6q', '.eJxtkdtqwzAMhl-l-DpN7Zyc5LK3YzDY5RhBiZXGbeoUH8rG2LtPadONsoKxjb5fv2T5i3kYgmF1wpMsYg0EPzTBoW20YjXL2F2she6AZgZqD2Y3xd1kvNVtPEvihbr4eVI4bhftncEAbqBsWUohswR7qfoyTRXvs6oQPC8KVchUqkz1SqWIVV_xgkPVi6RM87zPCXKBHZlq17hwQjvbsrqH0WHELjUMHIFqHHAMFgYwgtQutNNp7vvpFl1ttdmDXr2ibekpYGZPddPJMmIjnnGklBc0u10wcLU5ogmO1W8iSqMiklH5TkpwvoHO67P2n5Qxz3LNyzXPV6KsM1p5nMm04JI8umAtGt8sXtc5z8Dgh6frRoGh3jcWYdQOnKbdb4j_Bq6CZvm4S7UHmA4ag8gfJsKJ0H_y9_zvH8wLsE8:1sawCj:j2ct8d3Sy0AmFE7gt8acNtLxb7S6DHVReKpVH1jdDpU', '2024-08-05 11:53:45.488161'),('torjqygx4i04yqqpj2nf4k4jwn27l0n5', '.eJyFUctOwzAQ_BXkA6c2tZO4sS1VSNz5hmgTb4lpcCI_EAjx79glEmpJxcnrmZ0Z7_qTBBiiJaqkZb0hLcQwtNGja40mijBygXXQn9BmQr-AfZ6KfrLBma7ILcXC-uJp0jg-Lr0XBgP4IakpotBcUApH2VEpaso7eZT7TuhKY6OBCVZB31d7ybimWnOUsimPopFVnTTJ1PjWxxldtiUquIgbMoIPLfTBvJnwkWLyTFsqtpTflVTRStWykGVNG54M-ugc2pBcule08WfeJhEW30MqdxrsCcedQxiNB2-W-8MV0J4XeMhZ99dUOuDA-B88SWA-5OVeMT7V7fIj5-ffaMnGRNXipgHMRLF1Ng08zXqN_id5SWV8Vbie-Jv29Q2CIdPk:1saxNN:Z8sRZOR8BeOvSQbgQx4h83GPYeMU5EGb1KtiiU6LcDQ', '2024-08-05 13:08:49.966794'),('veftn16jieccna771hcof56slf01xue8', '.eJxtkctuwyAQRX_FYu044Ac23rXbtlL2VWWNYRw7JjgyELWq-u_FidsqajaA5ty58-CTOOi9IXVK0zwmDXjXN97i3AyK1CQlN7EW5IhmAeoAZj8lcjJuHtpkkSQrtcnLpFA_rtobgx5sH7I5CKGASVF0XSYYh7ygXdphhly1uagU5R1TZUkpVpDJVuQgmZCl4pJBnolgOtjG-hPOiy2pO9AWY3KpYeAIoYYFjX0QWt9Op6XlJ9R-hh5M9IBj9Dy1EO1wBLOYqR9VmcZE4xl1SNih2e-9gavJEY23pH5lcRbzuIyrt6AE6xqQbjgP7mNZV1jihlYbWkQprRmvWZYwnhWiCB7SzzMa16xe1wWXARh8d-G5VWBG1NsZQQ8W7BBOtw38N3AVNOuPXardweEK87PibiKcAvpP_sb_-gaPDa4b:1saxZN:nCReCMu7vP0gPtBnVWx8MpyEEltooxynAbnE-vJwMCw', '2024-08-05 13:21:13.178196'),('nj6fxm2cdwwmnkxkkp9u7tmvebdn8alq', '.eJxlkM1uwyAQhF-l4tBT4oAxMViyKvXeZ0ALbGoSF0f8VK2qvntx60vSEzCz862GL5JhKoEMLW27HdFQ8qRLwqi9IwNh5EYzYC8YVsOdIbwujV1Cjt4060izual5WRzOz9vsDWCCNNU0RZROSErhpAxVsqPCqJM6Gum4w94Bk4yDtfyomHDUOYFK9e1J9op3NVOhPulUrhhXLBlyLLgjM6SswWb_7vNnXbN22lO5p-KhpYPoa8lGcSm5qABbYsSQK8W8YSh_fftqBPzI9XpwEC44HyLC7BMkv72f7gT9-4Hjuuvx3qoHjEz802sEriMj3z8ZG383:1sayDB:mzN_swiSyFio9oBhU0IOQClQ7VEiGiUM5ykcGsuQk9s', '2024-08-05 14:02:21.041650'),('b8qg8ee233ek4d7gkztsxj2autcfkefk', '.eJyFkctOwzAQRX8l8jpN7Tycxw62gNQ9QtHEnjQhrhPFdgVC_DtOmwpVFNiNPWfuHd35IBY6p0kV0zgNSQ3OdrUzONe9JBWJydVfA2JAvTTkK-j9GIlR27lvogWJ1q6JnkaJ6n5lrwQ6MJ2f5lCWEpgos7ZNSsYhzWgbt5ggl01aFpLylsk8pxQLSERTpiBYKXLJBYM0Kb1ob2rjJpwXWVK1oAyG5OSh4QDew4DCzoPGNeO0rPyAys3QgQ7ucAgexwaCHQ6gFzF5ofI4JAqPqPzADvV-7zScRQ6onSHVMwuTkId5WLx4EoytQdj-2Nv3JS4f4oYWG5oFMavSvMp4RCnlPPcaws0zaluvWueAC9_Q-GZ9uZWgB1RbBdM4g1a9saY3sPXEjOCfYPozsnzX691Onr8gvvRJaKfUrxIw_QVcUrlJ_LPB6s6ym4OLL_vZ-T7D5xe-EuEe:1saz08:XocQtTP2t15pPOo6pymOI10SCHvFpdvNZosfvMlqSXI', '2024-08-05 14:52:56.115909'),('elgyxf5ny9ge42ksukfpdukgs79pn44c', '.eJyFkVFPgzAUhf_K0mfGSmFAedNXNdm7MeTSXgbSFULbRWP877ZjS5y6-ETp-e45N6cfxELnNKkYZVlEanC2q53Bue4lqQgjV3cNiAF1EOQr6P0Yi1HbuW_igMRn1cRPo0R1f2avDDownZ_OgXMJieDbtk15kkO2pS1rMcVcNhkvJc3bRBYFpVhCKhqegUi4KGQuEshS7k17Uxs34RxsSdWCMhiRU4aGA_gMAwo7DxrXjFNY-QGVm6EDvbrDYfU4NrDa4QA6mMkLVbCIKDyi8gM71Pu907CYHFA7Q6rnJEqjPCqi8sWTYGwNwvbH3r6HunyJa1qu6XbFWEWzivGY0oIVmfcQbp5R2_rstRRcekHjm_XHjQQ9oNoomMYZtOqNNb2BjSdmBP8Lpl-Q-vxmp7w_ZP_xDSTbPwdh8tJv5XsBP7SwxT-RJ2SJ1U6pmxYh_DZw2SEQn19-jOEZ:1sazG9:Qyjq1KB8OGNljehkXh9Ywt2rQr7yhs-CBRt9xKPAq04', '2024-08-05 15:09:29.154952'),('h3xg0b8ramf66zd11lec6xi0gi73axqr', '.eJyFkc1OwzAQhF8l8jlN4_w7N7gCUu8IRRt704S4ThTbFQjx7thtKlRR4Lb2fjuzmv0gBnqrSJ3ESRaSBqzpG6txaQZBapKQq78W-IjKN8QrqP0U8UmZZWgjj0RrV0dPk0B5v7JXAj3o3k0XwJgAylnedSmjBWR53CUdpliINmOViIuOirKMY6wg5S3LgFPGS1FwClnKnOigG21nXLwsqTuQGkNy8lBwAOehQWLvQG3bafYrP6C0C_Sggjscg8ephWCHIygvJi5UmYRE4hGlG9ih2u-tgrPIAZXVpH6mYRoWYRlWL44EbRrgZjgO5t3H5ULcxNUmLgLK6pTVtIyyvErKymlwuyyoTLNqnQP2DYVvxpVbAWpEuZUwTwsoOWijBw1bRywI7gl6OCP-u1nvdvL8BXGlS0JZKX-VgPkv4JLKTeKfDVZ3mt8c9L70Z-f7DJ9f19ThMw:1sbJTB:elWQP0x-9ydeYpk9GNCuK2GJPE72R_9C_TJLDzsB7jI', '2024-08-06 12:44:17.591248'),('pvz9yt71et6i1h3rov7whcdv0iwzumt1', '.eJx9kU1vgzAMhv9KlTOlCVAg3LbrNqn3aUImMSUjDSgf1aZp_32hpYceuptlP34cvfkhHoZgSJPRrEhIC8EPbXBoWyVJQzJy1-tAjGiWgfwEc5xSMRlvVZcuSLpOXfo2SdTPK3snGMANcbsEziUwwfd9n3NWQrGnfdZjjqXsCl5LWvZMVhWlWEMuOl6AYFxUshQMipxHqXKtCzPaRUuaHrTDhFxuGDhBvOFA4xBBF7ppXp78gjpYGMBsnnDcvE4dbA44gllk8kZVWUI0nlHHhQOa4zEYuEpOaIIjzTtL8qRMqqT-iCQ434Lw6qz89xJXDHFL6y0tN4w3e9awKmW0yioWHSJYi8a3q-sacB0HBr98LHcSzIh6p2GeLJheaY_WKQe7yFgEHUunrtDSbtefu1x9gMQyZmGC1g8VMP8H3HJZiN8_H-66uA:1sbJen:g2DUehRI6X8pzvhPcHOq8vG0z2ZOY4VZ0P0TMLl416g', '2024-08-06 12:56:17.302388'),('t8t4u8bwywhjelcp9krodd9mrm61h7hm', '.eJxVjsFuhCAURX_FsCZGlEFxN922TWbfNOYBD7EyMBHppum_V9rpYrbvnnvu-yI7uBzI2DYtp2SCvLspJ9ymxZCRtOThpkCvGEpgPiDMsdYx7Nui6oLU9zTVr9Ggf7qzDwIHyR1tAVIaYFqerO0kE8BPjW0tdiiM4nIwjbDM9H3T4ACdVpKDZlL3RmgGvJOHdElTyjfcipaMFnxCSn43Alzh2Ejg0R1gyireysvP6PMGDkJ1xrV6iQqqC64Qisz8U31LicdP9EfhgmGec4A_yRVDTmR8Y7SjgvZ0eP_-AWOvZ48:1sbK06:O7tnEmV3xJLlji2jfATGpaiCiwIBshqW0CoBQNH87rQ', '2024-08-06 13:18:18.618587'),('76e1ayrh05tml5aticjht6ksof7bbxvu', '.eJxVkMtOwzAQRX8l8tpNnTh14uxgC0jdIxRN7HET4jqVHxUI8e84tCzYWb5nzozuF4kwJUf6mtUNJQOkOA0poB9mTXpSk39_I6gF3Rbod3CntVSri34eyw0p72koX1aN9vHO_hNMEKY8LUBKDZWSB2O4rAQ0B2ZqgxyFHhvZaSZMpduWMeyAq1E2oCqpWi1UBQ2XWTqHIaQL-k1LegM2ICW_OxycIe8IYHHKYEjjetlOfkKbPEzgigdciud1hOKIC7hNpv-otqbE4hVtHjiiO52Sg5vkjC4F0r9WlFNBW9q9ZRJCHEDF-TrHz62uXOKOdTsmipr1Fe9rXoqGH5ouO1TyHl0c7q5bwVvg8CPm516DW9DuLVxWD87MNqIPc4A9-f4BuCKIlw:1sbK0C:PCLkxNGzymWyjnSrS-2POwBmuiq_zJCubI0pHKMX8Nw', '2024-08-06 13:18:24.122624'),('86891qxf0z3exacowt4rgypxyjsw095c', '.eJyFkUFvgzAMhf9KlTOlCVAg3LbrNqn3aUImMSUjDYgk1aZp_32hpZqqddvNiT-_Zz1_EAedN6RKaJJFpAbvutpbnGolSUUScvXXgOjRzA35CmY_xGIwblJNPCPx0rXx0yBR3y_slUAHtgvTOXAugQm-bduUsxyyLW2TFlPMZZPxUtK8ZbIoKMUSUtHwDATjopC5YJClPIgqW1s_4jTLkqoFbTEiJw8DBwgeFjR2AbS-GcZ55QfUfoIOzOoO-9Xj0MBqhz2YWUxeqCKJiMYj6jCwQ7PfewNnkQMab0n1zKI0yqMiKl8CCdbVIJw6Kvc-xxVCXNNyTfNVQquMViyLU56xsggawk8TGlcvWueAy9Aw-OZCuZFgetQbDeMwgdHKOqssbAIxIYQnWHVG5u96udvJ8xcklCEJ47X-VQLGv4BLKjeJfzZY3Nn25uDsy352vs_w-QW92OEe:1sbKQA:jAMYzLgdShq8SVa27g2OzmBgP9ltU7_TggFGLzkWvsw', '2024-08-06 13:45:14.525300'),('lbb7r5k0456wvskbff9521o4s9zdzpt7', 'eyJ0YWh1biI6MjAyNH0:1sbKfc:lpIoteZFPWIzq7JMarYJXATKVzSlbsXVHtJyqUAlxU4', '2024-08-06 14:01:12.944835'),('hruot46s4wnhgi0bmjrifon3aseexw5u', 'eyJ0YWh1biI6MjAyNH0:1sbL4m:G4oncUyTT_wLhOsdKI_TlGs5IKIQMr3QKDkLjtAyUwk', '2024-08-06 14:27:12.147110'),('nqloi2txlvcprpk15ptl0yxukvx5hn1s', '.eJxtkN1OwzAMhV8F5Xrr3L816SX3PEPlJC4N69IqPwiEeHdcViFN7CaJ_J1zbOdLJJyyF30FVXMQA-Y0DTlSGJwVvSjFXU2juZDfgH1D_7oUZvEpOF1skmKnsXhZLM3Pu_YuYMI4sRuIpG0lAI5Kg5INtFqN6qylrS11FktZ1mhMfVZla8HalpTqqlF2qm7Yw6EuDjGvFLZY0aeQ6SBmjGlAk9y7S5_cZtvpCPII3RPIvmn6WhUAtZTAASaHQD5xir6Sz7d9OwaePhI_Txb9heZTIJxdxOj4TCfmf4WbYNg_8LfbA8wXir5sHxpxZfSf8EzLyvOUVfv9A74Eids:1sbVjD:-t6FV9vaYbAKyDgE-NpPs_2dPsym1ZJyHsQmbecqkrs', '2024-08-07 01:49:39.056933'),('jw0dyetuov1erawzqwvdzoa7id1hui6x', '.eJxtkM9uhCAQh1-l4bzrgoiCx977DGSUsdK1aPizadP03Tu2XjbdE2S-me_H8MUyzCWwvuZ1c2IWSp5tSRitd6xngt3VBhivGHbg3iC8rtW4hhz9UO0t1UFT9bI6XJ6P3jvBDGmmaY6ondKcw2QGbnTD1WAm0w7aSYedA6GFhHGUrRHKcecUGtPVk-6MbGiGpD7ZVDaMu5b1ORY8sQVStjBmf_P5k2L2nc5cn3n3xHWv2l7KyrSdMYoEY4kRQybL8I6h_O1b7-qAH5nulwVvuBC-1BeqRoTFJ0jeQbjiYo9_-w15gOkA1gv1cBA2Qv8JZa0bPUPU6vsHkSKF0g:1sbVuk:3sMZ36JxbjHMJyLT1WJl9_1lXrBRDMcqHBvDPYSoIwo', '2024-08-07 02:01:34.903171'),('2r7pm8tumxdp390343mczc13yff1po5t', '.eJxVj01uwyAQha9SsU7QYExgWHbfM6CBwTFpZFcGKlVV7h5byibb9_M9vX_RaO6L8AMM40kE6m0OveYtFBZeKPGmRUrfeTkMvtFyXWVal7aVKI-IfLlVfq2c75-v7BtgpjrvbcjZsXEANGEEdCOYiBNeomPN2TIppzSlpC-oDAOzyYh2mJxFPe6dHVpqqP0nbwdW-Lb1fBJ3qi1QauW3tL995vh0BncG-6HAG-MNStBKoRWPJ02gTqg:1sbXmJ:JCROdVNXTT5g6tCaYDpihcLHEyFIVzAlb9BO1dVTckw', '2024-08-07 04:00:59.144530'),('rj6g0y8mjm0izst9w8eskay5nfkkomjm', '.eJxVj8tuwyAQRX-lYp3YYPwAlt33G6yBGcc0Lo54VImq_nuxmk12o_s4o_vDMqwlMNPxrj-xGUpe55Iozh6ZYYK9aBbclcJh4CeEy964PeTobXNEmqebmo8daXt_Zl8AK6S1tjmRwkFxDou2XKueD1YverQKJdKEIJSQ4JwctRiQIw6k9dQtatKyr50K9WlO5UbxwDKTY6ET2yDlGVz23z4_6ptj05mrM5_ehDBCGzk1XMtBjRXgSowUcqXYLwrlf6_sqhPonuvdIoQrbe1tT9mHS8t-_wAbQWA8:1sbY9B:S6qh-njsRkUHwVnoZRm9n7a04r7TYsFwsyi8diNz7bk', '2024-08-07 04:24:37.143007'),('gckjwpkd17xy2b4rszcti5ipd9l5yaz3', '.eJxVj0tuwzAMRK9SaJ04lC1Hkpfd9wwGJdK1G0cO9ClaFL17ZdSbrEhwZh4xPyLjXIIYWmjVSYxY8jyWxHFcSAxCiqebQ3_jsAv0geF9a_wWclxcs1uaQ03N20a8vh7eJ8CMaa5pYDbUGwCcrANrFPTOTvbqDHXEmlAa2aH33dXKnoCoZ2t1OxltO1UzFbqkMZUHxx0rhhwLn8SKKY_o8_K55O_6Zu90BnMG_SLloOygoOmVvoKuAF9i5JArxd05lP--XVuVwF-57hfCcOP1GPN254v4_QM8yGFL:1sbYcG:5m6akxVGQqQv6bPD9L3-c_cQimlRnQqwzgYx_3TFBjQ', '2024-08-07 04:54:40.567778'),('oci6yjk5mgfz231lk34jk6dn5tbv58f6', '.eJxVj81uwyAQhF-l4pw4gI0NHHPPM1gLu67dODjip2pV9d2LVV9y2tXOzLeaH5ZhLoFZyWV3YiOUPI8lURwXZJYJ9nJz4O8UdgE_ILxvjd9CjotrdktzqKm5bUjr9fC-AGZIc01zIo1Kcw6TcdzojitnJtM7jS3SgCC0aMH7tjdCIUdUZMwgJz2YtquZCl3SmMqT4o5lNsdCJ7ZCyiP4vHwu-bu-2TuduT7z4U1IK5TlulGyN1pXgC8xUsiV4h4Uyn_fVlYl0Feu-wUh3Gk9xrw96MJ-_wA-PWFS:1sbZ0u:JWi2S-NwSZoSeouVFaVeHnzVXzLZo7rEt185j5iweXg', '2024-08-07 05:20:08.693606'),('cr0wkt9cyphhssc0nc14eqq0akptmrlw', '.eJxVj0tuwzAMRK9SaJ0osuSP5GX2OYNBiXTtxpEDfYoWRe9eCfUmKxKcmUfMD0uwZM9GKWR7YhPktEw5UphWZCNr2MvNgruTrwJ-gH_fudt9Cqvl1cIPNfLbjrRdD-8LYIG4lLQg0thpIWA2Vhjdis6a2fRWo0IaEBrdKHBO9abpUCB2ZMwgZz0Y1ZZMga5xivlJoWLZmEKmE9sgpglcWj_X9F3e1E5noc9ieGvkqPpRDLw1ndQV4HII5FOh2Af5_N9XyaJ4-kplvyD4O23HWPYHXdjvHz6WYVM:1sbZLD:DYKm51Uu4PhyoJEqIsBF9jhLfC9dOZMx2Sn6BbzMoKo', '2024-08-07 05:41:07.572761'),('0x5nwp1ed84iq6zv33qrubunj41m8ir4', '.eJxVj0tuwzAMRK9SaJ0okuWPpGX2OYNBiXTtxpEDfYoWRe9eGfUmKxKcmUfMD8swl8BsI5r2xEYoeR5LojguyCyT7OXmwN8p7AJ-QHjfuN9Cjovju4UfauK3DWm9Ht4XwAxprmlBpLHTQsBknDC6FZ0zk-mdRoU0IEgtFXiveiM7FIgdGTM0kx6MamumQpc0pvKkuGOZzbHQia2Q8gg-L59L_q5v9k5noc9ieJONbVsrJe_l0Hd9BfgSI4VcKe5Bofz3VU1VAn3lul8Qwp3WY8zbgy7s9w87qGFH:1sbZT1:6gWO6wbDIKr2IKG_B39SfjHDFJQS-5Itirf1lbryBFE', '2024-08-07 05:49:11.730006'),('jzo5wfiquu8kwtdwyqahg9o76ebgpe86', '.eJxVj8tOxSAQhl_FsD6nhVJaYOneZ2gGZmrxVGq4GI3x3aXxbM5u8l--yf_DCmw1MjvwYbywBWrZlpopLQGZZYI9aA78jeJp4BvE16PzRywpuO6MdHc3dy8H0v58zz4ANshba3MijUpzDqtx3OiRK2dWMzmNEmlGEFpI8F5ORijkiIqMmYdVz0aOrdOgIS-5flA6scyWVOnCdshlAV_CZyjf7c256cr1lc9PQlourRg7NSuldQP4mhLF0ijunWL93zs1I9JXaWePEG-093vIpWe_f53DXsI:1sbZlS:L8UBgI4a516afoui7cJVRiOsN9EPCbxuD1J7L5O1CTg', '2024-08-07 06:08:14.622568'),('wq1jd4bzn3dys4h45p43beibo3z9lw51', '.eJxVj0tuwzAMRK9SaJ04lGVHkpfd9wwGJdK1G0cO9ClaFL17ZdSbrEhwZh4xPyLjXIIYWmi7kxix5HksieO4kBiEFE83h_7GYRfoA8P71vgt5Li4Zrc0h5qat414fT28T4AZ01zTwGyoNwA4WQfWdNA7O9mrM6SINaE0UqH36mplT0DUs7W6nYy2qquZCl3SmMqD444VQ46FT2LFlEf0eflc8nd9s3c6gzmDfpFqkHqQ0Fhotb1WgC8xcsiV4u4cyn9f1VYl8Feu-4Uw3Hg9xrzd-SJ-_wA8IWFJ:1sbZyw:Vm0oDXA-4uQRNNZIZmzm-h8Lhk36Txq5MlRH5CKd5OY', '2024-08-07 06:22:10.958033'),('l1xbqvldgj414cv9i8wjw7syrk3s2udu', '.eJxVj81uwyAQhF-l4pwQMHYAH3vvM6CFXdduHBzxU7Wq-u7Fqi857Wpn5lvNDysw18jGTnT9iTmoZXY1U3ILspFJ9nTzEG4UdwE_IL5vPGyxpMXz3cIPNfO3DWl9PbxPgBny3NKCyOBghIDJemFNLwZvJ3v1BhWSRpBGKghBXa0cUCAOZK3uJqOt6lumQZfscn1Q2rFsLKnSia2Qi4NQls-lfLc3e6ezMGehX6QaezMOmhulrdwBoaZEsTSKv1Os_31V15RIX6XtF4R4o_UY83anC_v9A0D9YVw:1sbaTh:YVRIdB7QO8bP1YhbZqmVzMG1n-02ALXhalFdnnlWMGs', '2024-08-07 06:53:57.855996'),('tfrf870km1twj6yr24b6jw4ytw253kit', '.eJxVj81uwyAQhF-l4pwQMHYAH3vvM6CFXdduHBzxU7Wq-u7Fqi857Wpn5lvNDysw18jGTnT9iTmoZXY1U3ILspFJ9nTzEG4UdwE_IL5vPGyxpMXz3cIPNfO3DWl9PbxPgBny3NKCyOBghIDJemFNLwZvJ3v1BhWSRpBGKghBXa0cUCAOZK3uJqOt6lumQZfscn1Q2rFsLKnSia2Qi4NQls-lfLc3e6ezMGehX2Q_SjMqybVWvewaINSUKJZG8XeK9b-v2pVIX6XtF4R4o_UY83anC_v9AztuYUU:1sbawJ:xEl2oOyx6lEMZbIbgyhWLilZofe1NIOd8YS9P0ag1N8', '2024-08-07 07:23:31.904084'),('uabfd6uy59rojfcq1if522zzzc4s3p3a', '.eJxVj01uwyAQha8SsU7QYExgWGbfM6CBwTVNZEcGKlVV715byibb9_M9vV_RaO6L8AMM41kE6m0OveYtFBZeKPGmRUr3vBwGf9Hyucq0Lm0rUR4R-XKr_Fg5P26v7BtgpjrvbcjZsXEANGEEdCOYiBNeo2PN2TIppzSlpK-oDAOzyYh2mJxFPe6dHVpqqP2ZtwMrfNt6PosH1RYotfJd2s8-c3y6gLuAPSnjNXoYpQIYwIq_f01tTpo:1sbcCG:E_XV72DEZX9HPPsDC3lPqCy35_cHrcUKVQGtZFoHqzg', '2024-08-07 08:44:04.271914'),('998zqlvpy3yhyudjyx7p2nysmxxwvu22', '.eJxVj0mKwzAQRa8Sap2IkicNy973GURJJbfVCXZjSQ0h5O6RIZts__A-_wGFlrqC7bAbzuColsXVHHeXGCxI-NA8hWtcD4N_af3ZRNjWsicvjoh4u1l8bxxvX-_sB2ChvLQ2xqh51Ig0G49GDzh6M5vJa-45KiapZU8h9JORIyPzGI1R3ayV6YfWadCUXa5_cT-wYMte4xlulIujUNJ_Kvc2c3y6oL6gOsnJorKdFGpQbQ-eL03hTrI:1sbcdd:J1ca8EHfOeAdUiZ_EwO6DXQgwC1iR8p0cxJobBabXyg', '2024-08-07 09:12:21.798967'),('njstlfe13c44chdkjiox7kjh08ysxdrq', 'eyJ0YWh1biI6MjAyNH0:1sbczb:ZiLjJr_uBcLuxGy3IEdP6xKqNBcloaR30dekWV05Xqk', '2024-08-07 09:35:03.043849'),('gl9c2ka3ozhfe42l9vzeml0pyyw8pa2a', '.eJxVj8tuwyAQRX-lmnWCBmObx7L7fgMaGFzTRnZloFIU9d-LpWyyvY9zdR9QaW0buAGH8QKeWl19K-nwmcGBhBctUPxO22nwF22fu4j7Vo8cxBkRT7eIj53T7f2ZfQGsVNbexpQMTwaRFhvQmhGnYBc7B8OKk2aSRiqKUc1WTozMU7JWD4vRVo2906G5-NJ-0nFiwdWjpQvcqFRPsebfXO995vx0RXNF_SZnNyonjZi17FD4-wdN9U6v:1sbdCQ:JDwHl5ng9izZ5tH3CjSIi9IwBQcOK_D6s4T4DB0yrdA', '2024-08-07 09:48:18.743218'),('ilzmbpfzgq1g0td4eij9j9tmntq81ayi', '.eJxVj81OxCAUhV_FsO4QKKVwWbr3GciFSy1j05oCGmN8d2kym9men-_k_LKKa9uZG8U4Dcxjq6tvJZ0-E3NMsictYPxI-2XQHff3g8djr2cO_Irwh1v420Fpe31knwArlrW3RUqWtBUCFwgC7CR0gAXmYElRMoTSSoUxqhmkJkGkE4AZF2tATb3Tobn40j7TeWGZq2dLA7sjfePWvwxsw1I9xpq_cv3pi9e9m7A3YV6kcZN2auYAkwbB_v4B14VSBw:1sbeAj:bbx6DsJuTanmEkk6EK-Eg8ZHMjVmKivyae5No_UNFIE', '2024-08-07 10:50:37.011267'),('f2f8s1v9yui20oo1qunvaphk143rahs7', '.eJxVj81ugzAQhF-l8pkQG2OwOeaeZ0Br71JIiIn80x9VffcalUtOu9qZ-VbzwxLM2bOh4U1bsRFymsccKYwLsoEJ9nKz4O7kdwFv4N-32m0-hcXWu6U-1FhfN6T1cnhfADPEuaQ5kUalOYfJWG50y5U1k-msRonUIwgtJDgnOyMUckRFxvTNpHsj25Ip0CWOMT8p7Fg2pJCpYjfAT1hLl4qtENMILi0fS_ouH_d6J65PvH8TemjaQaq6l60SXWG5HAL5VID2QT7_V5dNUTx9pbKfEfyd1mPM24PO7PcPfGhkmw:1sbemR:lxOEC3OUE7WV37tO9-lmtiRIbQFRiBcBLpKg7V3tmCM', '2024-08-07 11:29:35.819166'),('y6sl7g60o1je5carx8qfirx7rppzz2ho', '.eJxVj8luwzAMRH-l0Nlx6FWSj7nnGwxKpGsnjhxo6YKi_14Z9SUnEpyZR8yPiDgnJ4Ya6rYQI6Y4jymwHxcSg6jEy82gvbPbBbqhe99Ku7noF1PulvJQQ3ndiNfL4X0BzBjmnAZmRZ0CwEkb0KqFzuhJ90ZRQywJK1U1aG3T66ojIOpYa1lPSuqmzZkMXcIY0pP9jhVD9IkLcUP6xDV3KcSKIY5o4_KxxO_8ca93AnUC-VbpAboB6lL1UirILJu8Zxcz0DzYpf_qTZ0Vx18x72dCd-f1GPP24LP4_QN9SWSf:1sbfPa:ujwF_8fMqi1G7CtEeC-zXjLSDzZj5zNDQ20ZnOLzDCg', '2024-08-07 12:10:02.967962'),('m31yxgmxdmhzojqp7vh72ah41oavdbq5', '.eJxVj8luwzAMRH-l0NlxtFix5GPv_QaDEunaiSMHWrqg6L9XRn3JiQRn5hHzwzLMJbBBctk1bISS57EkiuOCbGCCPd0c-BuFXcArhPet9VvIcXHtbmkPNbVvG9L6enifADOkuaY5kUFtOIfJOm5Nx7Wzk704gwqpRxBGKPBeXazQyBE1WdvLyfRWdTVToUsaU3lQ3LFsyLFQw66An7DWLg1bIeURfF4-lvxdP-71TtyceP8i7KD1IGQrlbTqUlm-xEghV6C7Uyj_1ZWsSqCvXPczQrjReox5u9OZ_f4BfCxkmg:1sbgC8:2Y6eJwBWR-vENJ9ZRTxyivymuyIDtsl9A6joc7f9P_4', '2024-08-07 13:00:12.310278'),('uwbi4trj3dkgei536sitzvrkdb1eflsx', '.eJxVj81uhDAMhF-lypllTQJLwrH3PgNyYlPYZcMqP_1R1XdvULnsyZZn5rPmRyScsxeDBNlWYsSc5jFHDuNCYhCNeLpZdDf2u0BX9O9b7TafwmLr3VIfaqzfNuL19fA-AWaMc0kDs6ZOA-BkLBjdQmfNZC5WkyLuCRvdKHROXUzTERB1bEwvJ90b1ZZMgS5xjPnBYceKIYXMlbgifeJaulRixZhGdGn5WNJ3-bjXO4E-Qf8iYQA1QFcbkBepCsvlENinArR39vm_upJF8fyVyn4m9DdejzFvdz6L3z9392SK:1sbgJm:YA3HmkhkAoaGQf7nwugqy072_UBvDT0Lu0Dk7ZsRUL8', '2024-08-07 13:08:06.022773'),('czfeqr2rfkfhl14emuba8g30d5eusrbc', '.eJxVj81ugzAQhF-l8pkQGzC2OeaeZ0Br71JIiIn80x9VffcalUtOu9qZ-VbzwxLM2bOh4U1XsRFymsccKYwLsoEJ9nKz4O7kdwFv4N-32m0-hcXWu6U-1FhfN6T1cnhfADPEuaQ5kUapOYfJWG50x6U1k-mtxhZJIQgtWnCu7Y2QyBElGaOaSSvTdiVToEscY35S2LFsSCFTxW6An7CWLhVbIaYRXFo-lvRdPu71TlyfuHpr-CDMIFUtpeplU1guh0A-FaB9kM__1dtd8fSVyn5G8HdajzFvDzqz3z99gmSg:1sbga5:tJ3Jll-cyIP7GUqGqk8NorY9X0VuHhmAHXMW3hC-LqQ', '2024-08-07 13:24:57.797552'),('5ai9avo3e5rwkeh0j6qal7zh65letfy2', '.eJxVj0tuwzAMRK9SaO0osmRHkpfd9wwGJdK1E0cO9OkHRe9eGfUmKxKcmUfMD8swl8AGKWTXsBFKnseSKI4LsoG17OnmwN8o7AJeIbxv3G8hx8Xx3cIPNfG3DWl9PbxPgBnSXNOCyGBvhIDJOmFNJ3pnJ3txBhWSRmhNq8B7dbFtjwKxJ2u1nIy2qquZCl3SmMqD4o5lQ46FGnYF_IS1dmnYCimP4PPyseTv-nGvdxLmJPSLFINSg5RcSa2sqixfYqSQK9DdKZT_6kpWJdBXrvsZIdxoPca83enMfv8AeaNkkQ:1sbgn4:mUPDotz40dXg8bKDpSEBxmsoppMSIDVaQgUKSkZ8fK8', '2024-08-07 13:38:22.444461'),('jdjw59xlddj0zpxia1g9amst8j26rwir', '.eJxVj8luwzAMRH-l0NlxtHiRfMw932BQIl07ceRASxcU_ffKqC85keDMPGJ-WII5ezZILpuKjZDTPOZIYVyQDUywl5sFdye_C3gD_77VbvMpLLbeLfWhxvq6Ia2Xw_sCmCHOJc2JNLaac5iM5UY3vLVmMp3VqJB6BKGFAudUZ0SLHLElY3o56d6opmQKdIljzE8KO5YNKWSq2A3wE9bSpWIrxDSCS8vHkr7Lx73eiesT798kH5QeWllLIZu-KyyXQyCfCtA-yOf_6koWxdNXKvsZwd9pPca8PejMfv8AeoNklA:1sbgsO:umKo2CPh2TU3p4mIDwYAAjMqUF7V7xPmjX0DOg56XF8', '2024-08-07 13:43:52.243212'),('e80b787ojkbk53u9glwxtwtd5wvlcdwe', '.eJxVj81ugzAQhF-l8pkQG2OwOeaeZ0Br71JIiIn80x9VffcalUtOu9qZ-VbzwxLM2bOh4U1bsRFymsccKYwLsoEJ9nKz4O7kdwFv4N-32m0-hcXWu6U-1FhfN6T1cnhfADPEuaQ5kUalOYfJWG50y5U1k-msRonUIwgtJDgnOyMUckRFxvTNpHsj25Ip0CWOMT8p7Fg2pJCpYjfAT1hLl4qtENMILi0fS_ouH_d6J65PvH9r-NB2g9R12wuldpbLIZBPBWgf5PN_ddkUxdNXKvsZwd9pPca8PejMfv8AfWtkoA:1sbgzu:YDTIeLnWvy-kCLfFwAkcD6hnA2m2WRHc0xunKj3n870', '2024-08-07 13:51:38.578607'),('u6pob2830jsxuw5p2pcyvfcxa6rr2k3a', '.eJxVj8luwzAMRH-l0NlxZMmL5GPu-QaBEunaiSMHWrqg6L9XRn3JiQRn5hHzwxLM2bNRcNFWzEBOs8mRglmQjaxhLzcL7k5-F_AG_n2r3eZTWGy9W-pDjfV1Q1ovh_cFMEOcS5oTKewU5zBpy7VqeWf1pHurUCINCI1qJDgne910yBE70noQkxq0bEumQJdoYn5S2LFsTCFTxW6An7CWLhVbISYDLi0fS_ouH_d6J65OfHgTzcj7sR1qJUSv-sJyOQTyqQDtg3z-ry5FUTx9pbKfEfyd1mPM24PO7PcPfOFkng:1sbhJP:WFpKG4bDzmKn6R5uoGjoBpH0ed1bk1fsBgzFBR31bfg', '2024-08-07 14:11:47.901215'),('snxt3y4355lusz13zn4qmqs88hut9qj9', '.eJxVj8luxCAQRH8l4uzxgPECPuaeb0AN3Y6ZcXDEkkVR_j1Y8WVO3eqqeq36YRnWEtjc8a5vmIGSV1MSReORzUywh5sFd6dwCHiD8Lq3bg85etselvZUU_uyI23Pp_cBsEJaa5oTKRwU57Boy7Xq-WD1okerUCJNCEIJCc7JUYsBOeJAWk_doiYt-5qpUJ9MKu8UDyybcyzUsBvgJ2y1S8M2SNmAy_7D5-_68ah34erCp6dOzGKa-dgOWvfjWFmuxEghV6B9o1D-q8uuKoG-ct2vCOFO2zk2n_KV_f4BfiVktQ:1sbhTO:iQMQbo1mezkauHkV57GypWBHUWMqD0IcL-f4qeUW4Kw', '2024-08-07 14:22:06.708363'),('i6il4sce3084pdyv9fw81bh8q3eu2emi', '.eJxVj8luwzAMRH-l0NlxtNiR5GPv_QaDEunaiSMHWrqg6L9XRn3JiQRn5hHzwzLMJbBBctk1bISS57EkiuOCbGCCPd0c-BuFXcArhPet9VvIcXHtbmkPNbVvG9L6enifADOkuaY5kcHecA6TddyajvfOTvbiDCokjSCMUOC9uljRI0fsyVotJ6Ot6mqmQpc0pvKguGPZkGOhhl0BP2GtXRq2Qsoj-Lx8LPm7ftzrnbg5cf0ixSDtoHhruNRSV5YvMVLIFejuFMp_dSWrEugr1_2MEG60HmPe7nRmv396xmSV:1sbhfO:YQ7oHRARPnG12o77Ajk4IWHA5t1NtgROSrn5v2VXr4g', '2024-08-07 14:34:30.856587'),('ltd4jm20irokh6gbh6tkuurxuibrfkjm', '.eJxVj8luwzAMRH-l0NlxaMmL5GPv_QaDEpnaiSMHWrqg6L9XRn3JiQRn5hHzIxLO2YtRgmwrMWFO85Qjh2khMYpGPN0suhv7XaAr-vetdptPYbH1bqkPNdZvG_H6enifADPGuaSBWVOnAfBiLBjdQmfNxfRWkyIeCBvdKHRO9abpCIg6NmaQFz0Y1ZZMgS5xivnBYceKMYXMlbgifeJaulRixZgmdGn5WNJ3-bjXO4E-wfAim7GFEVTdGSP7vrBcDoF9KkB7Z5__qytZFM9fqexnQn_j9Rjzduez-P0De4tkmQ:1sbhpb:Kpo4r-dp9p801PPetG1SfYCbUYM0Sej7s82tfn6Xcx8', '2024-08-07 14:45:03.664354'),('9xiqazjmmoey9robs0affg24b0ut7u8p', '.eJxVj81uhSAQhV-lmbWXDCIKLLvvM5CBwcqt0UagTdP03avJ3dzt-flOzi9UWtoGrsd-6MBTq4tvJR0-MziQ8KQFih9puwy-0_a-i7hv9chBXBHxcIt42zmtr4_sE2ChspxtTMmwNog024DWDKiDne0YDCtOE5M0UlGMarRSMzLrZO3Uz2ayajg7JzQXX9pnOi4suHq01MGd-JtWcLKDlUr1FGv-yvXnXLzu3dDccHrppdPW4SAmhbIf4e8f1qRR8A:1sbi80:zGZNKjDePPpYwbLTtnc2Wc-ZmSsrWy_K-gPyhnk0Jls', '2024-08-07 15:04:04.767454'),('3e538x3hcoxywb3qxhn3xqo97zjuvpee', 'eyJ0YWh1biI6MjAyNH0:1sbiHj:_KoAr7VXfJCRpuA-mBwdvTcmiy3ehX1zK_P1lrowYLc', '2024-08-07 15:14:07.551601'),('igttl75zfbv5i4tbjizuav64aqhit5pb', '.eJxVj8tuhDAMRX-lypoyCQRIsuy-34Cc2JTMMKHKow9V_fcGlc1Ilmz5Xh_r_rAMawnMdLyTDZuh5HUuieLskRkm2MPOgrtROAS8QnjbW7eHHL1tD0t7qql93ZG2l9P7AFghrfWaEykcFOewaMu1knywetGjVdgjTQhCiR6c60ctBuSIA2k9dYuadC_rTYX6NKfyTvHAMpNjoYZdAT9hY0Y0bIOUZ3DZf_j8XT8e8Z65qvXElZGTEarVQgo5VpYrMVLIFWjvFMp_9L6rSqCvXOcLQrjRdrbNp3xhv399rmSy:1sbsFL:9-qCs5GKWRuTN8i0aCNTKTOLjQ4rkl8aNTWb8tXSlyE', '2024-08-08 01:52:19.059125'),('ea20sj8rnxna07qa27cihdzvvbvrxl7f', '.eJyFkN1OwzAMhV8F5YKr0SVpQ5NKFRL3PEPlNi7NFtIqSfkR4t1Ju3ExVoQUKZaPfT7bnyTCMDtSccqLHWlgjkMzB_SN0aQijFzkWuiO6BZBH8A9j1k3uuhNmy0l2VkN2dOo0T6eay8MBghD6qaIUgtJKfSqpUoWVLSqV_et1LnGUgOTLIeuy-8VE5pqLVCpkveyVHmRepKpCU2YJ_SLLamin3FHDqDfwJKK7YiFEBvoonk18SMRl_XuqEzvhqqK55WgGeNlIXny6mbv0cVk2L6gm0-ryyQ4fI8p3GtwR7R7C9PowfXGRvT7B49gTYBgTnKzXrJeSLe_pfRBzcRVPrXAVLOrfJpknHRdLtNtYs4rbcgLKp1AbDbCtF5nG0eqkl9pIcX_INeSE7aQfxpso1f1B8-4-PoGF9zg_g:1sbsog:53l8R4_Ue8KRv5uTqMgAqxsBoSHAK86V1ScMZod366Y', '2024-08-08 02:28:50.171467'),('d9zxcrof6ytag4nvhjixu11jaznmw8my', '.eJxtUd9rgzAQ_ldKnjNr1Bj1sa9jMNjjGHKas6a1sSSm2xj733e2dqOsEEi478fdffliE_TBsiqJk4yzGsLU18Gjq41mFcvYTa2Bdo92BvQO7HaM2tFOzjTRTIkW1EdPo8Zhs3BvDHrwPalVoYTKEuyU7oo01XGXlbmIZZ7rXKVKZ7rTOkUsuzLOYyg7kRSplJ0kMBbYkqnxtQ9HdLMtqzoYPHJ27mHhANRjj0Nw0IMVxPahGY_z3I_X6mpj7A7M6gVdQ6uAnT31lacKzgY84UCSZ7TbbbBwsTmgDZ5Vr4KnPOeKFzxN3jjbgX4HYiekAz_V0E7mZKZP0s_JPsQFnVVcVlJWiYiEpLXncNvgHNqpXpwvqSsCLH5M9FxrsLTJ2iEMxoM3_XjANeG_hQuhXr7x3O0OTBeFIuRdIRwJ-o_8hfH9A9dwtBQ:1sbtJB:7MZqVOHZvERA1ygqQ2intsTm9TcS0n6IZ2saPqJOXao', '2024-08-08 03:00:21.285387'),('3zhtdqk6r209r4urhld3jte70hemqt6l', '.eJxVj0tuwzAMRK9SaO04ki3Hkpbd5wwGJdK1Ekcu9OkHRe9eGfUmAAESnOEj5odlWEpgpuOdbNgEJS9TSRQnj8wwwZ52Ftydwi7gDcLb1rot5Ohtu1vaQ03tdUNaXw_vE2CBtNRrTqRwUJzDrC3XSvLB6llfrMIeaUQQSvTgXH_RYkCOOJDWYzerUfey3lSoT1Mq7xR3LDM5FmrYDfATVmZEw1ZIeQKX_YfP3_XjHu_EVa0XwY2QRqqWSyF0V1muxEghV6B9UCj_0ftdCfSV63xGCHdaj7b6lM_s9w949GSg:1sbtc0:TAMsrt3z1wlWpn2B8DMBRDWsyJtrUNsSOm3LF1vxiuE', '2024-08-08 03:19:48.183141'),('qpq9b72gc6mtfpi48euk154d1wvvf7iy', '.eJxtkc1qwzAQhF8l6Kw6kv9k-5hrKRR6LMWsrVWsxJGDZaUtpe_edeK0hAYEEvvNzEqrLzZBFxyrYhGnnNUQpq4OHsfaalaxlN3UGmj36Gagd-C2Q9QObhptE82SaKE-eho09ptFexPQge_IrQolVRqjUdoUSaKFSctciizPda4SpVNttE4QS1OKXEBpZFwkWWYygkJiS6HW1z4ccZxjWWWg98jZuYeDA1CPPfZhhA6cJLUPzXCc7_14ra421u3Arl5wbOgp4OZMfdWpgrMeT9iT5RnddhscXGIO6IJn1avkCc-54gVP4jfOdqDfgdQx-cBPNbSTPdnpk_zzZB9EQWslRZUVlSwiGZdJLiixDeOIbqqX5MvUFQGHHxMd1xocvWQ9IvTWg7fdcMA18d_CRVAv33judgfTRkOR2V0jHAn9J3_D-P4B1fS0Eg:1sbuI6:slE4RZ-19TRBBbLnU7E2BySfpibfVxmDUSajr2F86Ik', '2024-08-08 04:03:18.169660'),('puqe8b9rx6zzjtyijapn2baioq450pyi', '.eJxVkMtugzAQRX8l8tolNgYMLLOtKlXqsqrQgIfghJjIj7RV1X_v0CSLSF5Yc-898_hhEabkWJuLvOCsgxSnLgX0nTWsZQV7qPUwHNGtgjmA2y_ZsLjobZ-tluymhuxlMTjvbt4HwARhorSutdRFjqM2Y62UEWPRVFKUVWUqrbQpzGiMQmzGRlQCmlHmtSrLsSRRSBwIakMX0hn9imXtCHNAzv57ODgB9TjinDxM4CS5Q-qX8zr387262Vl3ALt5Q9_TKuBWprn7dM3ZjBecKfKKbr9PDq6YE7oUWPsuueIV17zmKv_g7ADmE8idUw5C7GCI9mLjN-XXyz6Jmt5GylbmrRSZov2FIuKQvEcXuxv5enVNgsOvSN-tAUebbD3CbAMEOy0n3LLfP0TMjMw:1sbuVW:Fty7-DifVccUQK-SuI58FmrME1VUQyfMjGnjVQmLPNY', '2024-08-08 04:17:10.476309'),('z03sdx8vtwyyuhxli5xw8u8prstix4jv', '.eJxlUd1rgzAQ_1dKHvaUucSvqCCDvo7BYI9jyGnOmtbGYky3Mfa_72ztQ1sIJPl9Xe7yyybovGVFKMKYswr81FXe4VgZzQoWsyushmaHdib0FuxmCJrBTqOpg1kSLKwLXgeN_XrRXgV04Dpyq0xJFYfYKt1mUaRFG-epFEma6lRFSse61TpCzNtcpALyVoZZlCRtQqSQ2FCocZXzBxznWFa00Dvk7FTDwh6oxg57P0IHVpLa-Xo4zO9-uaCrtbFbMKt3HGtqBeycqS86lXHW4xF7sryh3Wy8hXPMHq13rPiQPOIpVzzjUfjJ2Rb0F5A6JB-4qYJmMkcz_ZB_nuyjyGitpCzCuEjCQCQyEzklNn4c0U7VknyeuiLC4vdExycNljp5GhF648CZ5f58A1SnbyznWg-3FG1QyuQOJwscSnmHn4dQqoz9_QPiiLOL:1sbuho:qMOxrNF8EFFd18LdbonaTsEivPyzM4gdYh26bAkDN70', '2024-08-08 04:29:52.158179'),('srewnmvfpretpq7xjjdfhnzq0zwpbarp', '.eJxlUVtrgzAU_islD3vKnPEWFWTQ1zEY7HEMOZqTmtbGYky3Mfbfd2ztQ1sIJH63Y778sgk6b1kZhVHCWQ1-6mrvcKyNYiVL2BXWQLtDOxNqC3YzBO1gp9E0wSwJFtYFr4PCfr1orwI6cB25ZS6FTCLUUuk8jlWokyITYZplKpOxVInSSsWIhS7CLIRCiyiP01SnRIYCWwo1rnb-gOMcy0oNvUPOTjMs7IFm7LD3I3RgBamdb4bD_N8vF3S1NnYLZvWOY0NXATtnqotO5pz1eMSeLG9oNxtv4RyzR-sdKz8Ej3nGJc95HH1ytgX1BaSOyAduqqGdzNFMP-Sfm30Mc1orIco0o6qDQgpRzOW2fhzRTvWSfG5dEmHxe6LjkwJLN3kaEXrjwJnl-_kGqE_PWM2zHm4p2qAS6R1OFjhU4g4_l1DJnP39A-ffs5M:1sbvCH:a2Ae8H5txFi5UKTrqBEVF_TRiJF4ETH56FlwCTKYWhs', '2024-08-08 05:01:21.071447'),('enih6f8hehb1ujxnhnyvvw7f8mv1y7ew', '.eJxlUV9rgzAQ_yolD3vKnDHGqFAGfR2DwR7HkNOcNa1NizHdxth339nah7YQSPL7d7nLLxuhC46VSZyknFUQxq4KHofKGlaylF1hNTRbdBNhNuDW-6jZu3GwdTRJopn10eveYL-atVcBHfiO3DrXQqcJttq0uZQmbtMiE7HKMpNpqU1qWmMkYtEWcRZD0Yokl0q1ishYYEOh1lc-HHCYYlnZQu-Rs1MNBzugGlvswwAdOEFqH-r9YXr3ywVdrKzbgF2841BTK-CmTHPR6ZyzHo_Yk-UN3XodHJxjduiCZ-WH4JJnXPOcy-STsw2YLyB1Qj7wYwXNaI92_CH_NNnHOKe1EEmZyFJlkcqUkooSmzAM6MZqTj5PXRPh8Huk45MBR508DQi99eDtfH--AarTNy6nWg-3FG2wFOoOJwscluIOPw9hqXP29w_pK7OV:1sbvcy:x3ZbaZgpsablvxgED7SXnkjVggcKNGYVkkHdhSj6W7g', '2024-08-08 05:28:56.591607'),('fdp9oalc5urgus7tcdmtbgslck3tv4b2', '.eJxVkMtOwzAQRX-l8tqkeTh2kmW3CAmJJULRJB43blOn8qOAEP_OhLaLSl7Yc-8945kfFmFKjnVlXgrOekhx6lNA31vNOibYQ22A8YhuFfQB3H7JxsVFb4dstWQ3NWQvi8Z5d_M-ACYIE6VVowolSjRKm6aqdG5EK4u8llJLVSkttNG6QmxNm8scWlOUTVXXpiYxL3AkqA19SGf0K5Z1BuaAnP33cHAC6nHEOXmYwBXkDmlYzuu_n-_Vzc66A9jNG_qBRgG3MvXdpxrOZrzgTJFXdPt9cnDFnNClwLr3gldccsUbXpUfnB1AfwK5S8pBiD2M0V5s_Kb8utmnvKGzKcpOiE7IrFaShiXimLxHF_sb-bp1RYLDr0jXrQZHk2w9wmwDBHt7s98_Z7yNrw:1sbvx8:cf0G7ppTwyb-JzY_9Edte_wXx0s6zSn70KrcERQI6K4', '2024-08-08 05:49:46.675587'),('oce7n6x4fhrdz4qi4l822n9uma33temc', '.eJxlUV9rgzAQ_yolD3vKXGLUqFAGfR2DwR7HkNOcNa1NizHdxth339nah7YQSPL7d7nLLxuhC46VsYgTzioIY1cFj0NlDStZwq6wGpotuokwG3DrfdTs3TjYOpok0cz66HVvsF_N2quADnxHbp1rqZMYW23aXCkj2qTIpEizzGRaaZOY1hiFWLSFyAQUrYxzlaZtSqSQ2FCo9ZUPBxymWFa20Hvk7FTDwQ6oxhb7MEAHTpLah3p_mN79ckEXK-s2YBfvONTUCrgp01x0OuesxyP2ZHlDt14HB-eYHbrgWfkhueIZ1zznKv7kbAPmC0gdkw_8WEEz2qMdf8g_TfZR5LQWUpVC06ijWEslBCU2YRjQjdWcfJ66JsLh90jHJwOOOnkaEHrrwdv5_nwDVKdvXE61Hm4p2mAp0zucLHBYyjv8PISlztnfP9ros38:1sbwIy:F2o9ZtageuLyb6JbXcHdVIPCb2VixirE3GCQrbGfVMU', '2024-08-08 06:12:20.579072'),('ruoevf3yultlarjm1i143204ninp821u', '.eJxlUV9rgzAQ_yolD3vKnDFqVJBBX8dgsMcx5DRnTWtjMabbGPvuO1v70BYCSX7_Lnf5ZRN03rIiCqOYswr81FXe4VgZzQoWsyushmaHdib0FuxmCJrBTqOpg1kSLKwLXgeN_XrRXgV04Dpyq0wJFUfYKt1mUuqwjfNUhEma6lRJpWPdai0R8zYP0xDyVkSZTJI2ITIU2FCocZXzBxznWFa00Dvk7FTDwh6oxg57P0IHVpDa-Xo4zO9-uaCrtbFbMKt3HGtqBeycqS86lXHW4xF7sryh3Wy8hXPMHq13rPgQXPKUK55xGX1ytgX9BaSOyAduqqCZzNFMP-SfJ_sYZrRWQhZRXogkyHIVhZISGz-OaKdqST5PXRFh8Xui45MGS508jQi9ceDMcn--AarTN5ZzrYdbijYoRXKHkwUOpbjDz0MoVcb-_gHqq7OX:1sbweC:Li45S0TDzfeSYFWY65Vv847ERHZZ0Gt6SDFNylg5ndE', '2024-08-08 06:34:16.023905'),('ipq4sh177le4wq9yt0dxyaw6gvwlre90', '.eJxtkV9rgzAUxb9KyXNm1ahRH_s6BoM9jiFXc61pbZT86TbGvvuurWWUDQKG_M4515x8MQ9DMKxO4zTjrIHghyY4tI1WrGYZuztroTuiWYA6gNlPUTcZb3UbLZJopS56mhSOu1V7FzCAG8gtS5nILMVeqr4UQsV9VhVJnBeFKqSQKlO9UgKx6qu4iKHqk7QUed7nBOMEOwrVrnFhRrvEsrqH0SFnlxkGTkAzjjgGCwOYhNQutNO8_Pfj7XSz0-YAevOCtqWrgFky1U0nS85GPONIlmc0-30wcI05oQmO1a8JF7zgkpdcpG-cHUC9A6lT8oHzDXRen7X_JP_S7ENc0tokos5FnVaRkHkslnK7YC0a36zJ19ZLAgY_PG23CgzdZDvCPFkwo3Z-S9Qi0BacvuJmfcTLrH8wfaiSJP_XCDOhv-S3iu8fa5CzVw:1sbx1d:czTpOeiMf0FwLLgG65aaLE2VdBndNHRElsqWqXg6DQc', '2024-08-08 06:58:29.598644'),('e0nlsrqnxnsypq3hvgkn4y6rl3w35ghd', '.eJxtUd9rgzAQ_ldKnjNrjBr1sa9jMNjjGHI1Z01ro5ik2xj733e2dqOsEEi478fdffliHrpgWZXEScpZDcF3dXA41UaziqXspraF5oB2BvQe7G6ImsH6yWyjmRItqIueBo39ZuHeGHTgOlKrQgmVJtgq3RZS6rhNy1zEWZ7rXEmlU91qLRHLtozzGMpWJIXMsjYjMBbYkKlxtQsjTrMtq1roHXJ27mHhCNTjgH2YoAMriO3CdhjnuR-v1dXG2D2Y1QtOW1oF7OyprzxVcNbjCXuSPKPd7YKFi80RbXCsehVc8pwrXnCZvHG2B_0OxE5IB87X0HhzMv6T9HOyD3FBZyXSKpVVpqI8k4UoybEJ04TW14vzJXVFgMUPT8-1BkubrCeE3jhwJowaPK4zovzWLpx6-clzwzswXZSLyO4KYSToP_KXx_cP_ba1LQ:1sbxoT:09xlMeMXAIm93zsNpeNt8Sejbdn3G_7KNdhPb7aX1s0', '2024-08-08 07:48:57.782116'),('zeury5p8isf4fgha5n5zvd6g2q11r2bh', 'eyJ0YWh1biI6MjAyNH0:1sbyfQ:YVw8Xuwc1vw1dHsauQ6KP4nqvxPIe7cZxano9Ac587Q', '2024-08-08 08:43:40.845674'),('xl45lchq1t5i7reuuc70wbwwhml25y7b', '.eJxlUV9rgzAQ_yolD3vKXGLUqFAGfR2DwR7HkNOcNa1NizHdxth339nah7YQSPL7d7nLLxuhC46VsYgTzioIY1cFj0NlDStZwq6wGpotuokwG3DrfdTs3TjYOpok0cz66HVvsF_N2quADnxHbp1rqZMYW23aXCkj2qTIpEizzGRaaZOY1hiFWLSFyAQUrYxzlaZtSqSQ2FCo9ZUPBxymWFa20Hvk7FTDwQ6oxhb7MEAHTpLah3p_mN79ckEXK-s2YBfvONTUCrgp01x0OuesxyP2ZHlDt14HB-eYHbrgWfkhueIZ1zznKv7kbAPmC0gdkw_8WEEz2qMdf8g_TfZR5LQWMitFXgoVJYlQaUGJTRgGdGM1J5-nrolw-D3S8cmAo06eBoTeevB2vj_fANXpG5dTrYdbijZYyvQOJwsclvIOPw9hqXP29w_l8bOQ:1sbz7r:S6tOqIRCgASyJ71rzQq20JLCjpb2T5Tpw9UkF4YWuv8', '2024-08-08 09:13:03.627298'),('pa1akhv7hlimtu5itqdbaop9abdcheni', '.eJxVkM1uwyAQhF8l4kwdY2ywfcy1qlSpx6qy1maJSRwc8ZO2qvruhSY5RNoD2pn5lt0fEmCOlvRVWdWUDBDDPESPbjCK9KQmD70RpiPaLKgD2P1aTKsNzoxFthQ31Rcvq8Jld_M-AGbwc0rLVjJZV6il0i3nqtR1J1jZCKGE5FLVSivFETvdlaKETrOq5U2jmySWDKcENX7w8YwuY0mvYfFIyf8MCydIM464RAczWJbcPo7rOf_7-d7d7Iw9gNm8oRvTKmAzU919sqVkwQsuKfKKdr-PFq6YE9roSf_OKKeCStpSXn1QcgD1CcldpRz4MMAUzMWE75TPl30q21QbJvpcXdE2HWf5uFN0Dm0YbuTr1WUSLH6F9NwqsGmTrUNYjAdv5vWEW_L7B0vqjOc:1sbzFr:L-pIeuuBp-Bq3TU_uEKAn-xeSkqKCwR4r8zcHor6-48', '2024-08-08 09:21:19.937089'),('lh3s43tpv49hijizguzocma51dmqo4be', '.eJxtUd9rgzAQ_ldKnjNrjBr1sa9jMNjjGHKas6a1sZik2xj733e2dqOsEJJw34_LffliHvpgWZXEScpZDcH3dXA41UaziqXsptZAu0c7A3oHdjtG7Wj9ZJpopkQL6qKnUeOwWbg3Bj24ntSqUEKlCXZKd4WUOu7SMhdxluc6V1LpVHdaS8SyK-M8hrITSSGzrMsIjAW2ZGpc7cIRp9mWVR0MDjk797BwAOqxxyFM0IMVxHahGY_zux-v1dXG2B2Y1QtODY0CdvbUV54qOBvwhANJntFut8HCxeaANjhWvQouec4VL7hM3jjbgX4HYiekA-draL05Gf9J-jnZh7igtRJ5JWWViYjmkCojxzZME1pfL86X1BUBFj88XdcaLE2ynhAG48AZ2v2a8N_ChVAv33judgemg0IR2V0hHAn6j_yF8f0D40K0LA:1sbzWp:1OF_AhA1ER-9IwLYvY_rW_D1hzeVu0cEjyFGzPlUtdc', '2024-08-08 09:38:51.765749'),('ekqpht0q54q61kjdjzfj170dbke7u6ls', '.eJxtUdtqwzAM_ZXiZy91LraTPPZ1DAZ7HCOosdK4TZ0Qx93G2L9PadONsoLBRuci6fiLTdAGx8pEJBlnFYSprYLHsbKGlSxjN7Ut1Ad0M2D24HZ9VPduGu02minRgvroqTfYbRbujUELviW1znWsswQbbZo8TY1oskLFQipllE61yUxjTIpYNIVQAoomTvJUykYSKGKsydT6yocBx9mWlQ10Hjk793BwBOpxwC6M0IKLie3Dth_muR-v1dXGuj3Y1QuOW1oF3Oxprjydc9bhCTuSPKPb7YKDi80RXfCsfI15yhXXPOdp8sbZHsw7EDshHfipgnqyJzt9kn5O9kHkdFaxKjNVShHJXKpkDrcO44huqhbnS-qaAIcfEz3XBhxtsh4ROuvBW2-PA7g1MX5LF0q1fOS53x2YLoollneFMBD0H_mL4_sHWJS0-Q:1sbzjO:5jlhOQlfXcUZLJvjBXU3p1OwyTNhGFT7tsFKUSujahQ', '2024-08-08 09:51:50.681024'),('8k8grwxmpp7k4fdqgzri7aqi055qukok', '.eJxVkMtuwyAQRX_FYk0tHjbYLLOtKlXqsqqssRliHAdHxqSqqv57cZssIrGae-4Z4JtsMKZAjGCioqSDtI1dirh23hJDKvIw62E4YdgDO0E4LuWwhG31fbkj5S2N5cticT7c2AfBCHHMbd1oriuBTlvXSGmZq1rFWa2UVVpqW1lnrURsXcsUg9Zx0ci6dnUOGcchS33sYrrgumuJcTBHpORvR4Az5B0nnNMKIwSe6Zj65bLf-_k-LQ4-TOCLN1z7_BQIu9PeOd1QMuMV51x5xXA8pgD_mjOGFIl551RSRTVtqBQflExgPyHTIvcgbh0Mm7_67Sv39599Yk0-BdeGKcNlqZWohCI_vxrNeR0:1sc029:xIxoKOps8l1v8thtrG7cBWiXsn4RexiKfgqmnupoPF0', '2024-08-08 10:11:13.878215'),('hvrm7lx15trlz2arwvcbtc4lcisly2y6', '.eJxtUd9rgzAQ_ldKnjNrjBr1sa9jMNjjGHKas6a1sZik2xj733e2dqOsEJJw34_LffliHvpgWZXEScpZDcH3dXA41UaziqXsptZAu0c7A3oHdjtG7Wj9ZJpopkQL6qKnUeOwWbg3Bj24ntSqUEKlCXZKd4WUOu7SMhdxluc6V1LpVHdaS8SyK-M8hrITSSGzrMsIjAW2ZGpc7cIRp9mWVR0MDjk797BwAOqxxyFM0IMVxHahGY_zux-v1dXG2B2Y1QtODY0CdvbUV54qOBvwhANJntFut8HCxeaANjhWvQouec4VL7hM3jjbgX4HYiekA-draL05Gf9J-jnZh7igtRKqklmVxZHMkzzJyLEN04TW14vzJXVFgMUPT9e1BkuTrCeEwThwhna_Jvy3cCHUyzeeu92B6aBQRHZXCEeC_iN_YXz_AN9EtCY:1sc0Uo:xlJ-o6DiHG6LJr_3rX23_pgSFw7zDSGI95Z7_WxZrvY', '2024-08-08 10:40:50.414952'),('be17k7to34w7tjpp5cyorjy2ucj0dwdp', '.eJxtUVtrwyAU_ivFZ5dqbiZ57OsYDPY4RjiJJ41takrUbmPsv--kTTfKCqJyvss5fn4xD32wrIpFnHJWQ_B9HRxOtdGsYim7qTXQ7tHOgN6B3Y5RO1o_mSaaKdGCuuhp1DhsFu6NQQ-uJ7UqlFRpjJ3SXZEkWnRpmUuR5bnOVaJ0qjutE8SyK0UuoOxkXCRZ1mUECoktmRpXu3DEabZlVQeDQ87OPSwcgHrscQgT9GAlsV1oxuM89-O1utoYuwOzesGpoaeAnT31lacKzgY84UCSZ7TbbbBwsTmgDY5Vr5InPOeKFzyJ3zjbgX4HYsekA-draL05Gf9J-jnZB1HQWklVZaISMkqpKOfB2jBNaH29OF9SVwRY_PB0XWuw9JL1hDAYB87Q7teE_xYuhHr5xnO3OzAdFIrM7grhSNB_5C-M7x_Q5rQR:1sc0iX:8GR_4n5OH2amJQRiyi73bMIgoW0RcUKQONGU9GOzScw', '2024-08-08 10:55:01.448728'),('dgteeqafjytfoq2aa1lruz5a2epxgllv', '.eJxtUd9rgzAQ_ldKnjNrjBr1sa9jMNjjGHKas6a1sZik2xj733e2dqOsEJJw34_LffliHvpgWZXEScpZDcH3dXA41UaziqXsptZAu0c7A3oHdjtG7Wj9ZJpopkQL6qKnUeOwWbg3Bj24ntSqUEKlCXZKd4WUOu7SMhdxluc6V1LpVHdaS8SyK-M8hrITSSGzrMsIjAW2ZGpc7cIRp9mWVR0MDjk797BwAOqxxyFM0IMVxHahGY_zux-v1dXG2B2Y1QtODY0CdvbUV54qOBvwhANJntFut8HCxeaANjhWvQouec4VL7hM3jjbgX4HYiekA-draL05Gf9J-jnZh7igtRKqyvJKJFEppUokObZhmtD6enG-pK4IsPjh6brWYGmS9YQwGAfO0O7XhP8WLoR6-cZztzswHRSKyO4K4UjQf-QvjO8f4hW0Kg:1sc0oW:xrR0rvt3SO1AsEIzOPr3UB2QjnvoE82Co_NbMqCDOcs', '2024-08-08 11:01:12.977975'),('1df3ptoo994pz872ivga9oeuz7hi363p', '.eJxtkc1qwzAQhF8l6Kw6lmVbto-5lkKhx1LMxlrHShw56CdtKX33rhOHEloQSOzMfNKuvliAIVrWZGmWc9ZCDEMbPbrWaNawnN3VttAd0M6C3oPdTUk32eDMNpktyaL65GnSOG4W7x1gAD9QWlVKqDzDXum-klKnfV6XIi3KUpdKKp3rXmuJWPd1WqZQ9yKrZFH0BYmpwI6gxrc-ntDNWNb0MHrk7HKHhSPQHQcco4MBrCC3j9vpNL_78VZdbYzdg1m9oNtSK2Bnpr75VMXZiGccKfKMdreLFq6YI9roWfMquOQlV7ziMnvjbA_6HcidUQ58aKEL5mzCJ-XnyT6kFa2VqJpUNUWd1GUla0nELjqHNrQL-Tr1kgSLH4GOaw2WOllTxSGMxoM311K7fNyF_49MG41BFP8G4UTSX-W3_e8f5LyulA:1sc0zw:pc3aBndGb7HBzVss27AB21kV2epYwrvOu5zGhch-igo', '2024-08-08 11:13:00.097290'),('iz5erv5hbvfqyn07ylfkrfv94qqb0nys', '.eJxtUVtrwyAU_ivFZ5fGmESbx76OwWCPY4STeNLYpqZE7TbG_vtOetkoK4jK-S7H8_nFAvTRsSpLs5yzGmLo6-hxqq1hFcvZTa2BdoduBswW3GZM2tGFyTbJTEkuqE-eRoPD-sK9MejB96RWWgmVZ9gp02kpTdrlq1KkRVmaUkllctMZIxFX3SotU1h1ItOyKLqCwFRgS6bW1z4ecJptWdXB4JGzUw8He6AeOxziBD04QWwfm_Ewv_vxWl2srduCXbzg1NAo4GZPc-UpzdmARxxI8oxus4kOzjZ7dNGz6lVwyUuuuOYye-NsC-YdiJ2RDnyooQ32aMMn6edkH1JNayF0JVQldSJzXaZzuG2cJnShvjifU1cEOPwIdF0acDTJckIYrAdvaQ9Lwn8LZ0J9-cZTtzswHRSKKO4K4UDQf-QvjO8f5Ne0Lg:1sc19G:IlAiY4V-I5GR8Jx7baD35XEDhBYIByubByrA8kRlmFw', '2024-08-08 11:22:38.405313'),('230qlu7lnpi37bitlk1di7x9lwj6z9mb', '.eJxtUclqwzAQ_ZWgs-pY3mT7mGspFHosxUyscazEkY2WtKX03ztOnJbQgEBi3jIzT1_MQx8Mq5M4yThrIPi-CQ5toxWrWcZualtoD2hmQO3B7MaoHY23ehvNlGhBXfQ0Khw2C_fGoAfXk1qWUsgswU6qrkxTFXdZVYg4LwpVyFSqTHVKpYhVV8VFDFUnkjLN8y4nMBbYkql2jQsT2tmW1R0MDjk79zBwBOpxwCFY6MEIYruwHad57sdrdbXRZg969YJ2S6uAmT3VlSdLzgY84UCSZzS7XTBwsTmiCY7Vr4KnvOCSlzxN3jjbg3oHYiekA-cbaL0-af9J-jnZh7iksxJlnco6llFF-5YJObbBWjS-WZwvqUsCDH54eq4VGNpkbREG7cBpp48TmDUxfksXSrN85LnfHZguikXkd4UwEfQf-Yvj-wdg6LUF:1sc1S8:O8U-7mmpQoHJc9fPl6Gzw77Lx7PybKa-FgRFI4DarAI', '2024-08-08 11:42:08.071605'),('1glqez9n52kf9w6wrby12ul76s81abqm', '.eJxtUVtrwyAU_ivFZ5fG3Ezy2NcxGOxxjHASj41takrUbmPsv--kTTfKCqJyvsvxfH4xD32wrE7iJOOsgeD7JjicGqNYzTJ2U2uh26OdAbUDux2jbrR-Mm00U6IFddHTqHDYLNwbgx5cT2pZSiGzBLVUukxTFeusKkScF4UqZCpVprRSKWKlq7iIodIiKdM81zmBscCOTI1rXDjiNNuyWsPgkLNzDwsHoB57HMIEPVhBbBfa8Ti_-_FaXW2M3YFZveDU0ihgZ0915cmSswFPOJDkGe12GyxcbA5og2P1q-ApL7jkJU-TN852oN6B2AnpwPkGOm9Oxn-Sfk72IS5prURZ56IWRVTkSR5X5NiFaULrm8X5krokwOKHp-tagaVJ1hPCYBw4Q7tfE_5buBCa5RvP3e7AdFAoIr8rhCNB_5G_ML5_AOH8tCo:1sc1fo:qkh4x0WGeqw5GhLBMm8SrUixuUyoud23h5LiiIGbKbQ', '2024-08-08 11:56:16.689742'),('liaa2egse9w9dhv50eoigh8zjf3jjeg9', '.eJxtUU1vgzAM_StVzikNCRDg2Os0adKO04QMMSUtDRUh3aZp_32mpZq67ZTE78P2yyeboAuOlVLIhLMKwtRVweNYWcNKlrC7Wg3NAd0MmD243RA1g5tGW0czJVpQHz0OBvvtwr0z6MB3pNa5jnUisdWmzZUyok2KLBZplplMK20S0xqjEIu2EJmAoo1lrtK0TQkUMTZkan3lwwnH2ZaVLfQeObv0cHAE6nHAPozQgYuJ7UM9nOa5H27V1da6PdjVM441rQJu9jQ3ns456_GMPUme0O12wcHV5ogueFa-xFzxjGuecyVfOduDeQNiS9KBnypoJnu20wfp52TXIl_HciXyUqlS6kgKkSbzYE0YR3RTtThfU9cEOHyf6Lox4GiTzYjQWw_eLm9i_CpVy0de-v0D00GxxOm_QjgR9Bf5iePrGz18tMo:1sdJw7:syCt-2WhSUopL05becRe8BbsAtDWuQ_9BuUlU5xMReQ', '2024-08-12 01:38:27.302628'),('ekiyr4ewoiu125apkzdywubrfh48vv80', '.eJxtUU1vgzAM_StVzikNBAhw7HWaNGnHaUKGmJKWhook3aZp_32mpZuq7ZJEfh-2Xz6Zhz5YViUiSTmrIfi-Dg6n2mhWsZTd1RpoD2hnQO_B7saoHa2fTBPNlGhBXfQ4ahy2C_fOoAfXk1oVKlZpgp3SXSGlFl1a5rHI8lznSiqd6k5riVh2pcgFlF2cFDLLuoxAEWNLpsbVLpxwmm1Z1cHgkLNLDwtHoB4HHMIEPdiY2C4042me--FWXW2N3YNZPePU0CpgZ09946mCswHPOJDkCe1uFyxcbY5og2PVS8wlz7niBZfJK2d70G9A7IR04HwNrTdn4z9IPye7FsU6TlaiqFJZJWkkZZmJebA2TBNaXy_O19QVARbfPT03GixtspkQBuPAGTr9hvCfwpVQL9946fYPTBeFEmf_CuFE0F_kN4yvb9mctB4:1sdK5k:MwvK-gPXYMzw_nG6hODElOPXUK17_0dknl8645o43wo', '2024-08-12 01:48:24.366532'),('cjjo5pgp6q9hux9clb4qi32pk99gwuqq', '.eJxtkc1ugzAQhF8l8tkhNn8GjrlWlSr1WFVowUtwQkyE7bRV1XfvkpBWUXsy2m9mFo8_mYc-WFbFIk45qyH4vg4Op9poVrGU3c0aaA9oZ6D3YHdj1I7WT6aJZkm0UBc9jhqH7aK9C-jB9eRWhZIqjbFTuiuSRIsuLXMpsjzXuUqUTnWndYJYdqXIBZSdjIsky7qMoJDYUqhxtQsnnOZYVnUwOOTsssPCEWjHAYcwQQ9WktqFZjzN__1wm662xu7BrJ5xaugqYOdMfdOpgrMBzziQ5QntbhcsXGOOaINj1YvkCc-54gVP4lfO9qDfgNQx-cD5GlpvzsZ_kH9udi2KtYxXUlRZWokiSqVS2VxuG6YJra-X5GvrioDFd0-fGw2WbrKZEAbjwJl-POKG-M_gKqiXZ7xs-wfTQaXI7F8jnAj9Jb9lfH0D04C0Dw:1sdM8G:InhWRyYebIuQZF0590jyfJMEHbwSurJIJtGgYhOpuT0', '2024-08-12 03:59:08.466401'),('zqchjasbatkbpesu1cfai0ss0z84nnbv', '.eJxtkc1uwyAQhF8l4kwc8B-2j7lWlSr1WFXW2qxjEgdHBtJWVd-968RpFbUXQPvNzMLyyTz0wbIqFnHKWQ3B93VwONVGs4ql7K7WQHtAOwO9B7sbo3a0fjJNNEuihbrocdQ4bBftXUAPrie3KpRUaYyd0l2RJFp0aZlLkeW5zlWidKo7rRPEsitFLqDsZFwkWdZlBIXElkKNq1044TTHsqqDwSFnlx4WjkA9DjiECXqwktQuNONpvvfDrbraGrsHs3rGqaGngJ0z9U2nCs4GPONAlie0u12wcI05og2OVS-SJzznihc8iV8524N-A1LH5APna2i9ORv_Qf55smtRrGW8krISqhJFVGSxTAQltmGa0Pp6Sb5OXRGw-O7puNFg6SWbCWEwDpyh1W-I_xSugnr5xku3fzBtNBSZ_WuEE6G_5HcYX9_VXLQY:1sdMKq:mjYfrOEs0dqAkWK9tfMowAIZ6AaQoR_H7rLuTp88BPE', '2024-08-12 04:12:08.892125'),('xy6vpezf8ag19kvrs5zorjjadayht9mf', '.eJxtkctOwzAQRX-l8tpN47ycZNktQkJiiVA0iSeN29Sp_CggxL8zaVNQBRvbmnPvHXv8yTwMwbA6iZOMswaCH5rg0DZasZpl7K7WQndAMwO1B7Obom4y3uo2miXRQl30OCkct4v2LmAAN5BbllLILMFeqr5MUxX3WVWIOC8KVchUqkz1SqWIVV_FRQxVL5IyzfM-JxgL7ChUu8aFE9o5ltU9jA45u_QwcATqccAxWBjACFK70E6n-d4Pt-pqq80e9OoZbUtPATNnqptOlpyNeMaRLE9odrtg4BpzRBMcq18ET3nBJS95mrxytgf1BqROyAfON9B5fdb-g_zzZNdxuRbJSohaZLUQUVXkRV5SYhesReObJfk6dUnA4Lun40aBoZdsLMKoHThNq98Q_ylcBc3yjZdu_2DaaCgi_9cIJ0J_ye8wvr4B3UK0JA:1sdMRg:jqcZE1RVgrjD-BBLmPhmOpMZFJIEOhEgdMGRXixdxQg', '2024-08-12 04:19:12.018918'),('ye5dvrt51rskq54lj5mepn86sgvsbfix', '.eJxtUV1PgzAU_StLnzvWUqDA416NiYmPxpA7ehndWCGUTo3xv3vZmGbRpzb3fPWefrIJ2uBYGYs44ayCMLVV8DhW1rCSJexutoP6iG4GzAHcvo_q3k2j3UUzJVpQHz32Brvtwr0zaMG3pNa5ljqJsdGmyZUyokmKTIo0y0ymlTaJaYxRiEVTiExA0cg4V2napAQKiTWZWl_5MOA427Kygc4jZ5cMByegjCN2YYQWnCS2D7t-mN_9cJuuttYdwK6ecdzRKuBmT3Pj6ZyzDs_YkeQJ3X4fHFxtTuiCZ-WL5IpnXPOcq_iVswOYNyB2TDrwUwX1ZM92-iD93Oxa5GsZr6QsE1HGeZSnKhOKHOswjuimanG-tq4JcPg-0XVjwNEmmxGhsx689fY0gNsQ42d0pVTLR17y_oHpoFpk-q8QBoL-Ir91fH0DTRO06Q:1sdMr6:4v623tn6_AeRrNGac3PmiEZ7Gczf09f4uCafmldPD3Y', '2024-08-12 04:45:28.917990'),('56u2i78fbzroo5a9ayf9mhrkfaacldtv', '.eJxtkcFugzAQRH8l8tkhGAwGjrlWlSr1WFVowUtwQkyE7bRV1X_vkpBWUXuxrX0zs_b6k3nog2VVEieSsxqC7-vgcKqNZhWT7K7WQHtAOwO9B7sbo3a0fjJNNEuihbrocdQ4bBftXUAPrie3KpRQMsFO6a5IUx13ssxFnOW5zlWqtNSd1ili2ZVxHkPZiaRIs6zLCMYCWwo1rnbhhNMcy6oOBoecXXpYOAL1OOAQJujBClK70Iyn-d4Pt-pqa-wezOoZp4aeAnbO1DedKjgb8IwDWZ7Q7nbBwjXmiDY4Vr0InvKcK17wNHnlbA_6DUidkA-cr6H15mz8B_nnya7jYi2SlRCVzCspIyFVKWNKbMM0ofX1knyduiJg8d3TcaPB0ks2E8JgHDhDq98Q_ylcBfXyjZdu_2DaaCgi-9cIJ0J_ye8wvr4B2360IQ:1sdMxA:QkAfSpaGcWCUqTXeIi5yDUds7Pa6OusS2a-MJEkv6is', '2024-08-12 04:51:44.199933'),('64l0tc300nzytqao8ptlin5p31ekchtv', '.eJxtkc1uwyAQhF8l4kwcg3-wfcy1qlSpx6qy1mYdkzg4MpC2qvruXSdOq6i9ANpvZhaWT-ahD5ZVMpYpZzUE39fB4VQbzSqWsrtaA-0B7Qz0HuxujNrR-sk00SyJFuqix1HjsF20dwE9uJ7cqlBCpRI7pbsiSXTcpWUu4izPda4SpVPdaZ0gll0Z5zGUnZBFkmVdRjAW2FKocbULJ5zmWFZ1MDjk7NLDwhGoxwGHMEEPVpDahWY8zfd-uFVXW2P3YFbPODX0FLBzpr7pVMHZgGccyPKEdrcLFq4xR7TBsepF8ITnXPGCJ_KVsz3oNyC1JB84X0Przdn4D_LPk13HxVrIlRBVJqs0j4pUqSynxDZME1pfL8nXqSsCFt89HTcaLL1kMyEMxoEztPoN8Z_CVVAv33jp9g-mjYYisn-NcCL0l_wO4-sb4ui0LA:1sdN30:KnrL5h9jZTJb49FlhPt04QxkTmtzKNLOOiycsOcesT4', '2024-08-12 04:57:46.892485'),('673cjq2i9lfkrwc1v2zwm04edbfjjzhd', '.eJxtUUtvwjAM_iso51CS9JG2R67TpEk7TlNlGpcGSkBNwjZN--9zoWxC2yWJ_D1sf_lkAfroWK2EyjhrIIa-iR7HxhpWs4zd1TbQ7tFNgNmB2x6T9ujCaDfJRElm1CePR4PDeubeGfTge1LrUkudKey06co0NaLLqkKKvChMoVNtMtMZkyJWXSUKAVUnVZnmeZcTKCS2ZGp94-MJx8mW1R0MHjm79HBwAOqxxyGO0IOTxPZxczxNcz_cqou1dTuwi2ccN7QKuMnT3Hi65GzAMw4keUK33UYHV5sDuuhZ_SJ5yguueclT9crZDswbEFuRDnxooA32bMMH6adkl6JcSrWQqhaiTlUisqosp8HaOI7oQjM7X1PXBDh8D_RcGXC0yWpEGKwHb-kMK8J_CldCM3_jpds_MF0Uisz_FcKJoL_Ibxhf39ZjtBo:1sdNAW:ybz5SNfRO8fWzNTmyLu3jNhhoHIxH1y98JhJiFYWRxo', '2024-08-12 05:05:32.144559'),('uq8qd9i2yj1iswz12fr3hdqh09ppkj85', '.eJxtUVtrwyAU_ivFZ5tGczHJY1_HYLDHMcJJPGlsU1Oidhtj_30nbbpRNhCV812O5_OTeeiDZZWMZcpZDcH3dXA41UaziqXsrtZAe0A7A3oPdjdG7Wj9ZJpopkQL6qLHUeOwXbh3Bj24ntSqUEKlEjuluyJJdNylZS7iLM91rhKlU91pnSCWXRnnMZSdkEWSZV1GYCywJVPjahdOOM22rOpgcMjZpYeFI1CPAw5hgh6sILYLzXia3_1wq662xu7BrJ5xamgUsLOnvvFUwdmAZxxI8oR2twsWrjZHtMGx6kXwhOdc8YIn8pWzPeg3ILYkHThfQ-vN2fgP0s_JruNiLeRKyEoqWlGZJpnMyLEN04TW14vzNXVFgMV3T9eNBkuTbCaEwThwhna_IfyncCXUyzdeuv0D00GhiOxfIZwI-ov8hvH1Dd5CtCU:1sdNaZ:MQh0X1xX09Wipi8WGkpEEq4H4DMdwKKKoGylY2VQ9LM', '2024-08-12 05:32:27.986238'),('ecml4zx5d5brhc5ppoe0bx53goryibjk', '.eJxtUU1vgzAM_StVziklCRDg2Os0adKO04RcYkpaGhAh3aZp_32mpZuq7RTL78P2yyeboA2OlTKWCWcVhKmtgsexsoaVLGF3vR3UR3QzYA7g9n1U924a7S6aKdGC-uixN9htF-6dQQu-JbXOtdCJxEabJlfKxE1SZCJOs8xkWmmTmMYYhVg0RZzFUDRC5ipNm5TAWGBNptZXPgw4zrasbKDzyNllhoMT0IwjdmGEFpwgtg-7fpj3frh1V1vrDmBXzzju6BRws6e58XTOWYdn7EjyhG6_Dw6uNid0wbPyRXDFM655zpV85ewA5g2ILUkHfqqgnuzZTh-kn5Ndx_layJVQZRJT1JESRSbnxeowjuimanG-pq4JcPg-Ubkx4OiSzYjQWQ_eensawG2I8dO6UqrlIy_z_oHpoVhE-q8QBoL-Ir9xfH0DRsu04A:1sdOj6:fUHIOVgHhpuW3RrNfkCCwM1qr6kLwtUve844Sxwt0IM', '2024-08-12 06:45:20.421363'),('kzhfgei59p98w9xco3hi2pcpcvzm1x5u', '.eJxtUclugzAQ_ZXIZ4d4AQwcc60qVeqxqtAED8EJcSKM01ZV_71DQlpF7cnWvM3z_MlG6KJnlRIq5ayGOHZ1DDjUzrKKpexutoFmj34C7A789pg0Rz8ObpNMlGRGQ_J4tNivZ-6dQQehI7UpjDSpwtbYttDaijYtcymyPLe50camtrVWI5ZtKXIBZStVobOszQgUEhsydaEO8YTDZMuqFvqAnF0yPByAMvbYxwE68JLYIW6Op-ndD7fpYu38DtziGYcNrQJ-8rQ3nik46_GMPUme0G-30cPV5oA-Bla9SK55zg0vuFavnO3AvgGxFekgjDU0ozu78YP0U7NLUSylWkhTSVUJnahSFLkmxyYOA_qxnp2vrRsCPL6PdF1Z8LTJakDoXYDggjucwK-I8TO6Uur5Iy95_8B0UC0y-1cIJ4L-Ir91fH0DTcG06g:1sdS1z:ql1ps7K3BLX-g3ukKi1X85x6rkZu9rrtIqJUmWgnesU', '2024-08-12 10:17:03.324902'),('doxl42inhakyzfkzz60g8inzacaxwgah', '.eJxVkMtqwzAQRX8laK04kl-yvcy2FApdlmLG1ihW4shBj7Sl9N87bpJFQQsx994zj28WYUqOdbnIS856SHHqU0DfW806VrJ_tQHGE7pV0EdwhyUbFxe9HbLVkt3VkD0vGuf93fsPMEGYKK0aJVWZo1HaNEWhhSnbWoqqrnWtCqVLbbQuEFvTilpAa2TeFFVlKhKFxJGgNvQhXdCvWNYZmANy9tfDwRmoxwnn5GECJ8kd0rBc1rmfHtXN3roj2M0r-oFWAbcy9cOnGs5mvOJMkRd0h0NycMOc0aXAujfJC15zxRte5O-cHUF_ALlzykGIPYzRXm38ovx62a1otjLfSNXRK9uslJVQDRHH5D262N_Jt6srEhx-RvruNDjaZOcRZhsg2Gk54479_AJKbozi:1sdS7Z:fkxb9fgpsOQ62OtXbgePG6jQswupSLVeU1JEFJf2S1E', '2024-08-12 10:22:49.460622'),('go8cgvu4zad7z4gsu1g45omj1x4ob07j', '.eJxtkc1uwyAQhF8l4kwcwD_YPuZaVarUY1VZG7OOSRwSGUhbVX33rhOnVdReAO03MwvLJwvQR8dqJVTGWQMx9E30ODbWsJpl7K62gXaPbgJmB257TNqjC6PdJJMkmalPHo8Gh_WsvQvowffk1qWWOlPYadOVaWpEl1WFFHlRmEKn2mSmMyZFrLpKFAKqTqoyzfMuJygkthRqfePjCccpltUdDB45u_RwcADqscchjtCDk6T2cXM8Tfd-uFUXa-t2YBfPOG7oKeCmTHPT6ZKzAc84kOUJ3XYbHVxjDuiiZ_WL5CkvuOYlT9UrZzswb0BqRT7woYE22LMNH-SfJrsU5VKqhdR1qmpRJoWqRKkosY3jiC40c_J16pqAw_dAx5UBRy9ZjQiD9eAtrWFF_KdwFTTzN166_YNpo6HI_F8jnAj9Jb_D-PoG3Z-0JA:1sdSLQ:l8WV01KazMIDbtN37GBL9UliHNjkoUODeDS4AAdLcWM', '2024-08-12 10:37:08.680176'),('ii1uk7ydxvlmeb4h2kk26nirquji2nje', '.eJxtUUtvgzAM_itVzikl4RHg2Os0adKO04QMMSUtDRVJuk3T_vtMSzdV2yWJ_D1sf_lkHvpgWSVjmXJWQ_B9HRxOtdGsYim7qzXQHtDOgN6D3Y1RO1o_mSaaKdGCuuhx1DhsF-6dQQ-uJ7UqlFCpxE7prkgSHXdpmYs4y3Odq0TpVHdaJ4hlV8Z5DGUnZJFkWZcRGAtsydS42oUTTrMtqzoYHHJ26WHhCNTjgEOYoAcriO1CM57muR9u1dXW2D2Y1TNODa0CdvbUN54qOBvwjANJntDudsHC1eaINjhWvQie8JwrXvBEvnK2B_0GxJakA-draL05G_9B-jnZdVyshVwJVaV5JbOojItEzoO1YZrQ-npxvqauCLD47um50WBpk82EMBgHztDpN4T_FK6EevnGS7d_YLooFJH9K4QTQX-R3zC-vgHd0bQk:1sdSZF:tsoAjq5NODVGTw5UOjwT9eorPM5loBwLzXQUypy1Vcs', '2024-08-12 10:51:25.968947'),('4bw7p6c7es8c0b3rsvwko8ahatzbrao7', '.eJxtkctqwzAQRX8laK04lvySvcy2FApdlmIm1jhW4shBj7Sl9N87zoMSmpUGnXvvaEbfLMAQLWtkKnPOWohhaKNH1xrNGpazu7sNdHu0M9A7sNsp6SYbnNkksyS5Up88TxrH9VV7FzCAH8hdqUpUucS-0r3KMp32eV2KtChLXVZZpXPda50h1n2dlinUvZAqK4q-IJgK7CjU-NbHI7o5ljU9jB45O_ewcADqsccxOhjAClL7uJmO87ufbreLtbE7MItXdBsaBeycqW-6SnE24glHsryg3W6jhUvMAW30rHkTPOMlr7jimXznbAf6A0gtyQc-tNAFczLhi_zzZpepWgq5EKrJVZPJJJd1LUpK7KJzaEN7Tb5sXRGw-BmoXGmwNMlqhOPkwI7GhxVRh0AleHPB7fUTz70eYDpoJaJ4aIQjof_kbxU_v3Ass14:1sdTXM:eDO7Gt5LsJsiDJqTzFVGa2t3ilGUTnFkQAHG53sBDb8', '2024-08-12 11:53:32.646357'),('bjfywtdofjfxwiq8mr0rqp94jayezxy8', '.eJxtkMtugzAQRX-l8poQG3Cwvey-34AGPBQnxCA_-lDVf-_QoEpRs7GtOXfuzPUXSzBlz0zFq6ZgHeQ0dTli6Jxlhgl2V-thuKDfgD2Df13KYfEpuL7cJOVOY_myWJyfd-2dwQRxom6OqKxUnMOoe65Vw2WvR33qla0tthaEEjUMQ33SQlpurUSt22pUra4b6iFTF7uYVwybLTMpZCzYGew7zJSlYDPE1MGQ3JtLnzRxi3fg6iCqJ6FNI4zUpaq4FFvCIYeAPpFhf0Wfb9FbAh4_Ej2PFvwF52NAmF2E6OhMR-J_hZug2__yd9oDTBcwI-TDRlgJ_Se007LSPqKS3z9zGI0l:1sdUN5:RtnQ0YMjlSoVX32oLotJgnJBH9-USJvZlsgnTg-0KTE', '2024-08-12 12:46:59.900572'),('ua0z1t8m8op109n765tznpvgm21rq3mf', '.eJx1kdFOgzAUhl-F9LpjFDqg3OmtmuzeGHJoD4PRFULp1Bjf3XZDjYm7IU3_73yn-fkgC3TOkCpNUk5JDW7pamdxrntFKpKSP3cNyAFNCNQRzGGM5WiWuW_igMRrauOnUaG-X9k_gg5s56dzEEIBk2LXtplgOfBd0qYtZpirhotSJXnLVFEkCZaQyUZwkEzIQuWSAc-El_a2tm7COWhJ1YK2SMllh4ET-B0WNHYetK4Zp_DkB9Ruhg5MdIdD9Dg2EO1xABNk6psqUko0nlH7gT2aw8EZuEpOaJwl1TOjGc1pQUuapS-UHEG9gqfDHNilBrn05355D-X5SjdJuWFpxES1ExVP47zkPCm8Ubp5RrPUq_ladwgMvi3-uFVgBtTbGUH3FmxvL9_TBGbrqZ_rKxbCev2Tl703EH_03fDypgAmUrH_09-KPr8As6y7TA:1sdUeE:Ow1tP2KlXdbe5xoicVoy0n0DRg9QDwreH_aQBAIJbb0', '2024-08-12 13:04:42.808037'),('4cff2bs8faoackmchdkqe3xm9iv59m5i', '.eJyFUVtvgyAU_isNz9QKXvFte92W9H1ZzBGO1WrRiHRblv334WX3LksIEL7byccLGaGymmTc5yElOdixyq3BIa8VyQgn394KkA3qCVBH0IfOk50eh7rwJoq3osa76xS21yv3m0EFpnLqGIRQwKSIyjIQLIYw8kteYoCxKkKRKj8umUoS38cUAlmIECQTMlGxZBAGwpnWJje2x2GyJVkJrUFK5gwNJ3AZBlqsHNHYouunkW-wtQNUoDdX2GxuuwI2e2xAT2bqnZVwSlo8Y-sEe9SHg9WwmJxQW0Oye0YDGtOEpjTgD5QcQT2CY086MGMOcqzP9fg8lecq3frplvEN9zPmVuKJKA2j1DlKOwyox3x1XupOHKDxaXTXnQLdYLsbENragKnNvJ960DvH-nheaPn6i3PmBdgdrhMWXRRC76DfyNdKfmDTLP9EzpQlNkz_NLgcPaOf8a9v2ybicg:1sdUoU:7COSfVrOJXOhBAO1fDOqPpVGD15cIIKa2-5eIfytLNQ', '2024-08-12 13:15:18.071013'),('q0skkxbchuh9j7t7bo7k6146cshofxbl', '.eJx1kUFvgzAMhf8KyjmlJFAg3LbrNqn3aUImMYWSBkRIt2naf1_Ssk2T1ktk-X1-tl4-yAKdM6TiCc8oqcEtXe0sznWvSEU4-dNrQA5ogqCOYA5jLEezzH0TByReVRs_jQr1_cr-MejAdn46ByEUMCl2bZsKlkO2S1reYoq5ajJRqiRvmSqKJMESUtmIDCQTslC5ZJClwpv2trZuwjnYkqoFbZGSyw4DJ_A7LGjsPGhdM07h5AfUboYOTHSHQ_Q4NhDtcQATzNQ3VXBKNJ5R-4E9msPBGbianNA4S6pnRlOa04KWNOUvlBxBvYKnwxzYpQa59Od-eQ_h-Ug3SblhPOJJxfKKFXGZiZ0IqUo3z2iWenW-xl14weDb4sutAjOg3s4Iurdge3t5TxOYrad-2lcsiPX6k5e9NxBf-myy8qYBTKRi_6u_EX1-Aa9Vu0c:1sdUuH:PWkbBaOAMgLPNt0na_AMyr5119MGf7uL8ZglgY6qUag', '2024-08-12 13:21:17.958126'),('h5mjatmsmyyh7pt9x8a75wtyvfv33f6e', '.eJx1kUFPwzAMhf_KlHPWNWmXNr3BFZB2R6hyE3ft2qVTkwwQ4r-TbAWExJSL5ff52Xr5IA46b0jFU55TUoN3Xe0tznWvSUU4-dNrQA1ooqAPYPZToibj5r5JIpIsqk2eJo3j_cL-MejAdmFagJQamJLbts0kE5Bv05a3mKHQTS5LnYqW6aJIUywhU43MQTGpCi0UgzyTwbS3tfUnnKMtqVoYLVJy2WHgCGGHhRG7AFrfTKd48gOOfoYOzOoOh9Xj1MBqhwOYaKa_qYJTMuIZxzCwQ7PfewNXkyMab0n1zGhGBS1oSTP-QskB9CsEOs6BdTUo15979x7DC5Gu03LN-IqnFc8rJhIuCi7y4Kj8PKNx9eJ8jbsIgsE3F8qNBjPguJkRxt6C7cOLldsE5qd5haJUL_942XoDCWVIJi9vGsCJVOx_9Tegzy8l37pv:1sdV20:azSmMCocYp8roIfpsqEs0_fJtysBC-rq9eDdvGhhWlQ', '2024-08-12 13:29:16.293266'),('q6gf7563c7igk7dvoh1twbuadw9laoem', 'eyJ0YWh1biI6MjAyNH0:1sdVL4:RJ6veeJowgpRX8L9VGcU9enDYI4qPMm2kPkozuTQ-WU', '2024-08-12 13:48:58.173511'),('jqy9wv12ndhmajk4h3bjglgf6y1958rj', '.eJyFkctOwzAQRX8l8tpNY-fp7GALSN0jFE3sSZMmdao4LiDEv-M8EBSKWHk098659viNjFBbTXIe8IiSAuxYF9bgUDSK5ISTi14JskU9CeoAet_7stfj0JT-ZPFX1fgPvcLudvVeAGowtZtOQAgFTIq4qkLBEojioOIVhpioMhKZCpKKqTQNAswglKWIQDIhU5VIBlEoHLQxhbEnHCYsySvoDFIyZ2g4gssw0GHtjMaW_Wm68h12doAatHeDrXffl-DtsAU9wdSnK-WUdHjGzg3sUO_3VsMCOaK2huSPjIY0oSnNaMifKDmAegbnnubAjAXIsTk34-u0PLfSTZBtWOgFWc5FzgI_iwXnzBGlHQbUY7GSl3UnTtD4Mrpyq0C32G1dZ0DoGgOmWVrF-mMz_4rsDvd-Fl8dhJOTfivfn_9DM67-J3K2LLFR9ifgevSsfsW_fwCDPdpL:1sdgLW:sDu4vD0NlKhMNm7UWBI6BfGXSN0N2_XSkfzCbFr22x4', '2024-08-13 01:34:10.901681'),('fu2yn88pv6aqinw97toqtdyj3z8nag0k', '.eJxlUVtvgyAU_isND3uiFkRFTcySvi5LluxxWcxRDpXWYiPSbVn234e9PLR9Ar7bufBLJui8JWXM4oSSGvzU1d7hWBtFSpKQG6yBdod2JtQW7GaI2sFOo2miWRJdWBe9Dgr79UV7E9CB64Jb5pLLJEYtlc6FUEwnRcZZmmUqk0KqRGmlBGKhC5YxKDSPc5GmOg0k49iGUONq5w84zrGk1NA7pORUw8IeQo0d9n6EDiwPaueb4TD3_XJFF2tjt2AW7zg2YRSwc6a66mROSY9H7IPlDe1m4y2cY_ZovSPlB6eCZlTSnIr4k5ItqC8I6jj4wE01tJM5mukn-OfNLlm-5GLBipKxMs0iJiSPi5DY-nFEO9WX5PPWZSAsfk_hulJgwySrEaE3Dpy5vJ_vgPr0jdVc6-meCgdUPH3AgwUOFX_Az0uoZE7-_gHif7OL:1sdgqG:l62xJNIUFOjzfYkO4GpCHLhO1FRCTkC8F5FLEdg1UAM', '2024-08-13 02:05:56.126243'),('h504b3eos34kjeemd94fbj2mpsax8ss1', '.eJxtUV1PgzAU_StLnztGKVDgca_GxMRHY8gdvYxurBDaTo3xv3vZmGbRpzb3fPWefjIPXbCsSuIk5ayG4Ls6OJxqo1nFUnY320FzRDsD-gB2P0TNYP1kdtFMiRbURY-Dxn67cO8MOnAdqVWhhEoTbJVuCyl13KZlLuIsz3WupNKpbrWWiGVbxnkMZSuSQmZZmxEYC2zI1LjahRGn2ZZVLfQOObtkWDgBZRyxDxN0YAWxXdgN4_zuh9t0tTX2AGb1jNOOVgE7e-obTxWc9XjGniRPaPf7YOFqc0IbHKteBJc854oXXCavnB1AvwGxE9KB8zU03pyN_yD93Ow6LtZCruKyEmWVZlFG65ZzuU2YJrS-XpyvrSsCLL57um40WNpkMyH0xoEzzpxGsBti_IyulHr5yEvePzAdVIvI_hXCSNBf5LeOr29cmLT_:1sdh8T:g3FokIQBxIqEITg_s51a3o1e5_fUxWY6yq5an3XaYPI', '2024-08-13 02:24:45.893844'),('btx383eqz8kaneiszc8joc5pekzp8qgo', 'eyJ0YWh1biI6MjAyNH0:1sdhEA:MS5z2PHKEGfjHhB-M_xNs9dcI_F_Y90LZE1BPcX5cKA', '2024-08-13 02:30:38.225034'),('vf3spp20ddc8sd1snho0oa1zvkxfsi0h', '.eJxVkMFuhCAQhl_FcGYNiAJ63OumSZMem8aMMiiuixuRbZqm715sdw97nf_7v2H4JhuM0ZOmYEVJSQtxG9sYcG2dIQ0pydOsg_6Mfg_MBH5Y8n7x2-q6fEfyexryl8XgfLyzT4IRwpjaSiuuygKtMlYLYZgta8lZJaWRSihTGmuMQKxtzSSD2vJCi6qyVQoZxz5JXWhDvOK6a0ljYQ5Iyd8ODxdIO844xxVG8DzRIXbLdX_36THNjs5P4LI3XLt0CvjdaR6c0pTMeMM5VV7RD0P08K-5oI-BNO-cCiqpopqK4oOSCcwnJLpIPQhbC_3mbm77Sv39Zw9MH7jIWN2IqmE8l7XSpSQ_vxrWeSY:1sdhNF:4P0Osti6_Uwica83ZjIvDhIBY4i9eOuXZMv-4X24jZE', '2024-08-13 02:40:01.718896'),('satrdbvhkozqpszeq5r8bkdzkp4dbcbj', '.eJxtkctOwzAQRX-l8tpN4ziJ3Sy7RUhILBGKpvGkcZs6lR8FhPh3Jn0IIVh55HPvHc_4k0UYkmNNkRclZy2kOLQpoG-tYQ0r2a-7LXQHdDMwe3C7KesmF73dZrMku9GQPU4Gx81N-ytggDCQW2klVFlgr0yvpTR5X65rkVd1bWollSlNb4xEXPfrvM5h3YtCy6rqK4K5wI5CbWhDOqGfY1nTwxiQs0sPB0egHgcck4cBnCB1SNvpNL_74X672Fi3B7t4Rr-lUcDNmeauU5qzEc84kuUJ3W6XHFxjjuhSYM2L4JLXXHHNZfHK2R7MG5C6IB-E2EIX7dnGD_LPm13meinkQuRNJRspM11pVVaU2CXv0cX2lnzduibg8D1SuTLgaJLVCKfJgxttiCuiHoFKCPaK29snXnr9g-mglYjqXyOcCP0lP6v4-gZtLLNa:1sdibG:cE2ObUu17h-yjArOMl8LebQbzPlIak3IiLfobD1E5B8', '2024-08-13 03:58:34.063325'),('12uzi9kxbd2r5g6857sydux6y3t27xkp', '.eJxtUd9rgzAQ_ldKnlNrjBr1sa9jMNjjGHKas6a1sZik2xj733e2dqNsEJJw34_LfflkHvpgWZXEScpZDcH3dXA41UaziqXsrtZAe0A7A3oPdjdG7Wj9ZJpopkQL6qLHUeOwXbh3Bj24ntSqUEKlCXZKd4WUOu7SMhdxluc6V1LpVHdaS8SyK-M8hrITSSGzrMsIjAW2ZGpc7cIJp9mWVR0MDjm79LBwBOpxwCFM0IMVxHahGU_zux9u1dXW2D2Y1TNODY0CdvbUN54qOBvwjANJntDudsHC1eaINjhWvQguec4VL7hMXjnbg34DYiekA-draL05G_9B-jnZdVyshVwJUdGSKioUjZ2TYxumCa2vF-dr6ooAi--erhsNlibZTAiDceAM7X5D-E_hSqiXb7x0-wemg0IR2b9COBH0F_kN4-sb3sS0Jg:1sdisj:I-rYL7mInUc5CxiUGIMrwpNSuN6WMKYA9zmLRCTZ8QA', '2024-08-13 04:16:37.983093'),('g368fwe2b4kzsh0dz7klp4825eo0otr3', '.eJxtUVtPgzAU_itLnztGKVDgca_GxMRHY8iBHkY3VhbaTo3xv3vYmGbRl7b5bufST-ahD5ZVSZyknNUQfF8Hh1NtNKtYyu6wBtoD2pnQe7C7MWpH6yfTRLMkWlgXPY4ah-2ivQvowfXkVoUSKk2wU7orpNRxl5a5iLM817mSSqe601oill0Z5zGUnUgKmWVdRmQssKVQ42oXTjjNsazqYHDI2aWGhSNQjQMOYYIerCC1C814mvt-uKGrrbF7MKtnnBoaBeycqW86VXA24BkHsjyh3e2ChWvMEW1wrHoRXPKcK15wmbxytgf9BqROyAfO19B6czb-g_zzZtdxsRZyJUSViiqWUZYSODfWhmlC6-sl-bp1RYTFd0_PjQZLk2wmhME4cIZOvyH-B7gK6uUbL9X-oemipYjsXyOciPrL_C7j6xvPILQP:1sdjLD:VB1RncT27GFum-ca9T92ifNn1PvnKDrjmJiY0f0C5qY', '2024-08-13 04:46:03.623246'),('1q3pwlepaktf2enzc8xa9k8wdq8ltfqd', '.eJxtUV1PgzAU_StLnztGKVDgca_GxMRHY8gdvYxurBDaTo3xv3vZmGbRpzb3fPWefjIPXbCsSuIk5ayG4Ls6OJxqo1nFUnY320FzRDsD-gB2P0TNYP1kdtFMiRbURY-Dxn67cO8MOnAdqVWhhEoTbJVuCyl13KZlLuIsz3WupNKpbrWWiGVbxnkMZSuSQmZZmxEYC2zI1LjahRGn2ZZVLfQOObtkWDgBZRyxDxN0YAWxXdgN4_zuh9t0tTX2AGb1jNOOVgE7e-obTxWc9XjGniRPaPf7YOFqc0IbHKteBJc854oXXCavnB1AvwGxE9KB8zU03pyN_yD93Ow6LtZCroSosrJKyqgURSIKcmzCNKH19eJ8bV0RYPHd03WjwdImmwmhNw6cCaMGjxuZE-dneCXVy1deEv-B6aBiRPavEEaC_iK_hXx9A59htV0:1sdjd3:weC-bshWwnInQxSb_3A6EmrEgwRcv9QUFGDLLkh_318', '2024-08-13 05:04:29.975064'),('h7gigw6d6mkgggdzeo9iaw98eid1d5ef', '.eJxtkctOwzAQRX-l8tpN47ycZNktQkJiiVA0iSeN29Sp_CggxL8zaVNQBRvbmnPvHXv8yTwMwbA6iZOMswaCH5rg0DZasZpl7K7WQndAMwO1B7Obom4y3uo2miXRQl30OCkct4v2LmAAN5BbllLILMFeqr5MUxX3WVWIOC8KVchUqkz1SqWIVV_FRQxVL5IyzfM-JxgL7ChUu8aFE9o5ltU9jA45u_QwcATqccAxWBjACFK70E6n-d4Pt-pqq80e9OoZbUtPATNnqptOlpyNeMaRLE9odrtg4BpzRBMcq18ET3nBJS95mrxytgf1BqROyAfON9B5fdb-g_zzZNdxuRbpSiS1qOosj0RRZImkxC5Yi8Y3S_J16jMw-O7puFFg6CUbizBqB07T6jfEfwpXQbN846XbP5g2GorI_zXCidBf8juMr2_eRLQl:1sdjwf:vf397yLMzX7rVHF2Ue2v1bbaNjdKTLHTQhc6-DydehU', '2024-08-13 05:24:45.233687'),('smeugclqxf4stznacvqu7povnyf8p02u', '.eJxtkcFugzAQRH8l8tkhGAMGjrlWlSr1WFVowUtwQkyE7bRV1X_vkpBWUXsBtG9m1h4-mYc-WFYlcZJyVkPwfR0cTrXRrGIpu5s10B7QzkDvwe7GqB2tn0wTzZJooS56HDUO20V7F9CD68mtCiVUmmCndFdIqeMuLXMRZ3mucyWVTnWntUQsuzLOYyg7kRQyy7qMYCywpVDjahdOOM2xrOpgcMjZZYeFI9COAw5hgh6sILULzXiaz_1wm662xu7BrJ5xaugqYOdMfdOpgrMBzziQ5QntbhcsXGOOaINj1Yvgkudc8YLL5JWzPeg3IHVCPnC-htabs_Ef5J-bXcfFWsiVkJXIqiyJEpEWYi63DdOE1tdL8rV1RcDiu6fPjQZLN9lMCINx4Aw9_Yb4z-AqqJffeNn2D6YXlSKyf41wIvSX_Jbx9Q3WtbQa:1sdkoy:MSyxK28AqZuxMxXe_98S7y9Tl1N_5nn4Pz1jYobjvLg', '2024-08-13 06:20:52.271886'),('yyzlstwzppm02q88c4vu2bo7jrqylzne', '.eJxtUV1PwyAU_SsLz6yD0pa2j3s1JiY-GtPclduVrWNLgakx_ndvt06z6BPkni_u4ZMF6KNjdSrSjLMGYuib6HFsrGE1y9jdbAPtHt0EmB247TFpjy6MdpNMlGRGffJ4NDisZ-6dQQ--J7UutdRZip02XamUEV1WFVLkRWEKrbTJTGeMQqy6ShQCqk6mpcrzLidQSGzJ1PrGxxOOky2rOxg8cnbJcHAAytjjEEfowUli-7g5nqZ3P9ymi7V1O7CLZxw3tAq4ydPceLrkbMAzDiR5QrfdRgdXmwO66Fn9IrniBde85Cp95WwH5g2InZIOfGigDfZswwfpp2aXolxKtZCqzmQtyiQtVJEKcmzjOKILzex8bV0T4PA90HVlwNEmqxFhsB68jScDAVeqIs7P8Epq5q-8JP4D00HFyPxfIZwI-ov8FvL1DZKetUw:1sdlDQ:_DkShOi-W0NUCRzQCGBb1EoMs9t8sc-WM3v61iKzGeo', '2024-08-13 06:46:08.350716'),('o0o9ar2783br61e3p044c70475tmn003', '.eJyFkc1OwzAQhF8l8tlN4zh_zg2ugNQ7QtHG3jRpXKeK4wJCvDtOG1BBrbitdma_scYfZILWGVLGUZxQUoGb2spZHKtOkZLE5NeuBtmjmQW1A7MdQjmYaezqcLaEi2rDp0Ghvl-8vwAt2NZfZyCEAiZF2jRcsAySNGriBjlmqk5EoaKsYSrPowgL4LIWCUgmZK4yySDhwkM7W1l3wHHGkrIBbZGSU4aBPfgMCxpbb7SuHg7zkx9QuxFaMMEd9sHjUEOwwR7MDFPfrjymROMRtT_YoNlunYEzZI_GWVI-M8ppRnNaUB6_ULID9QrePd-BnSqQU3fspve5PF_pKipWjAeMl2lS8iTkPBZF6onSjSOaqVrI57oLLxh8m_y4VmB61OsRQXcWbNcOe1x7_WdxNlg_V8sfnhJvWPzoW0mKmwA4kJJdVy_L-aP_E73EsvTq4fXIi7jPL6zJ3-U:1sdlQQ:49P6I03MBpzkJH8HhBoBOICMzWr66b8i2_WCr-ctjU4', '2024-08-13 06:59:34.365611'),('j2u14es44jb218v1aot2mygkh059a5dg', '.eJxtkVFvgyAUhf-K4ZlaESvq2_a6Len7spgrXKuVohHotiz778PWZWnWJwjfOefeHL6Ig84bUqVJmlFSg3dd7S3Oda9IRVJy89aAHNAsQB3BHMZYjsbNfRMvknilNn4ZFerHVXsT0IHtgjuHslTAZLlrW16yHLJd0qYtcsxVk5WFSvKWKSGSBAvgsikzkKyUQuWSQcbLENrb2voJ5yWWVC1oi5RcZhg4QZhhQWMXhNY347Ss_ITaz9CBiR5wiJ7HBqI9DmCWMPWrEiklGs-og2GP5nDwBq4hJzTekuqVUU5zKmhBefpGyRHUOwT14gPrapCuP_fucykvVLpJig3jEcuqRFSMxaLggrOQKP08o3H1mnytuwjA4IcL160CM6DeapjGGcyk2m2AM4LuLdj-Suv18y6j7uBwhCrY7q4RpoD-k78mvn8AWGCwqg:1sdlce:7-Fp3YvlR-Km9XQerMEvYU7DfM_SJgRXgy-WoTT4xtc', '2024-08-13 07:12:12.001201'),('jm0hcbcl1njmnblnujuqijxjqke95im9', '.eJxtkc1uwyAQhF_F4kwcY_APvrXXtlLuVWWtYR07JtgyJm1V9d2Lk1RV1JxAfDOzq-GLLNB5S6o0SQUlNfilq73Due41qUhKbt4aUAPaFegD2P0Yq9Euc9_EqyS-Uhe_jBrN41V7E9CB64I7Byk1MCWztuWS5SCypE1b5JjrRshSJ3nLdFEkCZbAVSMFKCZVoXPFQHAZQntXOz_hvMaSqgXjkJLzDAtHCDMcGOyC0PlmnNaVn9D4GTqw0QMO0fPYQLTDAewapn9VRUqJwROaYNih3e-9hUvIEa13pHpllNOcFrSkPH2j5AD6HYJ69YFbalBLf-qXz7W8UOkmKTeMR0xUKas4j4UohMxCovLzjHapr8mXussALH4s4brVYAc0WwPTOIOddLsNcEYwvQPXX2h9_bzzqDs4HKEKlt01whTQf_LXxPcPWuWwrg:1sdlqX:oHAW3NeoZQrfFaUO9YH-NWjNXAsc1dT4p_9P48mRt-I', '2024-08-13 07:26:33.650519'),('jltrouvhgkfakpmv3p62sv4py3cmw08h', '.eJxtkc1uwyAQhF_F4kwcY_yHb-21rZR7VVlrWMeOCbYMpK2qvntxkqqKmhOIb2Z2NXwRB703pE6TNKOkAe_6xltcmkGRmqTk5q0FOaJZgTqA2U-xnIxbhjZeJfGV2vhlUqgfr9qbgB5sH9wFCKGASZF3HResgCxPurRDjoVqM1GppOiYKsskwQq4bEUGkglZqkIyyLgIoYNtrJ9xWWNJ3YG2SMl5hoEjhBkWNPZBaH07zevKT6j9Aj2Y6AHH6HlqIdrhCGYNU7-qMqVE4wl1MOzQ7PfewCXkiMZbUr8yymlBS1pRnr5RcgD1DkG9-sC6BqQbToP7XMsLlW6SasN4xLKaF3VexlmelSIPidIvCxrXXJMvdVcBGPxw4bpVYEbUWw3ztICZVbcNcEHQgwU7XGhz_bzzqDs4HKEKlt81whzQf_LXxPcPY9ewuw:1sdm5R:csAZZCqWWNTfJSe-bGu8flWE_RXVyGoYjdAvRqtacVE', '2024-08-13 07:41:57.694036'),('77ffir83080qfdtm5a3p3370s6j8ar3z', '.eJxtkc1uwyAQhF_F4kwcY_yHb-21rZR7VVlrWMeOCbbApK2qvntxkqqKmhOIb2Z2NXyRBXpvSJ0maUZJA37pG-_QNoMiNUnJzVsLckSzAnUAs59iOZnFDm28SuIrdfHLpFA_XrU3AT24PrgLEEIBkyLvOi5YAVmedGmHHAvVZqJSSdExVZZJghVw2YoMJBOyVIVkkHERQgfXOD-jXWNJ3YF2SMl5hoEjhBkONPZB6Hw7zevKT6i9hR5M9IBj9Dy1EO1wBLOGqV9VmVKi8YQ6GHZo9ntv4BJyROMdqV8Z5bSgJa0oT98oOYB6h6BefeCWBuQynIblcy0vVLpJqg3jEcvqnNc8iRNecbG2Kr21aJbmmnypuwrA4McSrlsFZkS91TBPFsysum2AFkEPDtxwoc31886j7uBwhCpYftcIc0D_yV8T3z9W_rCo:1sdmLS:VgL2jYtRM6KAhjMCHwrcAl1GFIMskd8GxWLpfuoYiwM', '2024-08-13 07:58:30.362078'),('rojr73jskq1czmvh109kxdmsn3lsnlab', '.eJxtkc1uwyAQhF_F4kwcA_6_tde2Uu5VZa1hHTsm2DKQtqr67sVJqipqTiC-mdnV8EUc9N6Qmic8paQB7_rGW1yaQZGacHLz1oIc0axAHcDsp1hOxi1DG6-S-Ept_DIp1I9X7U1AD7YP7hyqSgGTVdZ1omI5pFnS8Q4F5qpNq1IlecdUUSQJliBkW6UgWSULlUsGqahC6GAb62dc1lhSd6AtUnKeYeAIYYYFjX0QWt9O87ryE2q_QA8mesAxep5aiHY4glnD1K-q4JRoPKEOhh2a_d4buIQc0XhL6ldGBc1pQUsq-BslB1DvENSrD6xrQLrhNLjPtbxQ6SYpN0xELKtTXmc8zgUTaRESpV8WNK65Jl_qLgMw-OHCdavAjKi3GuZpATOrbhvggqAHC3a40Ob6eedRd3A4QhUsu2uEOaD_5K-J7x9YaLCq:1sdn7E:g3Y_N8UaeJWI0B2rLq2CCKk8DZ67RdN8xyCu0TnpBRc', '2024-08-13 08:47:52.804147'),('weozp9w9hxrdzp3fu8bhczk3tjkfzfoq', '.eJxtkc1uwyAQhF_F4kwc8D--tde2Uu5VZa1hHTsm2AKTtqr67sVJqipqTiC-mdnV8EUW6L0hdcKSjJIG_NI33qFtBkVqkpCbtxbkiGYF6gBmP8VyMosd2niVxFfq4pdJoX68am8CenB9cBcghAIuRd51qeAFZDnrkg5TLFSbiUqxouOqLBnDClLZigwkF7JUheSQpSKEDq5xfka7xpK6A-2QkvMMA0cIMxxo7IPQ-Xaa15WfUHsLPZjoAcfoeWoh2uEIZg1Tv6oyoUTjCXUw7NDs997AJeSIxjtSv3Ka0oKWtKJp8kbJAdQ7BPXqA7c0IJfhNCyfa3mh0g2rNjyNeFEnvE7SmOVMsCIkSm8tmqW5Jl_qrgIw-LGE61aBGVFvNcyTBTOrbhugRdCDAzdcaHP9vPOoOzgcoQqe3zXCHNB_8tfE9w9S87Ci:1sdniV:Q8RiL3uRir3CtizFHgvrFsIeZm6i4y6iL5tfvW20wVw', '2024-08-13 09:26:23.322940'),('o6ihjkyecymeh75f7x3o5bw98tda923d', '.eJyFkN1ugzAMhV9lynVLEyCQcNn7PQMyxB1paajysx9Ne_cZqKZV7bSrWP6Oz7HzySIMybEm53m5YS2kOLQpoG-tYQ0T7KbXQX9CNwNzBPcyZf3korddNkuyKw3Z82Rw3F-1NwYDhIGmOaIyUnEOB91xrUouO33QVadMYbA2IJQooO-LSgtpuDESta7zg6p1UdIMmdrQhnRBP9uyJvqEG3YE8wYj3bJhI4TYQh_tq40flDift-VqK4onUTWyarjIilLlsiSvPnmPLpJhd0aX1tNrAg7fI5U7A-6E484jjDZAsMN0xh3xn8YqaK9_uaQ9wPQAa4R8OAgXQveEdpoutI_I78cC1f9kLpI1t1R_GjzOXuiv_K9vgh-7Ng:1sdoG1:ZkKM5dTidNKxCUp1CCtJFxOqUBmuhkouoAHIkrr6GDc', '2024-08-13 10:01:01.403324'),('pbcty7gj1ld3ttj4ppq3mpzr37ite7lp', '.eJxVj81uwyAQhF-l4uwQMNgGH3vvM1gLu66duLjiJ2lV9d2L1VxyW-3MfKP5YRmWEtjYilY3bIKSl6kkitOKbGSSPf0c-CuFQ8ALhPed-z3kuDp-WPhDTfxtR9peH94nwAJpqWlBZLAzQsBsnbBGi87Z2fbOoEIaEKSRCrxXvZUdCsSOrB3a2QxW6Zqp0DVNqXxSPLBszLFQwy6Ad9jqloZtkPIEPq-3NX_XxmPeSZiTVC9yGIUeteZ2qM2msnyJkUKuQPdBofxP76sQ6CvX84wQrrSd2e8f4IBgMg:1sdoOT:voB-Y84PJDMLU2M2PARxjN2WZ-8ilE7biNTerfW9J60', '2024-08-13 10:09:45.022229'),('3cmz5mladanwi2q5bsz4zqf3wn8idg9l', '.eJx1kcFugzAQRH8F-ewQjAlgbu21rZR7VaHFXgLBMQjbaauq_16TUFWRGsmH9c7sW2v8RRx03pAqTdKMkhq862pvca57RSqSkpteA3JAswjqCOYwxnI0bu6beLHEq2rjl1Ghfly9N4AObBemcxBCAZNi17ZcsByyXdKmLXLMVZOJUiV5y1RRJAmWwGUjMpBMyELlkkHGRYD2trZ-wnnBkqoFbZGSyw4DJwg7LGjsgtH6ZpyWJz-h9jN0YKIHHKLnsYFojwOYBaZ-XUVKicYz6jCwR3M4eANXyAmNt6R6ZZTTnBa0pDx9o-QI6h2Ce5kD62qQrj_37nMJL0S6ScoN4xErKp6HE_Oc8XIXiNLPMxpXr-Rr3GUQDH64UG4VmAH1VsM0zmB0b53tLWyDY0YIV7D91bK06_UXLzvvWEIZcsnKuwCYSMX-V__i-f4Brxm5qw:1sdotI:ibjbvg3nn5H5ho8VGCDerKeTw7Goc-5miQYY_LbNRG4', '2024-08-13 10:41:36.505005'),('w052m0z99analb7odput5o5a7r0q23yo', '.eJxtkMtugzAQRX-l8poQ20CwWXbfb7AGPBQnxCA_-lDVf-_QoEpRs7I15947jy-WYMqedZLLumAGcppMjhiMs6xjgt3Vehgu6Ddgz-Bfl3JYfAquLzdJudNYviwW5-ddexcwQZzIzRGVbRTnMOqea1XzptejPvXKVhZbC0KJCoahOmnRWG5tg1q3clStrmryUKiLJuYVwxbLuhQyFuwM9h1m2qVgM8RkYEjuzaVP6ritd-DqIKonoTredIKXUmkhJWUNOQT0iQL7K_p8W70l4PEj0fdowV9wPgaE2UWIblqueCT-V7gJzH7L324PMD3AOtE8NMJK6D-hmZaV5hHfP0y9jKU:1sdpKw:r4FhULG038CxDbE66mOszuIV_k_Vd-ufRMRWSg2JhSU', '2024-08-13 11:10:10.343400'),('hnd3nfgisd7nx94yhxao1zuybqny3e8v', '.eJxVkMtOwzAQRX-l8tpN7Tixkyy7RUhILBGKJvG4cZs6lR8FhPh3HNou2I3m3nvm8U0iTMmRrmRlRUkPKU59Cuh7q0lHKvKvN8B4QrcK-gjusBTj4qK3Q7FairsaiudF47y_e_8BJghTTqtGcVWVaJQ2jRCamaqVnNVSaqmE0pU2WgvE1rRMMmgNLxtR16bOIuM4ZqgNfUgX9CuWdAbmgJT8zXBwhjzjhHPyMIHj2R3SsFzWvZ8e3c3euiPYzSv6IZ8CbmXqh081lMx4xTlHXtAdDsnBDXNGlwLp3jgVVFJFGyrKd0qOoD8gu8ucgxB7GKO92viV8-tnt6zZcrHhTVeKjrNCSSmEyMQxeY8u9nfy7esqCw4_Yy53Gly-ZOcRZhsg2Gk54478_AJH54zY:1sdpcM:IK3M4j4XUZJ2Qlv8l48CCXV9kqqZWOi3C6Ak9cZv9rM', '2024-08-13 11:28:10.836636'),('tuyofpsjta891hfqibj13cp0gu4jzwei', '.eJxVkMtOwzAQRX-l8tpN_UjiJMtuERISS4SiSTxu3KZO5UcBIf4dh7YLJC_sufee8cw3iTAlRzrBRElJDylOfQroe6tJR0ryrzbAeEK3CvoI7rAU4-Kit0OxWoq7GornReO8v3v_ASYIU06rRnFVCjRKm0ZKzUzZ1pxVda1rJZUutdFaIramZTWD1nDRyKoyVRYZxzFDbehDuqBfsaQzMAek5K-HgzPkHieck4cJHM_ukIblsv776VHd7K07gt28oh_yKOBWpn74VEPJjFecc-QF3eGQHNwwZ3QpkO6NU0lrqmhDpXin5Aj6A7Jb5ByE2MMY7dXGr5xfN7tlzZbLDW86WedTCMGaUmbimLxHF_s7-bZ1lQWHnzFfdxpcnmTnEWYbINj7m_z8AmQ3jaE:1sdppM:LPJbUgjyIIOWOB-kipkyuZTTUjx0yiiJd71DL5S7Ks4', '2024-08-13 11:41:36.397349'),('jrpzgdpdy86v1s6ix3ukr27eqrwdnz2v', '.eJx1kc1OwzAQhF8l8tlN4zh_zg2ugNQ7QtHG3jRpUqeK7QJCvDt2G0BIVL6sdr6dXY0_iIXeaVKnSZpR0oCzfeMMLs2gSE1S8qfXghxRB0EdQO_nWM7aLkMbByReVRM_zQqn-5X9Y9CD6f10AUIoYFLkXccFKyDLky7tkGOh2kxUKik6psoySbACLluRgWRClqqQDDIuvOlgGuNOuARbUncwGaTkskPDEfwOAxP2HjSunU_h5Aec3AI96OgOx-hxbiHa4Qg6mKlvqkwpmfCMkx_Yod7vnYaryRG1M6R-ZpTTgpa0ojx9oeQA6hU8HebA2AakHc6DfQ_h-Ug3SbVhPGJVnRU1z-O84qJIvKN0y4LaNqvzNe7SCxrfrC-3CvSI03ZBmAYDZvAvVHbrmZ_mFQpSs_7jZesNxJc-may6aQAnUrP_1d-APr8AM0S6gA:1sdpz1:esm-_-Vwn0rtYRxo0S5ruGZvikiXdajjQobibtk2mCA', '2024-08-13 11:51:35.620520'),('vewd8513lflnww55pak8b2uffk0s9bbe', '.eJx1kUFvgzAMhf8KyjmlBGgg3LbrNqn3aUImMYVCAyJJt2naf1_Ssk2TVuVi-X1-tl4-iIXOaVKlSZpTUoOzXe0MLnWvSEVS8qfXgBxQB0EdQR-mWE7aLn0TByReVRM_TQrH-5X9Y9CB6fw0ByEUMCl2bZsJxiHfJW3aYoZcNbkoVcJbpooiSbCETDYiB8mELBSXDPJMeNPe1MbNuARbUrUwGqTkskPDCfwOAyN2HjSumeZw8gOOboEOdHSHQ_Q4NRDtcQAdzNQ3VaSUjHjG0Q_sUR8OTsPV5ITaGVI9M5pRTgta0ix9oeQI6hU8HebA2Bqk7c-9fQ_h-Ug3SblhWcTKaieqRMS8EFyEVKVbFtS2Xp2vcRde0PhmfblVoAcctwvC2BswvX_gZgUWt8xjP_0rF9R6_crL4huIL304eXnTAGZSsf_V34w-vwBgx7uF:1sdqBB:dPoyKBzCBainfXHbg1SFL_T3ipcIpzkcy_4-u25-6GI', '2024-08-13 12:04:09.793133'),('6910zzk10r4ink0tlvvksvw4rwi58bt2', '.eJx1kV1PgzAUhv_K0uuOUcpXudNbNdm9MeTQHgajK4S2U2P875YNNSYu3DR9n_Oc5uWDOOi8IVUSJyklNXjX1d7iXPeKVCQhf-4akAOaJVBHMIcxkqNxc99ECxKtqY2eRoX6fmX_CDqwXZjOQQgFTIqsbblgOaRZ3CYtcsxVk4pSxXnLVFHEMZbAZSNSkEzIQuWSQcpFkPa2tn7CedGSqgVtkZLLDgMnCDssaOwCaH0zTsuTH1D7GTowmzscNo9jA5s9DmAWmfqmioQSjWfUYWCP5nDwBq6SExpvSfXMKKc5LWhJefJCyRHUKwR6mQPrapCuP_fufSkvVLqNyy3jGyaqOK-yLMp4zFkZjNLPMxpXr-Zr3UUIDL65cNwpMAPq3Yygewu2Dx_4SYHDHQvYz_2VW9J6_ZWXxTeQcAzlpOVNAUykYv-nvx19fgFNW7ts:1sdqIh:1QJAR0UmqrYSTQT5Hl4weyrUxcbElwXrSapU58Udgu4', '2024-08-13 12:11:55.648337'),('ldunreran9p3py9pbmf3x7pyj4i8s0mp', '.eJx1kUFvgzAMhf8KyjmlhFAg3LbrNqn3aUImMYVCAyJJt2naf1_Ssk2TVuVi-X1-tl4-iIXOaVKlSZpRUoOzXe0MLnWvSEVS8qfXgBxQB0EdQR-mWE7aLn0TByReVRM_TQrH-5X9Y9CB6fx0DkIoYFLs2pYLlkO2S9q0RY65ajJRqiRvmSqKJMESuGxEBpIJWahcMsi48Ka9qY2bcQm2pGphNEjJZYeGE_gdBkbsPGhcM83h5Acc3QId6OgOh-hxaiDa4wA6mKlvqkgpGfGMox_Yoz4cnIaryQm1M6R6ZpTTnBa0pDx9oeQI6hU8HebA2Bqk7c-9fQ_h-Ug3SblhPGKi4mWV5jFPxS4L90u3LKhtvTpf4y68oPHN-nKrQA84bheEsTdgev_AzQosbpnHfvpXLqj1-pWXxTcQX_pwsvKmAcykYv-rvxl9fgFY8bt7:1sdqnC:ana_erVdf000OXVLKZXdekTTdAfQGo1zOwQjUN6nbwQ', '2024-08-13 12:43:26.609846'),('183tjl65kvridpvche9udfh2rwr2i0ar', '.eJxtkVFPwyAUhf_KwjProO1K6Zu-qsnejWlu4XbtyuhSYGqM_126VY1xT5B7zvkuOXwQD12wpEpZmlNSQ_BdHRxOda9JRVLyZ9aAGtDOgj6A3Y-JGq2f-iaZLcmiuuRp1GjuF-8fQAeui-kCpNTAldy2bSZ5AfmWtWmLGRa6yWWpWdFyLQRjWEKmGpmD4lIJXSgOeSYjtHe1CyecZiypWjAOKbnssHCEuMOBwS4aXWjG0_zkBzRhgg7s6g6H1ePYwGqHA9gZpr9dIqXE4BlNDOzQ7vfBwhVyRBscqZ45zWhBBS1plr5QcgD9CtE958D5GpTvz71_n8uLla5Zueb5ipVVzqpUJFnKRJlFogrThNbXC_lat4iCxTcfrxsNdkCzmRBM78D13XjETdR_BldDvfzfZdsNOR6xDb69GYRTlP4rv2V8fgGD07Hq:1se2zz:KVBuc7ok7eQ6vOQtr2w08RvOsCmyLZylaJiY6ILBsZg', '2024-08-14 01:45:27.380474'),('56bh8aa6ofasrw49b899wf2d2k06mgxd', '.eJyFUVtvgyAU_isNz9SCUhXfttdtSd-XxRzhWK0WG4Fuy7L_PrTdvcvCA-R8t5OPF-Kg8YYUMYsFJSV415Te4li2mhQkJt9mFagOzQToHZjtEKnBuLGtookSnVEb3Q0a--sz95tBA7YJ6hSk1MCVXNd1InkKYs3quMYEU10JmWuW1lxnGWOYQ6IqKUBxqTKdKg4ikcG0taX1BxwnW1LU0FukZM4wsIeQYaHHJhCtr4bDtPIN9n6EBsziCrvF7VDBYoMdmMlMv7OymJIej9gHwQbNdusNnEz2aLwlxT2nCU1pRnOaxA-U7EA_QmBPOrCuBOXaY-uep_JCpUuWL7lYsLwQecHiSMg0Ziw4Kj-OaFx5dj7VnQXA4JMLz5UG02G_GhH61oJtwwF_0OBwxQPtY37iledvnEMvwOEKpfD1RSEcAvQb-drJD2xa5p_ImXKKFfmfBpejZ_Qz_vUNi-vimQ:1se37K:khd6ffWtXdMUDShyoz4ZVhiuNFX8EUwZO_VTglYcIc0', '2024-08-14 01:53:02.613205'),('nks7mi82654te9141kz23dotqz5q0pua', '.eJxVkMFuwyAQRH_F4kwcYxMwvqXXtlLuVWWtYR0TOzgykLaq-u_FTXrIbbUz8xbmmwQYoiNNWZSckhZiGNrocWmtIQ0pycOuAz2iWwVzAneccz27sNguXy35XfX562xwerp7HwAD-CGlBShlgGm16_tKMQF8V_RljxUK03FVm0L0zEhZFFhDpTvFQTOlpRGaAa9Uglrf-njBZcWSpofJIyV_NxycId3wMOGQjD5282V98jNOcYEBXLbHMXuZO8gOOIJbYebfJUtKJrzilAIHdMdjdHCDnNFFT5o3RisqqKQ1rcp3Sk5gPiC51xz40IIO9mrD11peqnRT1BvGs0I1XDa8zEVdSyYTUcdlQRfaO_lWt0iCw8-Qxq0BN-K09TZ9xPqwJT-_NUuI0w:1se434:cmGVNArVMADkD2AZ_0OVW-JgnRZmPRVBGlXaaLDe6vM', '2024-08-14 02:52:42.710503'),('qydfhy3nen8w0yuzxg4lufab14e79znp', '.eJxVj81uwyAQhF-l4uw4YEMMPvbeZ7AWdl2TuLjiJ2lV9d2LVV9y2tXOzLeaH5ZhKYGNHe9kwyYoeZlKojh5ZCMT7Olmwd0o7AJeIbxvrdtCjt62u6U91NS-bUjr6-F9AiyQlprmRBqV5hxmY7nRkitrZnOxGnukAUFo0YNz_cUIhRxRkTFDN-vB9LJmKtSnKZVPijuWjTkWatgV8AFr7dKwFVKewGV_9_m7ftzrnbg-CfnCzaiGUenWSC3F3tCVGCnkCrQfFMp_9b6rSqCvXPczQrjReozkE6w-5TP7_QMYTmZo:1se4D0:YYdVfMxQrghZv9cfehz3KEQVD40-oV66s3P4yNjx4Zk', '2024-08-14 03:02:58.990942'),('xwwtce2a9nf5peqhi4nwqfvny1h0cbxx', '.eJx1kctOwzAQRX-l8tpN_Ujz2sEWkLpHKJrYkyZN6lSxXUCIf8duAwiJypvR3DN3RtcfxEHnDakEEyklNXjX1d7iXPeaVESQP70G1IAmCvoAZj8lajJu7pskIsmi2uRp0jjeL-wfgw5sF6YzKEsNXJXbtpUlzyDdsla0KDHTTVoWmmUt13nOGBYgVVOmoHipcp0pDqksg2lva-tPOEdbUrUwWqTkssPAEcIOCyN2AbS-mU7x5Acc_QwdmNUdDqvHqYHVDgcw0Ux_U7mgZMQzjmFgh2a_9wauJkc03pLqmVNJM5rTgkrxQskB9CsEOs6BdTUo15979x7DC5GuWbHm6YqzSuSVFAmXLJNpcFR-ntG4enG-xp0HweCbC-VGgxlw3MwIY2_B9uHFym0C89O8QlGql3-8bL2BhDIkkxY3DeBEKv6_-hvQ5xcf6rpn:1se4fc:xGQnU7Irv2l5kSqrqHtxr0SI9-04YfrCZZtF4UHHxN4', '2024-08-14 03:32:32.164144'),('276ymo6bubpcklz1578syjm01a94hcfa', '.eJxVjsFuwyAQRH_F4owsAw42vqXXtlLuVWUtsATHBEfGtIeq_17cpodcd9682S-ygc-RDLzhLSUj5M2POeE6TpYMhJOHmwYzY9wDe4F4XmqzxG2ddL0j9T1N9etiMTzd2QeBh-RLW4JSFphRB-eEYhLaQ-O4Q4HS6lb1tpGO2a5rGuxBGK1aMEyZzkrDoBWqSKc0pnzDddeSwUFISMnvRoQrlI0EAX0BU9bLbX_5GUNewUOsjjhXL4uG6oQzxF1m_6mOUxLwA0MpnDCezznCn-SKMScyvDEqqKQd7ang75RcwH5Cofn3DyXXa28:1se4oA:5QQrtItUgdna9eLdRe5sZq-Gp4N8BAJTyvMiWd-UkNE', '2024-08-14 03:41:22.669927'),('xlodnjxd48pkoz7aosm7cco6qiw9wm62', '.eJx1kUFvgzAMhf8KyjmlhEAg3LbrNqn3aUImMYVCQ0WSbtO0_77QMk2V1lMsv-fP1ssXcdB5Q6o0STNKavCuq73Fue41qUhKbnoNqAHNIugDmP0Uq8m4uW_ixRKvqo1fJo3j4-q9AXRguzAtQEoNTMm8bblkArI8adMWOQrdZLLUiWiZLookwRK4amQGiklVaKEYZFwGaG9r6084L1hStTBapOSyw8ARwg4LI3bBaH0znZaTn3D0M3RgogccouepgWiHA5gFpn9dRUrJiGccw8AOzX7vDVwhRzTekuqVUU4FLWhJefpGyQH0OwT3MgfW1aBcf-7d5xJeiHSTlBuWRSypeFkxEedJLksRiMrPMxpXr-Rr3HzJ2-CHC_VWgxlwXJ9uOuI2iDPC2Fuw_bVtQ12vP3jZd8cSypBJVt4FwIlU7H_1L5rvH3Jbt5g:1se4q0:4kvpZVAy2jWWenmg7K7eJq02P3ByjNWBxED6T4isAPU', '2024-08-14 03:43:16.523990'),('01f96xc3laen4h6cjhbtdt9loupmhi7f', 'eyJ0YWh1biI6MjAyNH0:1sesVX:IUsMIDp37mWulVzIsMnlUFfffrgo_rBBh-5QExTV-LA', '2024-08-16 08:45:27.377819'),('zitgzorkl8q4v18334h5d7sylg86abgn', '.eJxVj0luhDAQRa8SeU2DjQ3YLLPPGVDZVQQIMchDBkW5e4zUUtS70h9e6f-wBEv2bGx5qyo2QU7LlCOFaUU2MsEeNAvujfxl4Ab-9ajd4VNYbX1F6rsb65cDaX--Zx8AC8SltDmRxk5zDrOx3GjFO2tm01uNEmlAEFpIcE72RnTIETsyZmhnPRipSqdA1zjFfFK4sGxMIVPFNsBP2MuWiu0Q0wQurR9r-i4fr3k3rm-ifxJmVGqUQy2HXpm2sFwOgXwqQPtOPv9P9_SVytkcJzYnbWAhNez3D8dIYgQ:1sewJp:yw44w_FHrAUFtpChZ3b_Y-mCfMn1o8BL8Lp6KB-vaLE', '2024-08-16 12:49:37.412628'),('qwptkv84anucbn3rbfae427sjwvl78qq', '.eJxVjsFuwyAQRH_F4owsAw42vqXXtlLuVWUtsATHBEfGtIeq_17cpodcd9682S-ygc-RDLzhLSUj5M2POeE6TpYMhJOHmwYzY9wDe4F4XmqzxG2ddL0j9T1N9etiMTzd2QeBh-RLW4JSFphRB-eEYhLaQ-O4Q4HS6lb1tpGO2a5rGuxBGK1aMEyZzkrDoBWqSKc0pnzDddeSwUFISMnvRoQrlI0EAX0BU9bLbX_5GUNewUOsjjhXL4uG6oQzxF1m_6mOUxLwA0MpnDCezznCn-SKMScyvDEqqKQd7ang75RcwH5Cofn3DyXXa28:1sewQV:3HeRtF2P862_ni2ukOrtu43JO4cXMbqyxjKdD9geaRk', '2024-08-16 12:56:31.369729'),('7tk7wvy34mvsab2erycy1ad2pe28zqwc', 'eyJ0YWh1biI6MjAyNH0:1sewSr:Ie4SslnJoITJhYb4fJzbaVMRlWTff-Y8osc1N7hW1aY', '2024-08-16 12:58:57.004073'),('rsdvckjfe1xjg5eyft4u4hywxesx3107', '.eJyFUVtPgzAU_itLnzsGBVrgca_GxMRHY8iBHkY31i20nRrjf_ewS3Q641Ob891Ov74zD32wrBKxyDirIfi-Dg7H2mhWsYxdzRpoN2gnQK_BrnZRu7N-NE00UaIz6qL7ncZheeZeGfTgelKrQiUqE9gp3RVpquMuK2US51JqqVKlM91pnSKWXRnLGMouEUWa511OYJxgS6bG1S7scZxsWdXB4JCzY4aFLVDGBocwQg82IbYLzW4_7X13mc6Wxq7BzB5xbOgpYCdPfeGpgrMBDziQ5AHtahUsnGy2aINj1VPCUy654gVPxTNna9AvQGxBOnC-htabg_FvpJ-ancfFPJEzEVdCVkJFuZJ5OpXbhnFE6-uz86n1aWOLr56uC1pnscc1NOAXNB4RBuPAGQ2WXliff-8YcgOmg7pI8ptC2BP0G_newQ_M0f2fyCPlFJv9bXA7-oh-xX98Aiol3lA:1sewyJ:9Uo97FYLpxMsYM2viruKV5Uir1rLvULk3GyGSvAspYo', '2024-08-16 13:31:27.611186'),('c4zw3a1aae0ljpi1swobkn1utwrj1p29', '.eJxVkMFugzAQRH-l8tkhNsZguLW3HipF6rGq0GIvgQQMwnbaquq_127SQ26rmTezq_0mHoZgSZOzvKCkheCHNjjc2tGQhkhyp3Wgz2iTYU5gj0umF-u3scsSkt1cl70sBqenG3tXMIAbYrrnoDQwFNpgXUrURgkleCU7XUksQdcYVei5UZ2pmRGiz1EWUmGlpNAslo6udWHFLdWSpofJISV_OyzMEHc8ruMaORe6ZU0Xv-IcIAXNv8RzScmEF5wSfng-XPEZbXCkecupoAUtaUXVOyUnMB8QwTxGwPkWtB8vo_-K0fS6HVM7Xj8w1RRVI1gmFOO8joU6bBta396Kr28to2Hx08dxb8CecdqTn1-ih3yG:1sfrUY:NiM2_JyBaJSt5YPMRXHmCeXSwjxQZfR3p6Ipdl0iOMs', '2024-08-19 01:52:30.489381'),('1iqgupzlzch7ovg95rgorjckou1rcy71', '.eJxVkMFugzAQRH-l8tkhxsZguLW3HipF6rGq0GIvgQQMwnbaquq_127SQ26rmTezq_0mHoZgScMZLyhpIfihDQ63djSkIZLcaR3oM9pkmBPY45Lpxfpt7LKEZDfXZS-Lwenpxt4VDOCGmO5zUBoYCm2wLiVqo4QSeSU7XUksQdcYVehzozpTMyNEz1EWUmGlpNAslo6udWHFLdWSpofJISV_OyzMEHc8ruMaORe6ZU0Xv-IcIAXNv5RzScmEF5wSfng-XPEZbXCkeeNU0IKWtKLqnZITmA-III8RcL4F7cfL6L9iNL1ux9Qurx9y1jDesCpTgrO6iIU6bBta396Kr28to2Hx08dxb8CecdqTn1-giXx-:1sfsel:zWinbyBdl70us45yFd_AnQ2hA8eUzV-nF6f7ZzAm18E', '2024-08-19 03:07:07.943347'),('hdpe58kpi9fitw6re22y0bbwezh6mhen', '.eJxtUU9PwyAU_yqGM-tKW1bam948mCzxaEzzCq-WraNNgakxfndft2k07gLk9xceHyxAHx2rszQrOGsghr6JHufGGlYzyf5gLeg9uoUwO3AvY6JHF2bbJoskubA-eRgNDncX7Z-AHnxP7k6A0pBirg1WG4naqFzlopStLiVuQFdIKHTCqNZUqcnzLkNZSIWlkrlOKdT6xscJ5yWW1R0MHjk7dTg4AHXcTnYinY_tOC03fsRDhMVoviGRSc4GPOKwyLf327P8gC56Vj9lPOcF3_CSq2fOdmBegYQZWcCHBnSwRxveybqMbpWqlahuRFoLVUuZqCIrCkGBOs4zutBcgs9jLYlw-BbouDbg9jisZ4TBevCW1rAm_gc4C5rLP53artC00auFvGqEiaj_zK9BfH4BM-GpjA:1sfsv2:3PBCFFCfP77uBsui0K0HLMx_HGsISicIOV2eNeK_bZA', '2024-08-19 03:23:56.052466'),('irbntxcutypxbgibjj1u1i3gzzxn080l', '.eJxtUc1PwyAU_1cMZ9a1pQzam948mCzxaEzzCq-WraNNoVNj_N993YfJohcgv094fLEI3exZlad5wVkNc-zqOeBUO8sqJtkN1oDZo18IuwP_NiRm8HFyTbJIkgsbkqfBYv9w0d4EdBA6crcZaAMpCmOx3Eg0VgstMiUboyRuwJRIKLSZ1Y0tUytEm6MspEalpTAphbpQh3nEaYllVQt9QM5OHR4OQB33oxtJF-ZmGJcbP-NhhsVor1CWS856PGK_yLeP27P8gH4OrHrJueAF33DF9StnO7DvQMKcLBBiDSa6o4ufZF1Gt0r1KivvsrQqdCVFIoVSWlOgmacJfawvweexKiI8fkQ6ri34PfbrCaF3AYKjNa6J_wXOgvryT6e2f2ja6NWZ_NcII1F_mesgVP79A5VpqW0:1sftO1:F21UJZ3QDEduBTdBi3AtKC_ED4pTFM0ukuAJ4h4IY_0', '2024-08-19 03:53:53.600255'),('6pmjjew8cce1mp6gg27jgexcqq0zidmi', '.eJyFkc9PgzAUx_8V03PHKNBRuOnNg8kSj8aQR_uQbqwQ2k6N8X-3DKZZnPECzft8f5THB3HQekPKJE4ySirwrq28xbHSipSEk4tZDXKPZgJqB-alj2Rv3KjraJJEC7XRQ6-wu1u0FwEt2Da4GwZCQoypVFhsOEolUpGynNcy57gBWWCYQsOUqFURqzRtEuQZF5gLnso4hGpbWT_gOMWSsoHOIiWnDgMHCB23gx6Czvq6H6YbP-LBw2RU5xFLOCUdHrGb5Nv77Sw_oPGWlE8JTWlGNzSn4pmSHahXCMIkWMC6CqTTR-3eg3Va3SoWK1bcMFbyuORZlPM0FtP2pB9HNK5ague15gEYfHPhuFZg9titR4ROW7A6PN068O_BLKiW_3Rqu4LDK3w141eNMAT0m5wXkSe_mA3nfypPkrk2E38GXK8-0Z_6zy_ypNdT:1sfuM3:1UpaTFkn8O6jHha5yXBm1UHv2ApUeOptCaBtz6P8m5E', '2024-08-19 04:55:55.021110'),('9bmyifxj4dhrqprgkd21zzdfuofjuhhf', '.eJxtUU1PwyAY_iuGM-tKKS3tTW8eTJZ4NKZ5C29tt442BabG-N-FrTNZ9ALk-Xo_-CIOem9InaVZTkkD3vWNt7g0gyY1EeQGa0Ed0ERC78G8TYmajFuGNomSZGVt8jRpHB9W7U1AD7YP7o6BVJAiVxqrQqDSkkvOStGqUmABqsKAQse0bHWVas67DEUuJJZScJWG0ME21s-4xFhSdzBapORcw8ARQo37eZiDzvp2mmPHz3j0EI36CrFMUDLiCcco3z3uLvIjGm9J_ZJRTnNa0JLKV0r2oN8hCLNgAesaUG44De4zWOPqNqncsOqO8ZqVdZ4luSgYj30qvyxoXLMGX9ZaBsLghwvPrQZzwHG7IIyDBTuE020D_wtcBM36T-dq_9DhClMz8a8R5kD9Za6LKLPvH4aTqVc:1sfvi2:XyJ7qqLAwTocTrwVikcDmCW-xXcsZyEKqG4wgAERVUo', '2024-08-19 06:22:42.982920'),('qdhjrxmi3pyrs03ryv8l136gorncfbvi', '.eJxtUctOxCAU_RXDmum0MPS1050Lk0lcGtPcwq1lpkObAqPG-O_ezsNkohsg53Xh8MUC9NGxWqRiw1kDMfRN9Dg31rCaKXaDtaD36BbC7MC9jYkeXZhtmyyS5ML65Gk0ODxctDcBPfie3F0GpYYUpTZY5Qq1KWUps0K1ulCYg66QUOgyU7amSo2UnUC1USUWpZI6pVDrGx8nnJdYVncweOTsNMPBAWjG_WQn0vnYjtNy42c8RFiM5gplQnE24BGHRb593J7lB3TRs_pFcMk3POcFL18524F5BxIKsoAPDehgjzZ8knWpbpWWq6y6y1SdFtRlIqs8lYICdZxndKG5BJ9rLYhw-BHouDbg9jisZ4TBevCW1rAm_hc4C5rLP52m_UPTRq_O1L9GmIj6y1yLKMT3D4c4qVg:1sfxQ8:saOG3D5qEno7HS_F2sBK6F1PEmB0V0ALl4PXQCrUH-w', '2024-08-19 08:12:20.510638'),('6tuh9n56xb27lrmyjgkvjacvb9gzjeit', '.eJxtUU9PwyAU_yqGM-taKC3tTW8eTJZ4NKZ5hVfL1tGmwNQYv7t060wWvQD5_YXHF_HQB0tqlrKckgaC75vgcG6MJjUR5AZrQR3QLoTeg30bEzVaP5s2WSTJyrrkadQ4PKzam4AeXB_dXQZSQYpcaawKgUpLLnlWilaVAgtQFUYUukzLVlep5rxjKHIhsZSCqzSGGte4MOG8xJK6g8EhJecOC0eIHfeTmaLOhXaclhs_4zHAYtRXKGOCkgFPOCzy3ePuIj-iDY7UL4xymtOCllS-UrIH_Q5RyKIFnG9AeXMy_jNal9FtUrnJqrtM1LyqmUxEIVkuY6AK84zWN2vwZaxlJCx--HjcarAHHLYzwmAcOBNXv438L3ARNOs_ndv-oeMWX52Jf40wReovcx1Eyb5_AJcLqW8:1sfxvE:ouifZISB3NEQjC6vE_v1CTAZxHNLrJHqWpthqypgFxQ', '2024-08-19 08:44:28.668846'),('xrt243ez12w3jzkl5zwybpvs4zy6evjf', '.eJxtUc9PgzAU_ldMD546Rsu6FhJi9ObBZIlHY8ijfQgbK4TC1Bj_d9uNHdx2onw_3vf69YeMUE-WZDzmK0oKmMa6mBwORWNIRgT5h5Wgd2gDYbZgP7pId3YcmjIKkmhmXfTSGWyfZu2_ATW42rsrBkpDjIk2mK4FaqMSlTApSi0FrkGn6FGomFGlSWOTJBVHsRIKpRKJjv3QxhVu6nEIY0lWQeuQkmOGhT34jMe-6b3OTWXXh41fcT9BMJozxLigpMUDtkG-ed6c5Hu0kyPZG6cJXdE1lVS9U7IF8wleyL0F3FiAHptDM357a6huEasFS--YyFYii9OIqSSVYU89DQPasZgHn2qVnrD4Nfrj0oDdYbscENrGgWvm_4cLoDi-Ux6y7i8p_4GciSvcW6DP2RV-KiCX3K9xM2a-1A06RPnmxE0j9J66Zs59S_77B5tX0AE:1sfy0j:6bWUHY-envOWftvPrb17tzFJvweNwzZi_GcOfDvh-L0', '2024-08-19 08:50:09.229664'),('ujbraw3bcbf1erkywpcf03cz95hhdkhf', '.eJxtUU9PwyAU_yqGM-taKC3tTW8eTJZ4NKZ5hVfL1tGmwNQYv7t060wWvQD5_YXHF_HQB0tqlrKckgaC75vgcG6MJjUR5AZrQR3QLoTeg30bEzVaP5s2WSTJyrrkadQ4PKzam4AeXB_dXQZSQYpcaawKgUpLLnlWilaVAgtQFUYUukzLVlep5rxjKHIhsZSCqzSGGte4MOG8xJK6g8EhJecOC0eIHfeTmaLOhXaclhs_4zHAYtRXKGOCkgFPOCzy3ePuIj-iDY7UL4xymtOCllS-UrIH_Q5RyKIFnG9AeXMy_jNal9FtUrnJqrusqNOqFiyRouQ5i4EqzDNa36zBl7GWkbD44eNxq8EecNjOCINx4Exc_Tbyv8BF0Kz_dG77h45bfHUm_jXCFKm_zHUQJfv-AZDsqWY:1sfyOf:Rvynp-nAQ2x0cc33jGFGM2RF4snJOlOpVYkXTkGf7So', '2024-08-19 09:14:53.016173'),('12d5f97ieetwiobbgaeicq53rg4zt8wq', '.eJxtUU9PwyAU_yqGM-taKC3tTW8eTJZ4NKZ5hVfL1tGmwNQYv7t060wWvQD5_YXHF_HQB0tqlrKckgaC75vgcG6MJjUR5AZrQR3QLoTeg30bEzVaP5s2WSTJyrrkadQ4PKzam4AeXB_dXQZSQYpcaawKgUpLLnlWilaVAgtQFUYUukzLVlep5rxjKHIhsZSCqzSGGte4MOG8xJK6g8EhJecOC0eIHfeTmaLOhXaclhs_4zHAYtRXKGOCkgFPOCzy3ePuIj-iDY7UL4xymtOCllS-UrIH_Q5RyKIFnG9AeXMy_jNal9FtUrnJqrusqHlVC5aIKuN5HgNVmGe0vlmDL2MtI2Hxw8fjVoM94LCdEQbjwJm4-m3kf4GLoFn_6dz2Dx23-OpM_GuEKVJ_mesgSvb9A5D8qWY:1sfyrg:hXt4I1lSgAwJszJMREbCL0gaayJCHE79kDVlGBBwMM0', '2024-08-19 09:44:52.648735'),('aixw5bh8phq3a4gk40woa2wbvv0xauqr', '.eJxtUU1PwyAY_iuGM-taWlram948mCzxaEzzFt5ato42BabG-N-FrTNZ9ALk-Xo_-CIOBm9Iw1JWUNKCd0PrLS6tVqQhnNxgHcgDmkioPZi3KZGTcYvukihJVtYmT5PC8WHV3gQMYIfg7jMQElLMpcK65CiVyEWeVbyTFccSZI0BhT5TolN1qvK8Z8gLLrASPJdpCNW2tX7GJcaSpofRIiXnGgaOEGrcz3oOOuu7aY4dP-PRQzSqK5QxTsmIJxyjfPe4u8iPaLwlzQujOS1oSSsqXinZg3qHIGTBAta1IJ0-afcZrHF1m1Rssvouq5qUNZwlYZ6yiH1KvyxoXLsGX9ZaBcLghwvPrQJzwHG7IIzagtXhdNvA_wIXQbv-07naP3S4wtQZ_9cIc6D-MtdFVOz7B4yyqWA:1sfzDw:mVIQmXpp3TCyL_9vO851nzuuf1DSFgaFdBWV7ukaRmo', '2024-08-19 10:07:52.982227'),('ohx0f9a5jw3ioespsm5arvtj7ftuvdpw', '.eJxtkctOwzAQRX-l8tpN47ycZNktQkJiiVA0iSeN29Sp_CggxL8zaVNQBRvbmnPvHXv8yTwMwbA6iZOMswaCH5rg0DZasZpl7K7WQndAMwO1B7Obom4y3uo2miXRQl30OCkct4v2LmAAN5BbllLILMFeqr5MUxX3WVWIOC8KVchUqkz1SqWIVV_FRQxVL5IyzfM-JxgL7ChUu8aFE9o5ltU9jA45u_QwcATqccAxWBjACFK70E6n-d4Pt-pqq80e9OoZbUtPATNnqptOlpyNeMaRLE9odrtg4BpzRBMcq18ET3nBJS95mrxytgf1BqROyAfON9B5fdb-g_zzZNdxuRbVSsg6kXVcRSLPy6ykxC5Yi8Y3S_J16pKAwXdPx40CQy_ZWIRRO3CaVr8h_lO4CprlGy_d_sG00VBE_q8RToT-kt9hfH0D6OC0NA:1sfzbR:GmjbjQnBAGQqTTVyOTRww5gGgpgg5ZqrT3pkL8hf0Lc', '2024-08-19 10:32:09.449455'),('yp28vfkouoh28ff1t4p7xwxuyissu174', '.eJyFkc1OwzAQhF8l8tlN7fw7N7gCUu8IRRt706RJnSq2Cwjx7jhtQAW14mKtPLPfWOMPYqF1mpQRixJKKnC2rZzBqeoUKUlEft3VIHvUs6B2oLdjKEdtp64OZ0u4qCZ8GhUO94v3F6AF0_rtDIRQwKVImyYWPIMkZU3UYIyZqhNRKJY1XOU5Y1hALGuRgORC5iqTHJJYeGhnKuMOOM1YUjYwGKTklKFhDz7DwICtNxpXj4f5yQ84uAla0MEd9sHjWEOwwR70DFPfrjyiZMAjDn5hg3q7dRrOkD1qZ0j5zGlMM5rTgsbRCyU7UK_g3fMeGFuBtN2xs-9zeb7SFStWXAQ8L5OsZCzkCUvTzBOlmybUtlrI57pzL2h8s35cK9A9DusJYegMmM6fdu31n4uzwfi5Wv7wlHjD4kffSlLcBMCBlPy6elnOH_2f6CWWp1cXr0dexH1-Abg03_I:1sfztg:ImBi6MPvrLMPrAvPHilRbOkNxZsoOwi8vfZYimMP8cs', '2024-08-19 10:51:00.241572'),('grvw33vbanaru6gjdshww2u2ozci0xeh', '.eJyFkU1Pg0AQhv-K2fOWsixbFm5682DSxKMxZNidWlq6EHapGuN_d6A0pmmNJybzvB8wfLEA28GxIomTlLMShrAtB499WVtWMMUudhWYPboR2B24tzYyrQt9XUWjJJqpj55ai83DrL0I2ILfknsjQBuIURqL-UqhsVpqKTJVmUzhCkyOtIWNsLqyeWyl3CSoUqUx00qamEJrX_qhw36MZcUGGo-cTR0ODkAd913dkc4PVduNb_yMhwFGoz2vRKI4a_CIzShfP65P8gO6wbPiJeGSp3zFM65fOduBfQcSJmQBH0owoT7W4ZOs4-kWsV6I_E7kRSoLIaI8kXKVUqAZ-h5dKOfg01k1AYcfgcalBbfHZtlA1_bgmtqHJdEegUbw9QmX81-aum5getA3C3XTCB2ha3I-Q5ZcMU_zP5WT5FSb6j8DbldP9Lf--wcwZNaG:1sg1j6:WPuDtgMqGL1-_uzKd9sRTIyvFO0rfBHjBw_U3xk2SGA', '2024-08-19 12:48:12.117413'),('9m0qiai86o01no8z2glbz8h40clfvrke', '.eJxtUc1LwzAU_1ckB0-xa9NmTQtD9OZBGHgUKa_Jq8vWpaVJ_UD8333Z5kE3CCT8PpOXLxZgMztWi1QUnDUwh00ze5waa1jNJPuDtaB36CJhtuBeh0QPLky2TaIkObE-eRwM9vcn7Z-ADfgNubsMlIYUc22wWkrURuUqz0rZ6lLiEnSFhEKXGdWaKjV53gmUhVRYKpnrlEKtb_w84hRjWd1B75GzQ4eDPVDH3WhH0vm5HcZ44yfczxCN5hfKhOSsxzfso3z9sD7K9-hmz-pnwXNe8CUvuXrhbAvmHUgoyAI-NKCDfbPhk6xxdDepusmqq6yqC0UrEaJYqpwC9TxN6EJzCj6OVRHh8CPQcWHA7bBf9DAOE7jO9gGnxe2E0FsP3h7p5vBLq9h0_Z-iDVaZPMPJAuMqO8OPz1-Vgi5xseb0pAt0rKK5yYtGGIk6Z36nXYrvHwU7z1A:1sg1oW:9P9SMmCGdV51i7h1lXhbaRdJ619mLe2gHgnXSrtYnxM', '2024-08-19 12:53:48.242685'),('9n2m2deq59jqo3763uzbh5cml8mw2uwq', '.eJyFkc9PgzAUx_8V03PH2kJH4aY3DyZLPBpDHu1D2FghlE6N8X-3DBazbMZTm_f5_oDXLzJC7S3JBRMJJQX4sS68w6FoDMmJJBezEvQe7QTMDuxbF-nOjkNTRpMkWqiLnjqD7cOivQiowdXBXXFQGhjG2mC2kaiNilXMU1nqVOIGdIZhChU3qjQZM3FcCZSJVJgqGWsWQhtXON_jMMWSvILWISWnDgsHCB33fdMHnfNl109f_IwHD5PRnEdcSEpaPGI7ybeP21l-QOsdyV8EjWlCNzSl6pWSHZh3CEIRLODGAvTYHJvxM1in1a2YWvHsTrCcsVyqiPOEpyIEaj8MaMdiCZ7XqgKw-DGG69qA3WO7bqHvBrC9qdYBDght48A1My2WRzpV3cDhCL_M5U0j9AFdk_MWUnHFXLj_U3mSzLWJ-jPgdvWJ_tZ__wAjf9X1:1sg20I:ZcerGb5G5jlQFRIevV1VHvfGnUzFEcRg_sHi5T0BtUA', '2024-08-19 13:05:58.342365'),('htrvpsx6hv4766428x3ys7k0s3aih52x', '.eJx1kU1vgzAMhv_KlHNKISEQuG23HSZV2nGakEnMoKUBEeg2Tfvvc1p6qLTeHL-PX3_kh83QLo6VIhYpZxUsc1stHqeqs6xkit3kajAHdEGwe3AfQ2QGN09dHQUkWlUfvQwW-6eVvTFowbdU3SSgDcQojcUiU2isllomuapNrjADUyBloUmsrm0RWykbgSpVGnOtpInJtPOVX0acgi0rG-g9cnbu4eAI1ONx7Ebi_FIPY5j4FY8LhEJ7TSVCcdbjCfuA7553F_yIbvGsfBNc8pRnPOf6nbM92E8gUFAJ-LkCM3enbv6m0nC6Taw3SfEg4lKoMsmiOFNxIsnQLNOEbq5W48tZNQkOv2YKtxbcAfttD-MwgfOdB6DJt0RMCD09fXdBglStv3XueQehkPZP9V0DGGn3_9XraXLx-wf6ELDm:1sg2No:q0gzHKFxi6lvdtjwTvAofUXqWkC_UfNFvM9rf0YeprA', '2024-08-19 13:30:16.284803'),('caph62bjb5z92yoodftuzir58kef98af', '.eJxtkTFvgzAQhf9K5dkh2GAwbO3WoVKkjlWFDvsoTohB2E5bVf3vNQkZomaydd97787nH-KhD5bUPOU5JQ0E3zfB4dwYTWoiyE2tBXVAuwC9B_sxJmq0fjZtskiSlbrkZdQ4PK3am4AeXB_dHQOpIMVMaawKgUrLTGasFK0qBRagKoxV6JiWra5SnWUdR5ELiaUUmUpjqHGNCxPOSyypOxgcUnLuYeEIscfjZKaoc6Edp2XiVzwGWIz6WmJcUDLgCYdFvnveXeRHtMGR-o3TjOa0oCWV75TsQX9CFPJoAecbUN6cjP-O1mV1m1RuWPXA0zrPa5EnhWAFy2OgCvOM1jdr8GWtMgKLXz5etxrsAYftANM4g4U49TbSGWEwDpy54Gb9pXOvOzge8c1M3DXCFNF_cl1DyX__ACOXqHs:1sg2go:-2IPGd2iCTtjgcR-W2I1otgLngTt9iGPttTZ8ysTlm8', '2024-08-19 13:49:54.843325'),('tmovuimz7cclnim9lcj7793l8z2e9nyo', '.eJxVkM1OwzAQhF8F-eym_okbJze4cUCqxBGhaGNvSELqRLFdQIh3x6bl0Ntq5pvZ1X6TAEN0pBFMlJS0EMPQRo9bO1rSEEVutA7MO7ps2Anc21KYxYVt7IqMFFfXF0-Lxfnhyt4UDOCHlO45aAMMpbFYHxQaq6WWvFKdqRQewNSYVOi51Z2tmZWyF6hKpbHSShqWSkff-rjilmtJ08PskZK_HQ5OkHbcr-OaOB-7Zc0XP-MpQg7af4kLRcmMZ5wzfnw8XvATuuhJ88KpoJKW9EArql8pmcB-QEJFCoEPLZgwnsfwlcL5eTumd4Ldcd6UqmGiqCsmdf6fiduGLrTX6stjeTIcfoY07tMx-xUn6CDsyc8v-Td-sQ:1sgGjv:xLwW3pYIpewGO_35jRDKBak7ahPUxLlW17iAdJlG4fM', '2024-08-20 04:50:03.017341'),('c78rm31iz1oy7usmu5m5wm0q0jci706v', '.eJxVkM1OwzAQhF8F-eym_qlrJze49YDUO0LRxt6QtKkTxXYBId4dm5YDt9XOfLOj_SIRhuRJI5jYUdJCikObAq7t6EhDFPm368Ce0RfBncC_zZWdfVzHriqW6q6G6nl2OD3dvf8CBghDpnsOxgJDaR3We4XWGWkk16qzWuEebI15Cz13pnM1c1L2AtVOGdRGScty6BjakBZcSyxpepgCUvJ7w8MF8o3HZVyyL6RuXkrjgw8LnuO8Qiy4-xM0o2TCK06FOR6ON-aCPgXSvHAqqKQ7uqeamldKTuDeIVtFhiDEFmwcr2P8zHD54IaZjWAPXDRcNkxXmjNTmxxp07qij-09-vZdngWPHzGP29xlu-AJOohb8v0DEouBGw:1sgHB5:RkJpBFoz-hJ5ev4vcr74W3wBkPfOUP4_csGqdiAIBH4', '2024-08-20 05:18:07.732007'),('jr5zot7i7ry0ytcj7734zdchrrprspk7', '.eJxVkLFuwyAQhl-lYiYOhmBjb-2WoVL2qrLOcI5JHGwZSFtVffdCkw7Z0P3_9x26bxJgjI60nPEdJR3EMHbR49pZQ1oiycOsB31GlwNzAnecCz27sNq-yJXinvridTY4vdy7D4IR_JjooQSlgaHQBptKojZKKFHWste1xAp0g2kKQ2lUbxpmhBg4yp1UWCspNEtS6zsfF1yzlrQDTB4p-dvh4AJpx_Nil9TzsZ-X_OO98wuew7xCyLj5D2pGyYRXnDJz2B9uzAVd9KR9Kymngu5oRWuq3ik5gfmAVOUJAh860MFebfhKcL7ghqkNZ08lb7louSrqUkpeJaWO64oudHf17bo5cPgZ0nNrwJ1x2k7Why35-QUTEYEu:1sgHL6:cAwArUAQcGzKJ5P8v0i738ynIBZuyhm8_HQzuwlhDHI', '2024-08-20 05:28:28.795817'),('5y26p8qgiza3kyr46qwceeewrm67pyap', '.eJyFkV1PgzAUhv-K6XXHgPLRcad3uzDZvTHk0B6EjRVCy9QY_7unDDXLZrwC-rwfp4cP5qCZDCviME44K2FyTTlZHMtWs4Kl7OKsAnVA44Heg3npA9UbN7ZV4CXBQm3w2GvsHhbtRUADtiF3HYFUEKJQGjdZikpLIUWUp5XKU8xAbZBOoY60rPQm1ELUMaZJKjGXqVAhhba2tNOAo49lRQ2dRc7mDgNHoI77oR1IZ6eqH_zEW2MHPLh-BOft-hvkIWcdnrDznt12d_Yc0UyWFU8Rj7ngCc94zuUzZ3vQr0DSmExgXQnKtafWvZPZb3AVylUc3kWiEHEh8iDKwizJKFJN44jGlUv0ebuSgME3R69rDeaA3bqDgSY0trUAdIE1KUaEjj5te5aUyw-b-25getD1o_SmEQZC1-RnF_EV85P8UzlLzrWJ_DPgdvVMf-s_vwBcrNrd:1sgIQ1:ENHN_7VikHIw-6CBjCGQBGZTRD1NSHATeEWsLnCINrA', '2024-08-20 06:37:37.473051'),('j8hywg97o5xwvgt9esbtqhbbg9f6fbm2', '.eJxVkM1OwzAQhF8F-eymTlwnbm5w6wGpd4Sijb0hbl0n8k8BId4dm5YDt9XOfLOr-SIR5uRI37BmR8kAKc5DCugHo0lPBPm3G0Gd0RVBn8C9LZVaXPRmrIqluquhel402qe791_ADGHO9FSDVMCQK437VqDSkkted2JUncAW1B7zFqZay1HvmeZ8alDshMROCq5YDjVhCGlFX2JJP4ENSMnvDQcXyDceV7NmX0jjspaPDy6seI6Lh1hw_Sd0jBKLV7SFOR6ON-aCLgXSv9S0oZzuaEs7Kl8pOYF-h2xtMgQhDqCiuZr4meHS4IbJTcMeat4L0QtZcSlYW0pUyXt0cbhH39qVWXD4EfO41eDOaLcW1vyhm4yN6Lfk-we23oTx:1sgImc:NznvoxMwELOgkP0SMtR-XZYQuR5ZlmQAscvRlVoKRkw', '2024-08-20 07:00:58.499861'),('1zdl15jupj30m9mm6t4jfm6o1ealx625', '.eJxtkcFugzAQRH-l8tkhxmAw3NpbDpVyryq02EtxQgzCJm1V9d9rJ7RS1Jy88puZXa-_iId-saTmjOeUNLD4vlkczo3RpCaC3Ny1oI5oI9AHsG9jokbrZ9MmUZKs1CXPo8bhadXeBPTg-uDuUpAKGGZKY1UIVFpmMktL0apSYAGqwnALXaplqyums6zjKHIhsZQiUyyEGte4ZcI5xpK6g8EhJZceFk4QejxOZgo6t7TjFCfeWTfh0Y8z-GjXv6BklAx4xiF69rv91XNCuzhSv6SU04zmtKAlla-UHEC_Q5DyYALnG1DenI3_DOa4wQ2TG84e0rxmos55UsqiYnGJaplntL5Zo6_blQFY_PCh3GqwRxy2A0xhQjsY57eBzgihBGeuuFk_69LrDg5HeHoq7hphCug_-dsD__4BcA2rUw:1sgIw2:1fQz0qaEZT77a-Tztl8PPD9US3L9zHS0VKuqqLI0bAg', '2024-08-20 07:10:42.961871'),('94afaj1o2gpx64wetkz3r2k58po097sp', '.eJxtkcFuwyAQRH-l4kwcDCYmvrW3HCrlXlXWGtY1iYMtg9NWVf-9kLiVouYE2rczOyxfJEA3O1JxxgtKaphDV88ep9oaUhFJbmoN6CO6BMwB3NuQ6cGFyTZZaskW6rPnwWD_tPTeGHTgu6huc1AaGAptcLuRqI0SSuSlbHQpcQN6i7EKbW5UY7bMCNFylIVUWCopNIum1td-HnFKtqRqofdIyWWGgxPEGY-jHWOfn5thTIl3zo94DMMEIcnNLygZJT2esU-a_W5_1ZzQzZ5ULznlVNCCbmhJ1SslBzDvEFt5FIEPNehgzzZ8RnHa4IqpFWcPeVEJWUmVFSUreIqr52lCF-rF-rpdFYHDjxCvawPuiP26hzEmdBDDryOdEHrrwdsrrpfPusy6g-MRn57Lu0IYI_pP_vbAv38AYrirOQ:1sgJPK:WJnifKceIItfTqJ1CDZeFlvKe4aP-BCyGhJbx_RNBIU', '2024-08-20 07:40:58.650880'),('w9gilv89uvogf68z67j30l2qbl2j5ht5', '.eJxtkUFvgzAMhf_KlHNKCSEQuG23Hib1Pk3IJGbQ0oBI6DZN--8zLZtUradE_t57dpwvFqCdHSuTOEk5q2AObTV7nKrOspIpdlOrwRzRLcAewL0NkRlcmLo6WiTRSn30PFjsn1btTUALviV3I0AbiFEai0Wm0FgttRS5qk2uMANTIFWhEVbXtoitlE2CKlUac62kiSm085WfR5yWWFY20Hvk7NLDwQmox-PYjaTzcz2My8Q750c8hmGCsNjtL8hjzno8Y7949rv91XNCN3tWvgiecMlTnvGc61fODmDfgaQJmcCHCkzozl34JPOywU2sN0n8IFQZp6WQkSikzHKKNPM0oQvVGn3dribg8CPQdWvBHbHf9jDShA5o-C3RCaHvPPjuiqv1sy697mA66OlC3TXCSOg_-dtD8v0DYlurOQ:1sgJqf:Q-hgCiqxpGWT-n8VvNLJnEDu-QK7CKTZJDqZbxwOXfg', '2024-08-20 08:09:13.442775'),('e8quk42m3qm8dt3rlvhctlwbbodb508s', '.eJyFkV1PgzAUhv-K6XXH-Ooo3OndLkx2bww5tAfpxgqhZWqM_90DQ82yGa9o-rwfp4cP5qEZLSviME45K2H0TTk6HEqjWcEEu7irQB3QTkDvwb50geqsH0wVTJJgoS547DS2D4v2IqAB15C7jkAqCDFRGvONQKVlIpMoE5XKBG5A5Ui3UEdaVjoPdZLUMYpUSMykSFRIocaVbuxxmGJZUUPrkLO5w8IRqOO-Nz3p3Fh1_TTx1roeD74bwE92_Q2ykLMWT9hOnt12d_Yc0Y6OFU8Rj3nCU77hGZfPnO1BvwJJYzKB8yUob07Gv5N52uAqlKs4vItEEUeFEEEooizPKFKNw4DWl0v0ebuSgMU3T8e1BnvAdt1CTxNaoOHXRAeE1jhw5ozL5WfNXTcwfejpkbhphJ7QNfnZQ3zFHJ3_qZwl59pU_hlwu3qmv_WfX7tm2TM:1sgK7n:Gd9Fp4R7i2DGBETlKXoKIBPSg73gb4OI72xIF2bptec', '2024-08-20 08:26:55.328530'),('esctf20jt63jehcpgcxq3ecctbaymy4d', '.eJxVj0luwzAMRa9SaO04mhxLXnbfMxiUyNhOXDnQ0AFF714Z9SYbkuD_fMT_YRnmEtggudQNG6HkeSyJ4rggG5hgTzsH_k5hF_AGYdpav4UcF9fulvZQU_u2Ia2vh_cJMEOa6zUnMtgZzuFqHbdG887Zq704gwqpRxBGKPBeXazokCN2ZG0vr6a3StebCl3SmMqD4o5lQ46FGnYD_IS1ZmnYCimP4PPyseTv-nGPd-LmJMWL4APXg9Kt0LbXqrJ8iZFCrkD3TqH8R5eyKoG-cp3PCCVNtYY7rUd7xG06s98_3OFm3w:1sgbeE:ZboLv7uxvv4blI1x0KKws4tAT2QlXEM-sWwiUT7bGbI', '2024-08-21 03:09:34.246726'),('b3s0qqqq4wc72b0d3a6qoe8vk3krribq', '.eJxVT8lqwzAQ_ZWis-NIshVLPvbebxAjzXhJjBy0dKH03yuDL4FhBuZtvF-WYSmBjZLLvmEWSl5sSRTtimxkgr38HPgHhQPAO4R5b_0eclxde1DaE03tx460vZ_cF4MF0lLVnEij0pzDZBw3uufKmcncnMYOaUAQWnTgfXczQiFHVGTMICc9mK6vmmq6JpvKk-Jhy8YcCzXsDvgFW-3SsA1StuDz-rnmn5p41LtwfZHiTfCxjtJtjZWKV69A37lyrgglzXWHB23necZ9vrK_f9WUXfo:1sgbkQ:FBJ4cbGO1l9W3M2gUhdSeZTdXui7Pj1pfpMB2d2N9RY', '2024-08-21 03:15:58.930391'),('giyn8lo3ghvbh9a2c67ja8pl6ywok5q6', '.eJxVj81ugzAQhF-l8pk4_gNsjr33GdDCLuAEmQjbSauq714jccllV9qZ-VbzyxIsObBOCWUq1kNOS58j7b1H1jHJ3m4DjHcKh4A3CPPGxy2k3Q_8sPBTjfxrQ1o_T-8bYIG4lLQgslhbIWByg3DWiHpwk2sGixqpRZBWahhH3ThZo0CsyblWTbZ12pRMgfrYx_yg_cCyLu2ZKnYDfMFaulRshZh6GJN_-vRTPh71LsJelPyQpqtNpzVvpFLGFFag71Q8V4Qc5zLDndZzPfZtvrK_f9aWXf8:1sggAr:nrU8KLYp3-VUEYHIBazxvkTIt1bODB_TF8fu236p3_U', '2024-08-21 07:59:33.678375'),('yqa7m2kn4uzqziqz0zuxrcolb69eyygb', '.eJxVj0tuwzAMRK9SaO04kmXZkpbd9wwCbdKfxJADfZIWRe9eGfAmGxLgzDxiflmCJXtmG960FXOQ0-JypOBWZJYJ9nYbYLyTPwS8gZ_3etx9CutQH5b6VGP9tSNtn6f3DbBAXEqaE2lUmnOYzMCNbrkazGS6QaNE6hGEFhLGUXZGKOSIiozpm0n3RrYlU6BrdDE_KBxYZlPIVLEb4Au20qViG8TkYEzrc00_5eNR78L1pREfQtlWWalqaTopj4aevlPxXBFynMv0d9rO9Qj7fGV__9gkXgg:1sggyF:QWI8v_BrAPeQ9oEtUYRl6fe6XhaCSuDxSCxfj9tpDDY', '2024-08-21 08:50:35.634528'),('p4w8oj8f8gom3xir4q9nnxpfg6xu6liu', '.eJxVj8luwzAMRH-l4NlxJNmKJR177zcYtEkviSEHWrqg6L9XBnzJhQQ4M4-YX0i4ZA9OCdVW0GNOS58jh34lcCDh5Tbg-GB_CHRHP-_1uPsU1qE-LPWpxvpjJ97eT-8LYMG4lLRgNqSNEDjZQVjTCj3Yyd4GQw1xRyiNbHAcm5uVmgSRZms7NZnONm3JFOga-5ifHA4suBQyV3BH-sKtdKlgw5h6HNP6uaaf8vGodxHmouSb1E4r13a1EEoaXViev1PxXAlznMv0D97O9Qz7fIW_f9a5XgA:1sgh5D:x_BKDO96iyhaibbFBKidxvVFTpHYwyQKho7libqtDF0', '2024-08-21 08:57:47.164425'),('8znizrlpwph4agltf9ogs3t7ryn8w5k7', 'eyJ0YWh1biI6MjAyNH0:1sgivJ:deD-eqHXXtf67SdT04HSK3cWHX5gPTAAi9gZAMaHVOc', '2024-08-21 10:55:41.717790'),('6zwr1q6d3fl5qbs1s15ks5alcinxs9dv', '.eJxVjctqxDAMRX-laJ3J2M7LzrL7foNRLOUxE5whtmdaSv-9DmTRgpBAuufoGyymONsUeLcLQQ8Sir-7Ad2d_XGgG_ppK93m474M5REpz2soPzbi9f3M_hPMGOZMC2ZNjRYCRzMIo2vRDGY07aCpIu4IpZYVOle1RjYkiBo2plOj7kxVZyZLl2BDevB-aKGPe-ICbkgvXKFXBawYokUXl-cSv_JHJVR9Efqi5JvUvRC5StV2taqzK-KcfMZypgDPnzEDV8IUptz9nddzPPZtusLPL1c8Xfo:1sgj4K:hpws5vwbzN5nnnqCMJ5I9nwe9Jbw-5i9v7Oa1_1Qoxs', '2024-08-21 11:05:00.421814'),('3zkwpsvhe83mxj2pdt3colofrih6ol46', '.eJxVj0tuwzAMRK9SaO04kmzZkpbd9wwCbdKfxJADfZIWRe9eGfAmGxLgzDxiflmCJXtmJZdtxRzktLgcKbgVmWWCvd0GGO_kDwFv4Oe9HnefwjrUh6U-1Vh_7Ujb5-l9AywQl5LmRBqV5hwmM3CjW64GM5lu0Ngg9QhCiwbGsemMUMgRFRnTy0n3pmlLpkDX6GJ-UDiwzKaQqWI3wBdspUvFNojJwZjW55p-ysej3oXrixQfQluubCtrrZVsusLy9J2K54qQ41ymv9N2rkfY5yv7-wfYul4M:1sgj9r:gx9851JMy8sPHc4qthgszuhJaoG8SCu7ih4rC-jRpeQ', '2024-08-21 11:10:43.034523'),('rsf7spo7ptp8nne0ulbwkhw1nvxfyxnq', '.eJxVj81ugzAQhF-l8pkQGxuwfey9z4AWdgEnyET-SVpVffcaiUsuu9LOzLeaX5ZgzZ7ZhjeqYgPktA45UhgcMssEe7uNMN3JHwLewC97Pe0-BTfWh6U-1Vh_7Ujb5-l9A6wQ15LmRBpbzTnMZuRGK96OZjbdqFEi9QhCCwnTJDsjWuSILRnTN7PujVQlU6AuDjE_KBxYZlPIVLEb4Au20qViG8Q0wJTc06Wf8vGod-H60ogPoW2jLO9qKU2n-sLy9J2K54qQ41Kmv9N2rkfYlyv7-wfY0F4N:1sgjRe:Sw_yyAZD3Oy-8-vh_QQ5G3WCfg4gzwzztmrXkZv7lbQ', '2024-08-21 11:29:06.474231'),('e42v8xsrweu3ouhznrq95joo1f6ywfbr', '.eJxVj0tuwzAMRK9SaO04kuWP6GX3PYNAmfQnMeTAkpIWRe9eGfAmGxLgzDxifkXEOXnRV7KqC2ExxdmmwLtdSPRCibebw-HO_hDohn7aymHzcV9ceVjKUw3l10a8fp7eN8CMYc5pyWyoMVLiCE6CqWXjYITWGdLEHaEySuMw6BZUQ5KoYYCuGk0Hus6ZDF2CDenB-4EVfdwTF-KG9MI1dynEiiFaHOLyXOJP_njUu0hzqdSHMr2GXqoStAFoM8vzd8yeK2EKU57-zuu5Hvs2XcXfP9r-Xho:1sgjg6:04vVWG_4E_IkHo_uMnukjBbeycWhUFDeTIhuLHecvJc', '2024-08-21 11:44:02.047738'),('dximps57m7h6z87ljl1t360f7fibosqz', '.eJxVj8luwzAMRH-l4NlxJNmKJR177zcYtEkviSEHWrqg6L9XBnzJhQQ4M4-YX0i4ZA9OCdVW0GNOS58jh34lcCDh5Tbg-GB_CHRHP-_1uPsU1qE-LPWpxvpjJ97eT-8LYMG4lLRgNqSNEDjZQVjTCj3Yyd4GQw1xRyiNbHAcm5uVmgSRZms7NZnONm3JFOga-5ifHA4suBQyV3BH-sKtdKlgw5h6HNP6uaaf8vGodxHmouSbNE4rp3UtrTFKF5bn71Q8V8Ic5zL9g7dzPcM-X-HvH9nvXhM:1sgjtX:g5rl5xyQsVCs1_7VUyGwa8OFb5DwS32ocg7ySp8c2xA', '2024-08-21 11:57:55.339978'),('halxybq2yce6uracgs4bzock4o9lndbu', '.eJxVj0tuwzAMRK9SaO04kr-ilt33DAJt0p_EkANLSloUvXslwJtsSIAz84j5FQGX6ISpZNUUwmIMi42eD7uSMEKJt9uA451dFuiGbt7LcXfhWIcyW8pT9eXXTrx9nt43wIJ-SWnJrKnVUuIEgwTdyHaACbpBU03cEyqtahzHugPVkiRqGaCvJt1D3aRMgq7e-vjgI2OFCUfkQtyQXrilLoXY0AeLY1ifa_hJH3O9i9SXSn0oMLIxNZQaqk5nluPvkDxXwujnNN2dt3M9jn2-ir9_205eHA:1sgk4t:6MHJ05MgFHm1oSQeD1h4TRy0Iqq3y9HpAXwFzJAKToA', '2024-08-21 12:09:39.947329'),('wi0vsdq2c26yle42mfidrsxlma57aabm', '.eJxVj81uhDAMhF-lypnNhiQsCcfe-wyRwQayi8IqP_1R1XdvkLjsxZY8M581vyzDWgIbpJC6YQ5KXl1JFJ1HNrCWvdxGmB4UDgHvEJadT3vI0Y_8sPBTTfxjR9reT-8LYIW01rQgMtgZIWC2o7BGi260s72NBhVSj9CaVsE0qZttOxSIHVnby9n0VumaqVCfXCpPigeWDTkWatgd8Au22qVhG6TsYMr-0-ef-vGodxHmIuVbqwdpB6247o1WprICfefquSKUtNQZHrSd6xn35cr-_gHZtF4S:1sh2GN:8rByj6TPpWpSewLaOkZL9EmJ71kd6jsrbzjCitBcwwY', '2024-08-22 07:34:43.530294'),('lraieffpola96hqh4cveabbpsr1kczgi', '.eJxVj8luwzAMRH-l0NlxtNixpGPv_QaBMuklMeRASxcU_ffKgC-5kABn5hHzyzIsJTAruewa5qDkxZVE0a3ILBPs5eZhfFA4BLxDmPd23EOOq28PS3uqqf3Ykbb30_sCWCAtNc2JNPaac5iM50Z3vPdmMjevUSENCEILBeOobkb0yBF7MmaQkx6M6mqmQtfkUnlSPLDM5lioYXfAL9hql4ZtkLKDMa-fa_6pH496F64vUr6JznbGctEKrfSgKivQd66eK0JJc53hQdu5nnGfr-zvH9heXgo:1sh2Z3:TCvzQdLdVoscNbxsSKI5rWtqdJcwfR3hYrJuexICag4', '2024-08-22 07:54:01.223678'),('f8cdtghlbov2yro4n8qyijxwwtup3jlh', '.eJxVj8luwzAMRH-l0NlRtNixpGPv_QaDNmlbiSEHWrqg6L9XBnzJhQQ4M4-YX5ZhLYE5JVTbsAFKXoeSKA4emWOSvdxGmB4UDgHvEJadT3vI0Y_8sPBTTfxjR9reT-8LYIW01rQgMtgZIWC2o7CmFd1oZ3sbDWqkHkEaqWGa9M3KDgViR9b2aja91W3NVKhPQypPigeWuRwLNewO-AVb7dKwDVIeYMr-0-ef-vGodxHmotSb7JzQTkveSmGUrqxA37l6rgglLXWGB23nesZ9ubK_f9VUXfg:1sh2n5:z8EopaNhow2C7EH7YdRrVviM4tOFaJ6Hf29qKSedVSQ', '2024-08-22 08:08:31.460784'),('iwh6vfeqdr1gt7shsv82f3yqy8j8y7xe', '.eJxVj0tuwzAMRK9SaO04lOSP5GX3PYNAm_QnMeTAkpIWRe9eGfAmGxLgzDxifkXEOXnRKVBVIRymOLsUeHcLiU5I8XbrcbizPwS6oZ-2cth83Je-PCzlqYbyayNeP0_vG2DGMOc0MBuqDQCOtgdrKqh7O9qmN6SJW0JppMZh0I2VNQFRzda2ajSt1VXOZOgSXEgP3g-s6OKeuBA3pBeuuUshVgzR4RCX5xJ_8sej3gXMRakPaTqADnRZN7aVKrM8f8fsuRKmMOXp77ye67Fv01X8_QPXJl4D:1sh5Xv:pgZmzU6etqU4_pPCwCAjNgDxHZXZ6PJpmF_4hUZBW_s', '2024-08-22 11:05:03.679832'),('8rx7hyly7jc68mv2fkyr4i7akzrarjm0', '.eJxVj81uhDAMhF-lypnN5ocsSY699xmQwQayi8KKJP1R1XdvkLjsxZY8M581vyzDUiLzSqi2YT2UvPQl0d4HZJ5J9nIbYHxQPAS8Q5w3Pm4x72Hgh4WfauIfG9L6fnpfAAukpaYFkUVjhYDJDcLZVpjBTe42WNRIHYK0UsM46puTBgWiIec6NdnO6bZmKjSkPpUn7QeW-bwXatgd8AvW2qVhK6Tcw5jDZ8g_9eNR7yLsRak3ab10XiiuhTSyq6xI37l6rgglzXXGB63neu7bfGV__9auXf8:1sh5qI:uKYXpQiL2c0sN3gHoB6E7XLC8BwU2OS4yfGHSvWGodc', '2024-08-22 11:24:02.369635'),('2rsc8pmhjoi5ohjkraw829x10vvi35kn', '.eJxVj0luwzAMRa9SaO04GjxIWnbfMwiUKdtKDNnQ0AFF714ZDVBkQxD8n4_83yTDWgLRnPKuIQZKXk1JLhqPRBNGnmYWprsLp4A3CMveTnvI0dv2tLQPNbVvO7rt9eF9AqyQ1rpNnZPYS0phVpYq2dHeqlkNVqJANyIwyQRMkxgU65Ei9k6pkc9yVKKrOxXqk0nlcPHEEp1jcQ25AX7AVrM0ZIOUDUzZv_v8VS-e8S5UXjh_YVILphlvhZADl5UV3GeunitCSctfPerr_51Hf4dwxH25kp9faGBjDw:1sh624:hgNFxF1MrlzkXvVOaZwJN16NAeDm3K0_7OojQ4QKI6Y', '2024-08-22 11:36:12.361118'),('p7dr6vvfs7dl35p8suqerz0wyaxpyjey', '.eJxVj8luwzAMRH-l0NlxtDmWdMy93yDQprykhmxoaVIU_fdKaHrIhQQ4M4-Yb5JgyZ4YTrlsiIWcFpujC3ZFYggjL7cBxg_nq4A38PPejrtPYR3aammfamzfd3Tb9el9ASwQl5KmzinsFKUw6YFqJWk36ElfBoUCXY_AFBMwjuKiWYcUsXNa93xSvRayZAp0jTbmw4WKJSaF7BpyA7zDVro0ZIOYLIxp_VzTV_lY652oOnH-xpSRzLCuFVJoURt690jFc0bIcf6bR_7fR9jnM_n5BZlPXxg:1sh6Bn:TwRbqoaBQYPpoqBSF775wwbRf6t3TjcQU2uFoHSw35s', '2024-08-22 11:46:15.373930'),('x3qscdif6xeqqxvunkrhdl3h89f91hry', '.eJxVj01uhDAMha9SZc2AQ2BIWHbfM0QGG8iAwogk_VHVuzeoI1WzsSy_589-3yLikrzoa6ibQlhMcbEp8GEdiV5I8TQbcFzZnwLd0M97Oe4-Hm4oT0v5UEP5thNvrw_vE2DBsORtYNbUagCczABGN9AOZjLXQZMi7gillgrHUV2NbAmIWjamqyfdGdXknQx1wYZ05-PEij4eiQtxQ_rALWcpxIYhWhyje3fxK188411AX2r1Iusctm9lKUEbgMzy_BmzpyJMYf6r9_z6f-fIrehXnitZiZ9fxh5i3g:1shMjD:sVuYXLXJWcz-TrNjqWn4d4uTHKpd7GLgfocQwRoOJ7s', '2024-08-23 05:25:51.152641'),('pj5s4nzq4ojyacc0ukyvje640a5zxiht', '.eJxVj8tuhDAMRX-lypph8uCRZNl9vyEy2EBmUEAk6UNV_71BHamajWX5Xh_7frMESw7MSi6bijnIaXE50uE8MssEe5oNMN4pnALeIMxbPW4hHX6oT0v9UGP9tiGtrw_vE2CBuJRtTqSx1ZzDZAZudMPbwUymGzQqpB5BaKFgHFVnRIscsSVjejnp3qim7BSojy7mnY4Ty2w6MlXsBvgBa8lSsRVicjAm_-7TV7l4xrtwfZHqRTRWCiu6WqpeqZMV6DMVzxUhx_mv7uX1_86jv0PYj22-sp9fZ6pjDA:1shObk:icUpyMqIgx6yXgVNa6SEzERF4CBSStYp22hSfvm6a10', '2024-08-23 07:26:16.327216'),('w9dxp1scmvhxn49qfakfsz5sb0er250v', '.eJxVT8lugzAQ_ZXKZwJeWGyOvfcbrIEZwAGZCNtJq6r_XqNGqnIZjeZt875ZhCV51ksu64JZSHGxKdBhHbKeCfZyG2BcyZ8AXsHPeznuPh5uKE9K-URD-bEjbe9P7ovBAmHJak6ksdGcw2QGbnTNm8FMph00KqQOQWihYBxVa0SDHLEhYzo56c6oOmuyqQs2pBsdpy3r45GoYFfAB2y5S8E2CNHCGN3dxa-ceNa7cH2R6k3UvVJ9o8qWG9WdDT19xsypEFKY_-Ytv_6_OXQr-JXmSlbs5xfJumLv:1shOnx:TRPGWeoJ8XkNfBZloZUxFpSoguAU2E1T4cC7DqPZX4k', '2024-08-23 07:38:53.643504'),('qr8vjzeex4pzdc2eo9szj3bvn9df2vof', '.eJxVj8tuhDAMRX-l8pphQsIjybL7fkNkcIDMoIDy6ENV_71BHamajWX5Xh_7fkPCNXvQnPG2AoM5rSZHG4wj0NDA02zE6W79KdAN_bLX0-5TcGN9WuqHGuu3nez2-vA-AVaMa9lm1krqJGM4q5Ep2bJuVLPqR0mC7EDYyEbgNIleNR0xos4qNfBZDkq0ZadAXTQxHzacWNApZFvBDekDt5Klgg1jMjgl9-7SV7l4xrsweeHipek0U5rLWrZC9bKwvP1MxXMlzHH5q0d5_b9z5O7oj7AvV_j5BWxGYyE:1shPMO:MHobuFir68298eLXSJ57WG2C3KjAHaQ8R9caBZeuUkM', '2024-08-23 08:14:28.917648'),('md1jwgxs7yw9tcdwwgoqjsiuejgiy3gb', '.eJxVT9tuwyAM_ZWJ55RyCQ3wuPd9AzIxaWgjUgVoN0379xGt0lRZsiyfi32-SYG5JmIFE31HHNQyu5rD5iISSzh52XkYryHtAF4gnVc6rqls0dOdQp9oph8rhuX9yX0xmCHPTc1C0Kg0YzAZz4zumfJmMievUWIYELjmEsZRngxXyBBVMGYQkx6M7Jummcbscr2Fbbcltmw1dOQC-IClZenIArk4GEu8x_LVLu7xDkwfhHzjykptpaJCcCaG5pXCZ2mcI0LN579-a6__TxHjFVKu_shbkZ9fjzxjWw:1shPoZ:_-Xuy48CjtiJRQ8A9Bxk0fgfZUOiWQbO8yLEhAv2hsA', '2024-08-23 08:43:35.248059'),('3tmuwqh9bbu8r8vk9s0yd9ggipzhc585', '.eJxVj01uxCAMha9Ssc5kSAgEWHbfMyAHk4SZiEQB-qOqdy-oI1WzsSy_589-3yTBmgPRPe2HhhjIaTU5utN4JJp05Gk2gb27UAW8QVj21u4hnX5qq6V9qLF929Ftrw_vE2CFuJZt6pxELimFWU1UyYHySc1KTBIZuhGhkx0Da5lQHUeKyJ1SYz_LUbGh7BSojybmw50VS3Q6s2vIDfADtpKlIRvEZMAm_-7TV7lY412ovPTspeOaC93LlgoxsMoK7jMVzxUhx-WvHuX1_86jv0M4zn25kp9faqtjGQ:1shQ5s:lCXSCaX7hewC5SBs05PD1vw8LMLum7Lg7JjjctXY4dw', '2024-08-23 09:01:28.205045'),('063bdkppwg32wct7hqu5h3mryxdidstl', '.eJxVT9tuhCAQ_ZWGZ9cFFAUe-95vIAODyq5BI9BLmv57Md2k2ZfJZM5tzjfJsJRINKe8b4iBkhdTkj9MQKIJI083C-7u4wngDeK8tW6L-Qi2PSntA03t24Z-fX1wnwwWSEtVU-8lCkkpTMpSJXsqrJrUYCV26EcEJlkHznWDYgIpovBKjXySo-r6qqmmIZlUdn-ctkTno_iG3AA_YK1dGrJCygZcDu8hf9XEs96FygvvXtigqdI9bykXgp0No__MlXNFKGn-m3t9_X8LGO4Q92Obr-TnF2a8YwY:1shQIg:sAjwO0KoOXgfITbLg5T0rTAqF-h7iGru-5oaalYoXBg', '2024-08-23 09:14:42.329397'),('gbhocffo3k5v6cec6b518osvtmpuy126', '.eJxVj9tqwzAMhl9l-Dp15RztXO5-z2CUSDm0wSk-tBtj7z6HlUFBCKH__z-hbxFxSU70JZR1ISymuNgU2NuVRC-UeNkNOF7ZHQJd0M27HHcX_TrIwyKfapAfO_H2_vS-ABYMS04Ds6ZGA-BkBjC6hmYwk2kHTRVxR6i0qnAcq9aohoCoYWO6ctKdqeqcydA12JBu7A-s6KNPXIgL0gO3_EshNgzR4hjX-xq_8sXjvRPoU1m9qbbPBSC71oBqM8vxZ8yeM2EK81-_cvgfeMGI7ub3-Sx-fgGh-WJG:1shQOm:nAfLp6zCcVqmyjtOJn7XKN6LJWLpoZblHUWPMErZJlg', '2024-08-23 09:21:00.807036'),('0jq6yu3ak3ar7ctz7wy89qdi18ipwdeu', '.eJxVj8luwzAMRH-l0NmxJW9ajr33GwxKpJfYkANLSloU_ffKaFAgF4LgzDxivlmEOXlmal63BRsgxXlIgY5hQWaYYC83C24lfwp4BT_tpdt9PBZbnpbyqYbyY0fa3p_eF8AMYc5pTqSwU5zDqC3XquWd1aPurcIGSSIIJRpwrum16JAjdqS1rEclddPmTIYuYQjpRseJZSYeiQp2BXzAlrsUbIMQB3BxuS_xK3886124utTNm5BGdIbrUvZC1DKzPH3G7KkQUpj-5krhf6EZIviVpkpU7OcXA2piKQ:1shRK1:8nH3dia6gGUcUTVkxGogK2pD_wHgWFtbkeZtzYLmmm4', '2024-08-23 10:20:09.809135'),('qb3sav66as7w3s1b484kf38mwtm6idn3', '.eJxVj9FuwyAMRX9l4jmlEEIDPO593xAZ7DRpI1IFaDdN-_cRrZpUWbIs33uP5W-WYSqRuVa0XcMGKHkaSqJtmJE5JtnLzkO4UtwFvEA8rzysMW-z57uFP9XEP1ak5f3pfQFMkKaaFkQGtRECRuuFNZ3Q3o725A0qpB5BGqkgBHWyUqNA1GRt346mt6qrmQqd05DKjbYdy1zeCjXsAviApf7SsAVSHiDk-T7nr3pxf-8gzKFVb7J3qndac6G0taqyIn3m6jkilHT-61dK_wNNkCGm4o-yFvv5BcqvYqY:1shRg3:L-TIYpCI3kxGsOOiXOmEZWjIiL7541na_C-a3Ro-rcI', '2024-08-23 10:42:55.071984'),('ip09zmc210knxa3twezdtflk1ylhapru', '.eJxVT8lqwzAQ_ZWis6No8SLp2Hu_QYw849iJkYMldaH03yvTUAgDw_C24X2zDHOJzCmh2oZ5KHn2JdHuF2SOSfaEBRhvFA8CrxAvGx-3mPcl8EPCH2zibxvS-vrQPgXMkObqFkQGOyMETDYIa1rRBTvZPhjUSAOCNFLDOOreyg4FYkfWDmoyg9Vt9dTQJflU7rQfsczlvVDDroAfsNYuDVshZQ9jXt6X_FU_HvVOwpyUfpGDa1unFFeygn3NivSZq-aMUNLlb98o_R80Q4aYSjjLOuznF8XtYpA:1shRmI:aabYKP6OzQf1CI-Y-lVu-g-dDv_V0eAlVSQYb1cBj2M', '2024-08-23 10:49:22.232251'),('wuhr5c9dj48fw35xbraio1bofexrk5l4', '.eJxVj9FuwyAMRX9l4jmlEEIDPPa934AMJg1dRKoA3aZp_z6idQ-VJVvyvfdY_iYF5pqI6Vk_dMRCLbOtOWw2IjGEk5edA_8e0i7gDdJ1pX5NZYuO7hb6VDO9rBiW89P7Apghzy3NQlAoFWMwace0Gph0etInp1BgGBG44gK8FyfNJTJEGbQe-0mNWgwt06Ax21zvYduxxJStho7cAD9gab90ZIFcLPgSH7F8tYv7ewemDr1448qwwTBJJZejko2VwmdpniNCzde_fq__M1d35K3Izy-2hl9x:1shS5N:E5Cq6o5uul5cl_cvSp_ea_K8lLF-KnzoGKb4N6La2j4', '2024-08-23 11:09:05.543521'),('v17i00d5g1vdivvety7wudcp375tiwes', '.eJxVj8tuwyAQRX-lYu04POwYWHbfb7AGZhw7dXDEow9V_fdiJV1ESDDi3ntG94dlmEtgVnLZNWyEkuexJIrjgswywZ7-HPh3CruAFwjnrfVbyHFx7W5pH2pq3zak9fXhfQLMkOaa5kQae805TMZxozveOzOZk9OokAYEoYUC79XJiB45Yk_GDHLSg1FdzVToksZUbhR3LLM5FmrYBfAT1tqlYSukPILPy8eSv-vGvd6B64NUL0Jb2VklWsU7zmVl-RIjhVyB7kqh3KvvQqCvXMcjQknn-30r_291H0U97PcPgmFoCQ:1shSP9:rh8u6eKlWpxyhKV4QXt7rysBwvcfoQhGLC8G9g2P9Yg', '2024-08-23 11:29:31.363013'),('6fom8iswp1fjqzqpzipnqmwqlqkb5rri', '.eJxtkMlugzAQhl-l8jkhBuNgc-y9z2AN9lCcUIO8dFHVd-_QcIma00jz_YtmvlmGqQTWN7xpD8xAyZMpCaPxjvWsZne7AewVwwbcBcLrUtkl5OiHapNUO03Vy-Jwft61dwETpIncHFE5qTiHUQ9cq5bLQY_6PCgnHHYOalULsFacdS0dd06i1l0zqk6LljwU6pNJZcW4xbI-x4IHdgH3ATPdcmAzpGzAZv_u8xc1bucduTo24qlWvVB9yyvZKtVJygr4mUlzchCuOO9j9imfCNoSI4ZMbcMbhnL7i2iIRAQSQfI3g9k_-df1ANMA1tfyoRFWQv8JlS4rFXbNzy-gvYvn:1shScq:o0ds__s6G5M7tPsvM8zujwPMIGoHbJ4LbnhPYkP-b0w', '2024-08-23 11:43:40.712039'),('yb6y5aslhn7nogljuxghnb0pm9lfajcb', '.eJxVkMtuwyAQRX-lYk0cG4xNvGt3WVTKvqqsMYxjEgdbPNJWVf-90KSL7NDce86g-SYBpmhJx0pWU9JDDFMfPbreaNIRQR5mA6gz2hzoE9jjUqjFBmeGIleKe-qL10Xj_HLvPggm8FOixwqkghK50rhrBCotueRVKwbVCmxA7TBNYay0HPSu1JyPDEUtJLZScFUmqfG9jyu6rCXdCLNHSv52WLhA2vG8mjX1fByWNf94b_2K57A4CBnX_0FbUjLjFefMHPaHG3NBGz3p3irKKKc1bWhL5TslJ9AfkKosQeBDDyqYqwlfCc4X3JRyw_hTJTvRdDUrJKsY40mponNoQ39X367bpsDiZ0jPrQZ7xnnrEGbjwZtpueCW_PwCtP-E3A:1shSuI:-Jphsa_fCNUmyJJubHxwPg6GYEdALSpc40T-Nf_yTzw', '2024-08-23 12:01:42.870212'),('n3ol3o0w364y9dvkba7wjuxe87ueqw52', 'eyJ0YWh1biI6MjAyNH0:1siSFf:Chn5Q3EndrHEmviUn2w6avVGkOw0BgJpAb15ySkV9u4', '2024-08-26 05:31:51.247548'),('qcwxvldzdpn4p9y1u6iwf4rxnm476bb5', '.eJxVj8luwyAQhl-l4uw4YLwAx977DNbAjJfUwRFL0qrquxerueQ2-pdv9P-wBEv2zDS8aSs2Qk7LmCOFcUVmmGAvmgX3Sf4w8AJ-3mu3-xRWWx-R-unG-mNH2t6f2RfAAnEpbU6ksFOcw6Qt16rlndWT7q1CiTQgCCUkOCd7LTrkiB1pPTSTGrRsS6dA1zjGfKNwYJlJIVPFLoAP2MqWim0Q0wgurfc1fZePx7wTV6emfxPStNpIXndcDG1TWC6HQD4VoL2Sz__TD8PTVyrn-QZzRshxPrPfPwEZYWo:1siTXe:owKxmBy7o1zNBbtIZI6kDZ0LMJvNw27uBEecRiUelIc', '2024-08-26 06:54:30.757969'),('8gshan0n20x8p4hi6vkrec2xs70gjlco', '.eJxVj81uwyAQhF-l4uwQ8C_42HufAS3sunZKccVPkqrquxerueS22pn5RvPDMqwlsLkVbd8wAyWvpiSKZkM2M8mefhbcB4VDwAuE9527PeS4WX5Y-ENN_G1H8q8P7xNghbTWtCBSOCghYNFWaNWLwepFj1ZhhzQhSCU7cK4btRxQIA6k9dQuatJdXzMVuiWTyhfFA8vmHAs17AJ4A1-3NMxDygZc3q5b_q6Nx7yTUKd2fJH9LIZZTLxXk5SqslyJkUKuQPtJofxPb4-WQPdc77OnK_kz-_0D29ZgAQ:1siTml:CT2Hds_dUT-cVKUbhkvjdNthQb-BwaM1cDnHPAODb-w', '2024-08-26 07:10:07.603140'),('sfip6as9617mpklzgo4zm6okwk57kujy', '.eJxVj81uhSAQhV-lmbWXAIoOLLvvM5CBweqt0UagTdP03YvJ3dzt-flOzi8UWuoOTks9dOCplsXXnE6_MjhQ8KQFih9pvwy-0_5-iHjs5VyDuCLi4WbxdnDaXh_ZJ8BCeWltmRKyQSlptkFaHKQJdrZjQO45TUwKVU8x9qNVhiWzSdZOesbJ9kPrNOiafa6f6byw4MpZUwd34m_a2pcONsrFUyzr11p-2uJ17ybxpscXNTitnEGBSqOZ4O8f1wxR_g:1siU34:rfugwbWBY0XHdYeE8DAHS9sjCnaWYZZe_w7k0EbPhg0', '2024-08-26 07:26:58.851378'),('ru2m7w9hltn2cpda1ceggkn6be75oja1', '.eJxVj0luwzAMRa9SaJ04km3Jkpfd9wwGJdJD6siGhg4oevfKSLrIhiT4Px_xf1iCOXvW17xuT2yAnOYhRwrDgqxngj3tLLh38oeAV_DTVrnNp7DY6rBUDzVWbxvS-vrwPgFmiHO55kQapeYcRmO50S2X1oxGWY0NUocgtGjAuUYZIZEjSjKmq0fdmaYtNwW6xCHmncKBZX0KmU7sCvgJa8lyYivENIBLy8eSvsvHI96Z63OtXkTbS9E3dSWUkooXlsshkE8FaG_k8z26KoKnr1TGC0KO073u-b_vYZsu7PcPURJnyg:1siUVg:B8H9p4dhkazfIIgLGoVH7t-_z_6RCMM163DP5Z0bx-Q', '2024-08-26 07:56:32.216585'),('lm4tkrfizt817eoaj9qohrozr5wrjuuv', 'eyJ0YWh1biI6MjAyNH0:1siV3a:90bCH_p-94gWd5tojGl1Zx9_cR0tUtcuWC3tbTS8mEQ', '2024-08-26 08:31:34.331425'),('j82cd3hqi48tf5kkghcdltsn70jp09m3', 'eyJ0YWh1biI6MjAyNH0:1siWvp:Sg6Q5iFhW4Hn9MwtFKeHV4652dUUlhYQvYyK62mXMKY', '2024-08-26 10:31:41.449140'),('blnkqjzem5ed1h7fl9hi7eh9aqcckozo', 'eyJ0YWh1biI6MjAyNH0:1siX2a:Pu2M9uX5fRJ6dLCLruI2lVDXrzw5MOw2oY8Hf0dAwkk', '2024-08-26 10:38:40.857813'),('4jl5rpqodnbay5giccatrtrxb4uow8be', 'eyJ0YWh1biI6MjAyNH0:1siX3z:YgAJtcPbh-8t51UyhUp4qIC6AZzHf_l9WkYYXmdqM9Y', '2024-08-26 10:40:07.304999'),('2drcg8r5467g5l9saifxndsrl5y1t3qb', '.eJxVj0tuxCAQRK8S9dqDwBjzWWafM6CGxjETy44MJIqi3D1Yms1s6_NK9QsV17aDG_k4DeCx1dW3kk6fCRwIeNICxo-0XwbdcX8_WDz2eubArgh7uIW9HZS210f2CbBiWXubp2RIGc5xsYFbM3EV7GLnYEhS0oTCCIkxytkKRZxIJWv1uBht5dQ7HZqLL-0znRcWXD1bGuCO9I1b_zLAhqV6jDV_5frTF697N25u4_witJukU5IJpYXR8PcP1ytR_g:1siXCT:vDLB4vJcP1LOicHyC-8slQE98LG186i_1uDlscxqJ8w', '2024-08-26 10:48:53.251971'),('zfnt2uzzeswlp4ntjg4gbuolrd38maez', 'eyJ0YWh1biI6MjAyNH0:1siXGl:USTi3auIDo8IITCY_O26u1j2PdtuyC4GesIEV0ABl10', '2024-08-26 10:53:19.669174'),('dq1dali464qlvs9hxxtejsr1hec3ekdv', 'eyJ0YWh1biI6MjAyNH0:1siXPo:BNjIB3nEjlZAX4xXdKYLdMBthSsVslGqLZW9KQY5aUA', '2024-08-26 11:02:40.901546'),('dbof1pqstbh583spqo7glfys314yturz', '.eJxVj0luwzAMRa9SaO04ki1bkpfd9wwGJdJD6siBhqRF0btXRrPJjuD_fMT7YQmW7NnQ8EZWbIScljFHCuOKbGCCvewsuE_yR4AX8PNeu92nsNr6qNTPNNYfO9L2_uy-ABaIS7nmRBo7zTlMxnKjJe-smUxvNbZICkFo0YJzbW9EhxyxI2NUM2llWlluCnSNY8w3CgeWDSlkqtgF8AFbcanYBjGN4NJ6X9N3-Xjonbg-Nf2bUEOnBylrJaWSh6HLIZBPBWiv5PO_elMCT1-pjOcbzBkhx_nMfv8ABNZhew:1siXQq:LL6TPxKQhgLZ138zSCF7HIcpc-9XB3DrVlEhhtAnPik', '2024-08-26 11:03:44.952538'),('owy7k5fk5uz8de3akhw3wvubnqkh4b6g', '.eJxVj81uwyAQhF-l4uy4YBsbOObeZ7AWdl2TOjjipz-q-u7Fag7NbbQz863mm2VYS2Cm493QsBlKXueSKM4emWGCPdwsuDcKh4EXCK976_aQo7ftEWnvbmpfdqTtfM8-AFZIa21zIoVScQ6LtlyrgUurFz1ahT3ShCCU6MG5ftRCIkeUpPXULWrS_VA7FerTnMqN4oFlJsdCDbsAfsBWtzRsg5RncNm_-_xVPx7zTlyduvFJKCMnw0WrhvpFVpYrMVLIFWivFMrf9L4agT5zlc83ChT9FSD8l-znF7drZiU:1siYLF:FfdnyUrYlStilZGBzGAPBBCuxX3diPWoHLJaQoed0aY', '2024-08-26 12:02:01.999087'),('znmh9dnhib0pu2drvdpqufrr634g3i31', '.eJxVkM1OwzAQhF8F-eym_qkTJze49YDUO0LRxt40aVMniu0CQrw7Ni2H3lY7882O9psEGKIjjWBiR0kLMQxt9Li2oyUNUeRh14E5o8uCPYE7zoWZXVjHrsiW4q764nW2OL3cvQ8BA_gh0T0HbYChNBbrUqGxWmrJK9WZSmEJpsa0hZ5b3dmaWSl7gWqnNFZaScNS6OhbHxdccyxpepg8UvJ3w8EF0o3nZVySz8duXnLjvfMLnsO8Qsi4_RcqRsmEV5wyc9gfbswFXfSkeeNUUEl3tKQV1e-UnMB-QLKKBIEPLZgwXsfwleD8wQ3TG1E-8brhqlGqYKWoVJ0iTVxXdKG9R9--y5Pg8DOkcZu6bBc8QQdhS35-ARYvgSk:1siYdX:UKoRdKel95PwXjhPdgy30zcHX1YqCYlvWnswsr--XkE', '2024-08-26 12:20:55.150117'),('de4v4lal0utxao8klzxycon56n2xtftk', '.eJxVkMFugzAQRH-l8tkh2MZguLW3HCrlXlVosZcAIQZhO21V9d9rN-khkg_WzrzZ1XwTD0OwpOE5LyhpIfihDQ63djSkIZI8zDrQZ7RJMBPY05Lpxfpt7LJkye6qy14Xg_PL3fsQMIAbIt0zUBpyFNpgXUrURgklWCU7XUksQdcYp9AzozpT50aInqMspMJKSaHzGDq61oUVtxRLmh5mh5T87bBwgbjjeR3X6HOhW9Z08cG6Fc9-2cAn3PwLVU7JjFecE3M8HG_MBW1wpHljlFNBC1rSiqp3SiYwHxCtPELgfAvaj9fRf0U4NbjL1Y6XT6xu4uN1xjkr6lSiDtuG1rf36Fu7LAoWP3387uMt-xUn6MDvyc8vFh2BKA:1siYgz:2UmBAaGwqaux2xrbkOQ7zHb_-7evYR9jBxJRXngBx2M', '2024-08-26 12:24:29.283659'),('kk0d647gx4a2dlmx3m9sv82klxpgkn8b', 'eyJ0YWh1biI6MjAyNH0:1sirxe:y0zVAqoxzzgz18hzO61Deb8e8WnUTEXL9IoyVcDs9cU', '2024-08-27 08:58:58.930664'),('tcem1tfbdcuhpz78h3eus1ztoo5cxxxy', '.eJxVj0tuxCAQRK8S9dqDABvzWWafM6CGxjETy44MJIqi3D1Yms1s6_NK9QsV17aDk1xOA3hsdfWtpNNnAgcCnrSA8SPtl0F33N8PFo-9njmwK8IebmFvB6Xt9ZF9AqxY1t7mKRlShnNcbODWTFwFu9g5GBopaUJhxIgxjrMVijiRStZquRhtx6l3OjQXX9pnOi8suHq2NMAd6Ru3_mWADUv1GGv-yvWnL173btzcpH4Rs-OTk4ZJLdSs4e8f1xJR_A:1sis7o:KaYE5ntlmh-uW01AJD7ZlPrNXoGfHCKYuJaPrieMzSs', '2024-08-27 09:09:28.377833'),('x0kr3ddkf15pm6ajwvuhn1l39c0smlzz', 'eyJ0YWh1biI6MjAyNH0:1siscY:5Hrj4e0j5GHu49br6-MnibBjz-QlgJ5JLWM6Z-YGlHg', '2024-08-27 09:41:14.820351'),('mp6sj8wjtvhc5h10n2nsbbh1r915efh6', 'eyJ0YWh1biI6MjAyNH0:1siuEi:LaEXlj97gDiz8h2xGBDo7zQmA5OmG33AoWMFOY3wz_c', '2024-08-27 11:24:44.212494'),('yuc9yqiy990q5fjg6n1embayxc8stey9', 'eyJ0YWh1biI6MjAyNH0:1sjWvt:z8hNkAr-UOUvXqY_Ew9M8GQMeDy7BWw70qHuFfLTD1g', '2024-08-29 04:43:53.337450'),('84jyscb98o1ya0js3m1yo3ktp8n8vow5', 'eyJ0YWh1biI6MjAyNH0:1sjX5b:mwrs3wSI_-z4hU40oehUNZEcb6W4X3eUROu-Y_VYgL4', '2024-08-29 04:53:55.996004'),('sbwui77ndygoq0xi0t2iqy75yjw316bb', 'eyJ0YWh1biI6MjAyNH0:1sjXdj:OcRCD1zbDLLK-FliYKp6fSZ5rUGXIqAxq3ADLZGu21o', '2024-08-29 05:29:11.472253'),('iffxx0gxfu6gc6m9xawc1sm5m0irnw2e', 'eyJ0YWh1biI6MjAyNH0:1sjXeK:H9jF6M0QD5EuVYg3YRvVG9iSCIzkKJIg31LX0GEpRHA', '2024-08-29 05:29:48.513437'),('jrf3sm30oel9agmsxpee73dkzb37yrua', '.eJxVj8tuwyAQRX-lmrWDeJgYWHbfb0ADg2tSy64MNIqq_nuxlE2293Gu7i9UXNoGTnI5DuCx1cW3kg6fCRwIeNECxq-0nQbdcPvcWdy3euTAzgh7uoV97JTW92f2BbBgWXqbp2RIG85xtoFbM3Id7GyvwZCiNBEKIxTGqK5WaOJEOlk7ydlMVo2906G5-NK-03FiwdWjpQFuSHdc-5cBVizVY6z5J9dHXzzvXbi5SPsmpFOj44pNRhsh4O8f1wpR-A:1sjXnH:gYDYFVTLQ2tUoQNJqZwJHgJfZf5xt1qFmtW7O_jE-fY', '2024-08-29 05:39:03.797735'),('f31hxed7pn56jfmnvvrybpbpzupozbsv', 'eyJ0YWh1biI6MjAyNH0:1sjY8Y:XU1k-CAZSlmpLg0YJmw6chiAP68whCavsI3sOU2vfJw', '2024-08-29 06:01:02.501919'),('znp2s8aicicysvsn5vhtthloaii80lt1', 'eyJ0YWh1biI6MjAyNH0:1sjY8m:eRqFZPuN9RfmC7X-1iG9P3JEWISCCncrgBCbIAnZilU', '2024-08-29 06:01:16.132205'),('4dlxbj4eqa01h0jgwkygw9zb2kmz4yo5', 'eyJ0YWh1biI6MjAyNH0:1sjYvc:cKEALD0tgDz3GEmV2h3slf2SHp2fXMjvLy4iNFX8kRc', '2024-08-29 06:51:44.552965'),('duknirujv3a7fuzgpt05ppz5ncvh9alp', 'eyJ0YWh1biI6MjAyNH0:1sjYyf:eDSdMiZuM6Vs454tQzFqRJo88I5Xx-jGsQfVquGvBqo', '2024-08-29 06:54:53.291265'),('un7elz5ojdjpzxxe4v80efk4p9vfvuwf', '.eJxVj0tuxCAQRK8S9dqDsAHzWWafM6CGxjETy44MJIqi3D1Yms1s6_NK9QsV17aDm_gkB_DY6upbSafPBA5GeNICxo-0XwbdcX8_WDz2eubArgh7uIW9HZS210f2CbBiWXubp2RIGc5xsYFbI7kKdrFzMCQoacLRjAJjFLMdFXEilazV02K0FbJ3OjQXX9pnOi8suHq2NMAd6Ru3_mWADUv1GGv-yvWnL173btzcJvsySse1EzPTSsrZwN8_12BSBA:1sjZFo:gVgdCBiEELCp3UASgb8CzevgjnztSv27_uhO8TvFWJ4', '2024-08-29 07:12:36.799936'),('uzlltmr295ga8gn32kld9xak0rita6sg', 'eyJ0YWh1biI6MjAyNH0:1sjZIF:eDt7xUTr2O63pxXxY80g2vtr_Llt6cjUYK2qwIEAdCQ', '2024-08-29 07:15:07.894841'),('u6dwxwwxopmi7d12q2nnjef80q0ver8v', '.eJxtkc1qwzAQhF-l6Kw4tuQf2bf2lkMh91LMWlrXShzZWHLaUvruXSduITQgkNA3M7tafbEA3exYJWKRclbDHLp69jjV1rCKZezmrgF9RLcAcwD3NkR6cGGyTbRIopX66Hkw2D-t2puADnxH7jYBpSFGqQ2WeYbaKKlkUmSNLjLMQZdIt9AmRjWmjI2UrcAszRQWKpM6plDraz-POC2xrGqh98jZpYaDE1CNx9GOpPNzM4xLxzvnRzyGYYKw2M0vKGLOejxjv3j2u_3Vc0I3e1a9JFxwyVOe84KrV84OYN6BpIJM4EMNOtizDZ9kXia4idVGlA9JWiWCVpSnqSwlRep5mtCFeo2-TlcRcPgR6Lg14I7Yb3sYqUMH1PyW6ITQWw_eXnG9ftal1h1MGz09ye4aYST0n_zNQXz_AGbPqz8:1sjZKH:yhzzEjFJmIxU0g79hpF_1D98zUDMmaP29VXQoojClyk', '2024-08-29 07:17:13.098860'),('qqt0s80xncneiy01xzbvsjjytchci63l', '.eJxtkc1ugzAQhF-l8tkh5sdguLW3HCrlXlVosZfihBiETdqq6rt3SWilqDnZ2m9ndj3-YgG62bEqEUnGWQ1z6OrZ41Rbwyom2U2tAX1EtwBzAPc2RHpwYbJNtLREK_XR82Cwf1p7bww68B2p2xiUBoGpNljmErVRqUrjQja6kJiDLpGq0MZGNaYUJk3bBGUmFRZKplqQqfW1n0ecFltWtdB75Owyw8EJaMbjaEfq83MzjMvGO-dHPIZhgrDIzS8oBGc9nrFfNPvd_qo5oZs9q15invCUZzznBVevnB3AvAO1JiQCH2rQwZ5t-CTxkuBGqE1SPsQZ5VlJEeVZKUVGlnqeJnShXq2v6SoCDj8CXbcG3BH7bQ8jbeiAlt8SnRB668HbK67Xz7rMuoPpoKfH8q4QRkL_yV8OyfcPZuKrPw:1sjZSc:ZCWvEhgnEsmoGU1shP_n6zJnzl4JttYAmeJvSqvdB_8', '2024-08-29 07:25:50.877149'),('9es5vab88dbzookmcbwfinoz2b5ci74y', '.eJxVj81uxCAMhF-l4pzNAgkL5Nh7nyEy2Nuwm5KKn_6o6ruXqLnsyZZn5rPmhxVYamST5HLs2Ay1LHPNlOaAbGKCPdwc-DvFXcAbxNet91ssKbh-t_SHmvuXDWl9PrwPgAXy0tKcyKAynMPVOm7NyJWzV3txBgckjSCMGMD74WKFQo6oyFotr0bbYWyZBg15zvWd0o5lU0mVOnYD_IS1denYCrnM4Ev4COW7fdzrnbg5Sfsk9KT0NKpeS6OEbCxfU6JYGtC9Uaz_1YddifRV2n5GiHdaj7GGXM7s9w9_SGS3:1sjcqY:ln6jsdYYFIGw0dP_IAeXOI-guLDWj8idq4uO3S6DQ2E', '2024-08-29 11:02:46.133396'),('qf6w5l9ruveauyv3wjl4gwjbm5ogt81z', 'eyJ0YWh1biI6MjAyNH0:1sjdRW:AEl7UCwkYP6gNDBRppNPFAGJ6QysrB-Ej7CuxHmSeh0', '2024-08-29 11:40:58.390612'),('btsm70zr58iln9q4ugnz0v1c1nidnutr', '.eJxtkc1OwzAQhF-l8tlN4_w7N7gCUu8IRRt707hxnSi2Cwjx7jhtAIF6suX5ZnY1_iAOem9IncRJRkkD3vWNtzg3SpKaJOTPWwtiQLMI8gjmMEZiNG5WbbQg0ara6GmUqO9X9k9AD7YP7gI4l8AEz7su5ayALI-7pMMUC9lmvJJx0TFZlnGMFaSi5RkIxkUpC8EgS3kIVbaxfsJ5iSV1B9oiJZcZBk4QZljQ2AfQ-naclpUfUPsZejCbOxw2j2MLmz0OYJYw-U2VCSUaz6iDYY_mcPAGriEnNN6S-pnRlBa0pBVNkxdKjiBfIdAs-MC6BoRTZ-Xel_JCpdu42iZ8w6o6T2pWRXGWZiwLicLPMxrXrMnXussgGHxz4bqTYAbUuxlBKwtWWXWawOwC8fN0RZr1By_zbsjhCH2w_KYRpsvq_5XfOj6_AP4vsss:1sjdhK:-2LHWpuAormHCE-0JJnpRb3fv5SJdyFgNL8heuO4-aw', '2024-08-29 11:57:18.429699'),('9hkhaohion41lyosmg2luzkmcoyjf0gt', '.eJxtkc1OwzAQhF-l8tlN7fw7N7gCUu8IRRt706RxnSi2Cwjx7jhtAIF6suX5ZnY1_iAOOm9IFbM4paQG77raW5zrXpGKxOTPWwNyQLMI6gjmMEZyNG7um2hBolW10dOoUN-v7J-ADmwX3DkIoYBLkbVtIngOacbauMUEc9WkolQsb7kqCsawhEQ2IgXJhSxULjmkiQihva2tn3BeYknVgrZIyWWGgROEGRY0dgG0vhmnZeUH1H6GDszmDofN49jAZo8DmCVMfVNFTInGM-pg2KM5HLyBa8gJjbekeuY0oTktaEmT-IWSI6hXCDQPPrCuBun6c-_el_JCpVtWbmOx4aLiScVYxOMsZWlIlH6e0bh6Tb7WXQTB4JsL150CM6DezQi6t2B7258mMLtA_DxdkXr9wcu8G3I4Qh88u2mE6bL6f-W3js8v9m2ywA:1sje1M:l2WcxeaGiNwouRejFhiSNp8fbtxB-kdsmDuu04VmKIw', '2024-08-29 12:18:00.320571'),('kjws04by0awaefdcb2qvalxx7rots23f', '.eJxtkc1OwzAQhF-l8tlN4zh_zg2ugNQ7QtHG3jRuUieK7QJCvDtOG0Cgnmx5vpldjT-Ig84bUiVxklJSg3dd7S3OtVakIgn589aA7NEsgjqCOYyRHI2bdRMtSLSqNnoaFQ73K_snoAPbBXcOQihgUmRtywXLIc3iNmmRY66aVJQqzlumiiKOsQQuG5GCZEIWKpcMUi5CqLa19RPOSyypWhgsUnKZYeAEYYaFAbsAWt-M07LyAw5-hg7M5g77zePYwGaPPZglTH1TRULJgGccgmGP5nDwBq4hJzTekuqZUU5zWtCS8uSFkiOoVwg0Cz6wrgbp9Fm796W8UOk2LreJ2DBR8bhiPCqKtMzykCj9PKNx9Zp8rbsIgsE3F647BabHYTcjDNqC1VafJjC7QPw8XZF6_cHLvBtyOEIfLLtphOmy-n_lt47PLwcFstg:1sjeI1:b-aOHQw1BkAsd7hhQV4Ydl7375vlvWFChq44iiOHmhs', '2024-08-29 12:35:13.935336'),('wu8va7mglse2x37l83chntgikxsukykx', '.eJxtkVFPgzAUhf8K6XPH2sKA8qavarJ3Y8ilvQwGK4S2U2P875YNNZo9ten5zrk3px_EQesNKQUTKSUVeNdW3uJcdZqURJA_bzWoHs0i6COYwxir0bi5q-MFiVfVxk-jxuF-Zf8EtGDb4M5ASg1cyV3TJJJnkO5YIxpMMNN1KgvNsobrPGcMC0hULVNQXKpcZ4pDmsgQ2tnK-gnnJZaUDQwWKbnMMHCCMMPCgG0Ara_HaVn5AQc_QwsmusM-ehxriPbYg1nC9DeVC0oGPOMQDHs0h4M3cA05ofGWlM-cJjSjOS1oIl4oOYJ-hUDz4APrKlCuO3fufSkvVLphxUbISLCSJWXCYl4UMktDovLzjMZVa_K17jwIBt9cuG41mB6H7YwwdBZsZ7vTBGYbiJ-nK1KtP3iZd0MOR-iD724aYbqs_l_5rePzC_-6ss4:1sjeoE:6SQ6ON9TAZLiOVewv4Z_6EY4tOqeBgEX6D6mgVD2fps', '2024-08-29 13:08:30.295890'),('b26ii2c9agdpectiak7yma1xr00qlssp', '.eJxtkc1OwzAQhF-l8tlNY8f5cW5wBaTeEYo29qZJkzpRbBcQ4t1x2gAC9WTL883savxBHLTekJLHXFBSgXdt5S3OVadJSTj581aD6tEsgj6COYyRGo2buzpakGhVbfQ0ahzuV_ZPQAu2De4MpNTAlEybJpEsA5HGDW8wwUzXQhY6zhqm8zyOsYBE1VKAYlLlOlMMRCJDaGcr6yecl1hSNjBYpOQyw8AJwgwLA7YBtL4ep2XlBxz8DC2YzR32m8exhs0eezBLmP6mck7JgGccgmGP5nDwBq4hJzTekvKZ0YRmNKcFTfgLJUfQrxBoFnxgXQXKdefOvS_lhUq3cbHlcsPjkmUlSyORFkKkIVH5eUbjqjX5WnceBINvLlx3GkyPw25GGDoLtrPdaQKzC8TP0xWp1h-8zLshhyP0wdKbRpguq_9Xfuv4_AIAqbLP:1sjf0Z:G1WLPqrhDy2QJp-qpqhCDmZORABfC9rHSig0fT52uPQ', '2024-08-29 13:21:15.548106'),('rmiuj5t43kvbq9c6bqhltiueixfz94cd', '.eJxtUNtugzAM_ZUpzxQSaJqEx77vG5AhZqSlAeWyi6b9-0xbTerUJ1s-Fx_7myWYsmdtzet9wTrIaepyxNA5y1om2MOsh-GMfgPsCfzbUg6LT8H15UYp72gsXxeL8_HOfTCYIE6k5ojaSs05jKbnRu-57M1oDr22jUVlQWjRwDA0ByOk5dZKNEbVo1am2ZOGTF3sYl4xbLasTSFjwU5gP2BmrSjYDDF1MCT37tIXbdzO23G9q81LLVquWqFKqbUwkryGHAL6RIb9BX2-na4I8PiZqK0s-DPOVUCYXYToorus4Cti_I1ulO7-zeu-JzAVoHzyqRDWa_T_CKVaVkqk6p9fFn2N0Q:1sjfnx:vWezgNd12ruUdLv-PAUdg5213rQYVPm29x1lkIe1Snc', '2024-08-29 14:12:17.696475'),('ol7h04ek11u8ciwvwbq1vhvyenky8pwb', '.eJxtkc1OwzAQhF-l8tlN7fw5zg2ugNQ7QtHG3jRpUieK7QJCvDtOG0Cgnmx5vpldjT-Ig9YbUsYsTimpwLu28hbnqtOkJDH581aD6tEsgj6COYyRGo2buzpakGhVbfQ0ahzuV_ZPQAu2De4cpNTAlcyaJpE8hzRjTdxggrmuU1loljdcC8EYFpCoWqaguFRC54pDmsgQ2tnK-gnnJZaUDQwWKbnMMHCCMMPCgG0Ara_HaVn5AQc_Qwtmc4f95nGsYbPHHswSpr8pEVMy4BmHYNijORy8gWvICY23pHzmNKE5FbSgSfxCyRH0KwSaBx9YV4Fy3blz70t5odItK7YJ27CiTLOSsygVuch4SFR-ntG4ak2-1i2CYPDNhetOg-lx2M0IQ2fBdrY7TWB2gfh5uiLV-oOXeTfkcIQ-eHbTCNNl9f_Kbx2fX_0Dsso:1sjqhK:Wn7uVgl8IO4q_JGo2r0VAmqG8dO8_LfZEkmo_9ZxKIk', '2024-08-30 01:50:10.512098'),('c65ui3kndaunsfrcj6zgwnllo3qdbe99', '.eJxtkc1OwzAQhF-l8tlN7fwnN7gCUu8IRRt707hxnSi2Cwjx7jhtAIF6suX5ZnY1_iAOem9IHbM4paQB7_rGW5wbJUlNYvLnrQUxoFkEeQRzGCMxGjerNlqQaFVt9DRK1Pcr-yegB9sHdw5VJYGLKuu6pOI5pBnr4g4TzGWbVqVkecdlUTCGJSSirVIQvBKFzAWHNKlCqLKN9RPOSyypO9AWKbnMMHCCMMOCxj6A1rfjtKz8gNrP0IPZ3OGweRxb2OxxALOEyW-qiCnReEYdDHs0h4M3cA05ofGW1M-cJjSnBS1pEr9QcgT5CoHmwQfWNSCcOiv3vpQXKt2ycpuwDSvrjNVZHnGWclaGROHnGY1r1uRr3UUQDL65cN1JMAPq3YyglQWrrDpNYHaB-Hm6Is36g5d5N-RwhD54dtMI02X1_8pvHZ9f9iKywA:1sjqmu:tF0SJpYxBUzZtt6t9m44GPmlXM19F98qk_vbn0l3w3M', '2024-08-30 01:55:56.140576'),('nm6ra4w4g75vqhzse7joa3xb2x9zoyws', '.eJxtkc1OwzAQhF-l8tlN7fw7N7gCUu8IRRt707hJnSi2Cwjx7jhtAIF6suWZ-XY1_iAOOm9IFbM4paQG77raW5xrrUhFYvLnrQHZo1kEdQRzGCM5GjfrJlos0ara6GlUONyv3j-ADmwX0jkIoYBLkbVtIngOacbauMUEc9WkolQsb7kqCsawhEQ2IgXJhSxULjmkiQhQbWvrJ5wXLKlaGCxScplh4ARhhoUBu2C0vhmnZeUHHPwMHZjNHfabx7GBzR57MAtMfbuKmJIBzziEwB7N4eANXCEnNN6S6pnThOa0oCVN4hdKjqBeIbh5yIF1NUinz9q9L-WFSres3CZsw0TF49BxlGYlS9JAlH6e0bh6JV_rLoJg8M2F606B6XHYzQiDtmC11acJzC44fp6ulnr9wcu8G3I4Qh88uxmE6bL6f-W3js8v9gWywA:1sjr7c:HpikDQvqRG_5GMZnOjX-sGhTFEYhZONDTc9pXD2SLC0', '2024-08-30 02:17:20.546366'),('d3wzxbr1ce5skzczch1rq933o9895jya', '.eJxtkVFPgzAUhf8K6XPHKHRAedNXNdm7MeTSXkYHK4S2U2P875YNNZo9ten5zrk3px_EQecNqdIk5ZTU4F1Xe4tzrRWpSEr-vDUgezSLoI5gDmMsR-Nm3cQLEq-qjZ9GhcP9yv4J6MB2wZ2DEAqYFLu2zQTLge-SNm0xw1w1XJQqyVumiiJJsIRMNoKDZEIWKpcMeCZCqLa19RPOSyypWhgsUnKZYeAEYYaFAbsAWt-M07LyAw5-hg5MdId99Dg2EO2xB7OEqW-qSCkZ8IxDMOzRHA7ewDXkhMZbUj0zmtGcFrSkWfpCyRHUKwSaBR9YV4N0-qzd-1JeqHSTlJssiRJR8bziLC54kbI8JEo_z2hcvSZf6y6CYPDNhetWgelx2M4Ig7ZgtdWnCcw2ED9PV6Ref_Ay74YcjtAH2900wnRZ_b_yW8fnF_84ss0:1sjres:sa9CODWR0pRAaAE3SPW3BvU9_Zbkk1h_ZML0_yi7YTU', '2024-08-30 02:51:42.136912'),('5z5ul96mgka4hkkw4bx15dp2a6zrknrv', '.eJxtkc1OwzAQhF-l8tlN4zh_zg2ugNQ7QtHG3jRpXCeK7QJCvDtOG0Cgnmx5vpldjT-Ig84bUiVxklJSg3dd7S3Oda9IRRLy560BOaBZBHUEcxgjORo39020INGq2uhpVKjvV_ZPQAe2C-4chFDApMjalguWQ5rFbdIix1w1qShVnLdMFUUcYwlcNiIFyYQsVC4ZpFyE0N7W1k84L7GkakFbpOQyw8AJwgwLGrsAWt-M07LyA2o_Qwdmc4fD5nFsYLPHAcwSpr6pIqFE4xl1MOzRHA7ewDXkhMZbUj0zymlOC1pSnrxQcgT1CoFmwQfW1SBdf-7d-1JeqHQbl1seb1hcJbzKeFSmPEuykCj9PKNx9Zp8rbsIgsE3F647BWZAvZsRdG_B9rY_TWB2gfh5uiL1-oOXeTfkcIQ-WHbTCNNl9f_Kbx2fX_fxssM:1sjsEr:tMKnv604RWT3lHdeUhCsb75jwwCErDGoePuoNdJMwcQ', '2024-08-30 03:28:53.945165'),('hc8j3ofbyolz7gld0ygmhvj6qp55iyy0', '.eJxtkc1OwzAQhF-l8tlN4zh_zg2ugNQ7QtHG3jRuUieK7QJCvDtOG0Cgnmx5vpldjT-Ig84bUiVxklJSg3dd7S3OtVakIgn589aA7NEsgjqCOYyRHI2bdRMtSLSqNnoaFQ73K_snoAPbBXcOQihgUmRtywXLIc3iNmmRY66aVJQqzlumiiKOsQQuG5GCZEIWKpcMUi5CqLa19RPOSyypWhgsUnKZYeAEYYaFAbsAWt-M07LyAw5-hg7M5g77zePYwGaPPZglTH1TRULJgGccgmGP5nDwBq4hJzTekuqZUU5zWtCS8uSFkiOoVwg0Cz6wrgbp9Fm796W8UOk2Lrc83rC4yljFRZQmRVIs-0s_z2hcvSZf6y6CYPDNhetOgelx2M0Ig7ZgtdWnCcwuED9PV6Ref_Ay74YcjtAHy24aYbqs_l_5rePzC_4cssw:1sjsfj:aU5w3OaLFTVVmoHNVUMUXp4-k8BwHfTYHgNDgNtkC8s', '2024-08-30 03:56:39.830991'),('htnqt21wc92q1z1qivtdpwn9y89siioi', '.eJx1kVFPwyAUhf_KwjProHSl7Zu-qsnejWlu4Xbt2tGlwNQY_7uwVY2JCy8393z3XDh8EAedN6RKWZpRUoN3Xe0tznWvSUVS8qfXgBrQREEfwOynRE3GzX2TRCRZVJs8TRrH-4X9Y9CB7cJ0DmWpgaty27ai5DlkW9amLQrMdZOVhWZ5y7WUjGEBQjVlBoqXSupccchEGUx7W1t_wjnakqqF0SIllx0GjhB2WBixC6D1zXSKV37A0c_QgVnd4bB6nBpY7XAAE830NyVTSkY84xgGdmj2e2_ganJE4y2pnjkVNKeSFlSkL5QcQL9CoHmYA-tqUK4_9-49hhciXbNiLdiKy4oVlWBJLkXKeXBUfp7RuHpxvsYtg2DwzYVyo8EMOG5mhLG3YPtwYuU2gflpXqEo1cs_XrbeQEIZksmKmwZwujzkP_U3oM8vIwW6aw:1sjyYQ:h9z6kaB47qZyTF5HBwfvl0yZoutKfoxNwC88MfLYGxs', '2024-08-30 10:13:30.694309'),('5m50j84v983rtcdu5r84sqgcv75jusnp', '.eJxtkc1OwzAQhF-l8tlN49j5cW5wBaTeEYo29qZxkzpRHBcQ4t1x2gAC9WTL883savxBZmi9JWUSJ4KSCvzcVt7hVBlNSpKQP281qA7tIugj2MMQqcHOk6mjBYlW1UVPg8b-fmX_BLTg2uDOQEoNTMm0abhkGYg0bpIGOWa6FrLQcdYwnedxjAVwVUsBikmV60wxEFyGUOMq50ecllhSNtA7pOQyw8IJwgwHPbYBdL4exmXlB-z9BC3YzR12m8ehhs0eO7BLmP6m8oSSHs_YB8Me7eHgLVxDTmi9I-Uzo5xmNKcF5ckLJUfQrxBoFnzg5grUbM5mfl_KC5Vu42LL4w3LS85KkUaxEIVgIVH5aUI7V2vyte48CBbf5nDdabAd9rsJoTcOnHHmNILdBeLn6YpU6w9e5t2QwxH6YOlNI4yX1f8rv3V8fgH42bLE:1sjyuv:cdnyKapMMWmCMEcuqr0GtbR2g93KdZu6Ni9R_WkNzCU', '2024-08-30 10:36:45.139890'),('m8bbsgimrhkd6u0kqtlmwypn7afp8mgs', '.eJyFkVFPgzAUhf8K6XPHWsqA8qavarJ3Y8ilvQwGK4TSqTH-d8uGZpotvt30fPec9vSDTFA7Q_KIRTElBbipLpzFsWg0yUlEfp2VoFo0s6D3YHZ9qHozjU0Zzki4qDZ86jV29wv7y6AGW_vtBKTUwJXcVJWQPIF4w6qoQoGJLmOZaZZUXKcpY5iBUKWMQXGpUp0oDrGQ3rSxhXUDjrMtySvoLFJyyjBwAJ9hocPag9aV_TBf-QE7N0INJrjDNnjsSwi22IKZzfQ3lUaUdHjEzi9s0ex2zsDZ5IDGWZI_cypoQlOaURG9ULIH_Qqe5n4P7FSAmppjM73P5flKVyxbCRbwLBcyF5tQMiZF7B2VG0c0U7E4n-tOvWDwbfLjWoNpsVuPCF1jwTa2OQxg1p74OTojXoJi-cVT5g3Ej76XOLtpAMPpGdfUy3r-6P9EL7F8c3XxeuRF3OcXlafgxQ:1sjzyZ:1G-TPthK23K3YPqW8sVBz2PuCiTPpUVtrP_GiSQnTUw', '2024-08-30 11:44:35.978453'),('4bz9bpiffhl25zakdcqh5oj00cje3zrg', '.eJxtkVFPgzAUhf_K0ueOUQqU8qavarJ3Y8ilvQxGVwilU2P875YNNZo9ten5zrk3px9khtZbUiZxklJSgZ_byjucqk6TkiTkz1sNqke7CPoI9jBEarDz1NXRgkSr6qKnQaO5X9k_AS24NrhzkFIDUzJrGi5ZDmkWN0mDHHNdp7LQcd4wLUQcYwFc1TIFxaQSOlcMUi5DaOcq50ecllhSNmAcUnKZYeEEYYYDg20Ana-HcVn5AY2foAW7ucN-8zjUsNljD3YJ09-USCgxeEYTDHu0h4O3cA05ofWOlM-McppTQQvKkxdKjqBfIdAs-MDNFai5O3fz-1JeqHQbF1seb1hRZqLkIopFxgQPicpPE9q5WpOvdYsgWHybw3WnwfZodhOC6Ry4znWnEewuED9PV6Raf_Ay74YcjtAHy24aYbys_l_5rePzCwFtstA:1sk0G1:ozf-TXJAoCD-2nP0cEgFvGfqhBSa4e4Q0NkqZd0qptU', '2024-08-30 12:02:37.185526'),('6sm5eqfl4vla598ojeryty3cnw0huq8b', '.eJxtUVtPwyAU_isNz6yD0ht901c12bsxzSmcrl07uhSYGuN_l25Vo1lC4OR8l3Py8UEcdN6QKmFJSkkN3nW1tzjXvSYVScifXgNqQLMA-gBmP8VqMm7um3ihxCtq46dJ43i_cv8YdGC7oM5BSg1cyaxtheQ5pBlrkxYF5rpJZalZ3nJdFIxhCUI1MgXFpSp0rjikQgbT3tbWn3BebEnVwmiRkssMA0cIMyyM2AWi9c10WlZ-wNHP0IGJ7nCIHqcGoh0OYBYz_c0qEkpGPOMYBDs0-703cDU5ovGWVM-cCprTgpZUJC-UHEC_QmDzoAPralCuP_fufQkvRLph5UawKOFVOFzGSZFnTARH5ecZjatX52vcRQAMvrlQbjWYAcftjDD2FmwfbrcN-E_jSqjX_7tMuwGHJ6TBs5tCOF0W_4_8hvH5BYaQsfU:1sk2V5:Ns9NCAAu4Djb8BnZRHIUYEP1bhiWSzqRpCPU_KjyTRI', '2024-08-30 14:26:19.325333'),('bz25w4vxk5cr4mgzcodal54aj1j5bzso', '.eJxtUVtPwyAU_isNz6wr0Bt901c12bsxzSmcrl07uhSYGuN_l25Vo9kLkPPdTj4-iIPOG1LxhKeU1OBdV3uLc91rUhFO_swaUAOaBdAHMPspVpNxc9_ECyVeURs_TRrH-5X7x6AD2wV1DlJqYEpmbSskyyHNkpa3KDDXTSpLneQt00WRJFiCUI1MQTGpCp0rBqmQwbS3tfUnnBdbUrUwWqTkkmHgCCHDwohdIFrfTKdl5Qcc_QwdmOgOh-hxaiDa4QBmMdPfrIJTMuIZxyDYodnvvYGryRGNt6R6ZlTQnBa0pIK_UHIA_QqBzYIOrKtBuf7cu_elvFDpJik3Iok4q7KyElnMEymKpVXl5xmNq1fna91FAAy-ufDcajADjtsZYewt2D6cbhvwn8GVUK__d0m7AYcrtMGym0I4XRb_j_yW8fkFjDOx_Q:1sk359:_RC8yNt1v_ja3oV1w39kF60bNu4WeedKljbeqxXAvas', '2024-08-30 15:03:35.237809'),('zyggr0htbvef3e5rovvkeq2d1veme74s', 'eyJ0YWh1biI6MjAyNH0:1sk3Ff:qGiLBo9JYUTpk9XFIhAWr9ilppBIazXi9AC4MrHX25Y', '2024-08-30 15:14:27.844865'),('io188bsbmhxq2cn9qtcu003hrqq4x7wr', 'eyJ0YWh1biI6MjAyNH0:1sk3KF:yG_5ec_OgovRywq_6MlM1EPNZibD3ZV2fbMjPw-HHYQ', '2024-08-30 15:19:11.072876'),('ch2fp7nw82yc213wv77lpd2vwqznwt9c', 'eyJ0YWh1biI6MjAyNH0:1sk3Y9:jOK_BqIdOT1ST7-91ldMnITA62hbbtsCFlMI83GhFY0', '2024-08-30 15:33:33.564399'),('iunuvpnc0oxzxwcs9zrl3it6457uod16', '.eJxtUVtPwyAU_isNz6wr9Erf9FVN9m5Mcwqna1dGlwJTY_zv0q1qNHsBcr7byccHcdB7Q2qe8IySBrzrG29xbgZFasLJn1kLckSzAOoAZj_FcjJuHtp4ocQrauOnSaG-X7l_DHqwfVAXIIQCJkXedalgBWR50vEOUyxUm4lKJUXHVFkmCVaQylZkIJmQpSokgywVwXSwjfUnnBdbUnegLVJyyTBwhJBhQWMfiNa302lZ-QG1n6EHE93hGD1OLUQ7HMEsZuqbVXJKNJ5RB8EOzX7vDVxNjmi8JfUzoyktaEkrmvIXSg6gXiGwWdCBdQ1IN5wH976UFyrdJNUmZRFLal7UWRbngnOeB0fp5xmNa1bna91lAAy-ufDcKjAj6u2MoAcLdgin2wb8Z3AlNOv_XdJuwOEKbbD8phBOl8X_I79lfH4BiV-x-Q:1skElA:1h3KmRt7lR4-7lZMUCmdTyLEGhemzcyffhjKCy23rqI', '2024-08-31 03:31:44.606223'),('k2rlrhifzffrc4rthwfcyac0bnbz4twt', '.eJxtUclugzAQ_RXks0MwZjO39tpWyr2q0GAPgeCYCNtpq6r_XpNQValy8mjeNnr-Ig56b0idJmlGSQPe9Y23ODeDIjVJyc2uBTmiWQB1ALOfYjkZNw9tvFDiFbXxy6RQP67cG4MebB_UBQihgEmRdx0XrIAsT7q0Q46FajNRqaTomCrLJMEKuGxFBpIJWapCMsi4CKaDbaw_4bzYkroDbZGSS4aBI4QMCxr7QLS-nU7LyU-o_Qw9mOgBx-h5aiHa4QhmMVO_rDKlROMZdRDs0Oz33sDV5IjGW1K_MsppQUtaUZ6-UXIA9Q6BzYIOrGtAuuE8uM-lvFDpJqk2nEUsqfOyzljMWZqwpVXp5xmNa1bna91FAAx-uDBuFZgR9VYP1m3DekYII9jhum_Wb7uE3IHDE0pg-V0hnC73_kf-Ovj-AQqIriw:1skFF7:X6p-h4lfZBLF_Xu3gTD1NmFo8b8CsCBq6FzK9Ou3ETU', '2024-08-31 04:02:41.331037'),('v3smpq0ax36dnoaww42fowannss9lpzo', '.eJxVj7luxDAMRH8lUO316vAhqUyfbzAokY6968iBjhwI8u-RETdbkeDMPGJ-WIalBGYll13DJih5mUqiOK3ILBPs4ebA3ykcAt4gvO6t30OOq2sPS3uqqX3Zkbbn0_sAWCAtNc2JNPaac5iN40Z3vHdmNoPTqJBGBKGFAu_VYESPHLEnY0Y569GormYqdE1TKu8UDyyzORZq2A3wEzZmRcM2SHkCn9ePNX_Xj0e9C9cXJZ6EsGKwnW4Vl1IMleVLjBRyBbo3CuW_upJVCfSV635FCHfazrGtKV_Z7x937GSc:1skFXc:QveopBAxnkhhdlHiInq8TExlDFJgnzIyIews5j3VNF4', '2024-08-31 04:21:48.346200'),('3dg0dvoi02ylj7h9jwxg4ocb5iyxjdhf', '.eJxtUEluwzAM_Eqhs2NLXiLJx9z7BoGy6FqJIxtauqDo3ysnRoEUOZHgLBzym0SYkiN9Teu2IApSnFQK6JU1pCeMPMw0DBd0G2DO4N6Wclhc9FaXG6Xc0VC-Lgbn0859MJggTFlNEYXpBKUwSk2laGmn5SiPWpjGIDfABGtgGJqjZJ2hxnQoJa9HwWXTZk02tUGFtKLfbEkffcKCnMF8wEx6VpAZQlQwRPtu41feuJ13oOLQsBfG-rrt6bGknFHOs9eQvEcXs6G-okv30zfA4WfMbWXAXXCuPMJsAwQb7HUFV2XG3-hOUfs3b_uewLlAztc9FcJ6i_4fyamWNSfi9c8vBM6NuA:1skFeg:PblUzn-r20we1KS1oQhR1e3hrY5W5J-iUwlTug1TwGs', '2024-08-31 04:29:06.112794'),('p5fdm8eae4khs1h4z6f35uo3xdrgp1kx', '.eJxtUMtuwyAQ_JWKQ0-JC9jEgGRV6r3fYK3NpiZxsQW4D1X990LqSxKfWGZ2Znb3h0QYFkc0p7zakRaWOLRLQN9aQzRh5ArroD-jy4Q5gXubin5y0duuyC3FyobidTI4vqy9VwYDhCGpKaI0QlIKR9VRJSsqOnVUh06a0mBtgElWQt-XB8WEocYIVKrmR1mrskqaZGpDG5YZfbYlOvoFd-QE5hNGotmOjBBiC320HzZ-p8S83p7KfckeGNMl1VVVcCG5yl794j26mAy7d3TL_-p1Ihx-xVQ-GXBnHJ88wmgDBLv-n2-A9nLLJmc93lLpgYaJOzxJYG7YHZ5mmWbT1DyNsRmzLrVB56h0BLEphPlyn-04omv--weAcrOT:1skFl6:4Yl35IpQPX-4APEZ_QNt-8PESs7FK-3pfNgUG1XHcXk', '2024-08-31 04:35:44.271296'),('pazqcmyofpyz3h66dzpezn3uy2k8i859', '.eJxtkMtugzAQRX-l8poQG0ywvey-34AGPBQn1CA_-lDVf--QoEqpsrGtOXfu3PE3SzBlz0zFK1mwDnKauhwxdM4ywwS7q_UwXNBvwJ7Bvy7lsPgUXF9uknKnsXxZLM7Pu_bOYII4UTdHVLZRnMOoe66V5E2vR33qla0tthaEEjUMQ33SorHc2ga1bqtRtbqW1EOmLnYxrxg2W2ZSyFiwM9gPmJkRBZshpg6G5N5d-qKJ23oHrg61eBLCyNpIXgpZSbl5DTkE9IkM-zf0-bZ6S8DjZ6Ln0YK_4HwMCLOLEB2d6Uj8r3ATdPtfXqc9wHQBpWseNsJ6Df6fUKZlpTxt9fML33KM7Q:1skFxc:XYgBTCiTD4inDxJmOeO68_1j9mNDzFzIdcsKyMHpvz4', '2024-08-31 04:48:40.166592'),('jtm7kmb2c3oai72qpnov76dk7dxiygs5', '.eJxtUclugzAQ_RXks0NsDGa5tde2Uu5VhQZ7CARiImynrar-e01CVaXKyaN52-j5izjovCFVwpKUkhq862pvca57TSqSkJtdA2pAswD6AGY_xWoybu6beKHEK2rjl0nj-Lhybww6sF1QSyhLDVyVWduKkktIM9YmLQqUuknLQjPZcp3njGEBQjVlCoqXKtdScUhFGUx7W1t_wnmxJVULo0VKLhkGjhAyLIzYBaL1zXRaTn7C0c_QgYkecIiepwaiHQ5gFjP9y8oTSkY84xgEOzT7vTdwNTmi8ZZUr5wKKmlOCyqSN0oOoN8hsHnQgXU1KNefe_e5lBcq3bBiI3jEeZWJivE440IKFhyVn2c0rl6dr3XLABj8cGHcajADjtuxt24b1jNCGMH21329ftsl5A4cnlACz-4K4XS59z_y18H3Dwusri4:1skG6f:vkyiVAon7ImfbvG47zNbTGEotdynshFZ0V1kpaASJOc', '2024-08-31 04:58:01.535683'),('wyns47mlubsuar3ba5p1shuwpkpjdvy4', '.eJxVkEtPwzAQhP9K5LOb-pGXc4MrIPWOULSxN00a16liu4AQ_x2HlgO31c7Mt6v5IgHG6EgrmCgo6SCGsYse124ypCWC_Nv1oGd0m2BO4I5LrhcX1qnPN0t-V33-shi0j3fvP8AIfkzpCpQywLUqh0EqXkFRskEMKLEyfaEaw6qBm7pmDBuQulcFaK50bSrNoZAqQSff-XjBdcOSdgDrkZLfGw7OkG54sDgmo4_9ctlefkIbVxjBZQ84Z89LD9kBZ3AbzPy5akGJxSvaFDigOx6jgxvkjC560r5yKmlFa9pQKd4oOYF5h-TmKQc-dKDDdJ3C51ZeqnTHmp3kGRctYy0v86ZUkpWJqOO6ogvdnXyru0qCw4-Qxr0BN6Pd28mHPfn-AQx5hwk:1skGDf:r4AzSHUHM-fEZtxAKoFVScaVJxkavUQ7-lMbLP7c_eg', '2024-08-31 05:05:15.872152'),('3jeha26wd6os7mq3ihpcw1kgt0qfb31p', '.eJx1kc1ugzAQhF8F-ewQzI_B3NprWyn3qkKLvQQCMRG201ZV3712QlVFam4rz-y3u-MvYqF3mtRpkuaUNOBs3ziDSzMoUpOU3Ly1IEfUQVAH0Ps5lrO2y9DGwRKvqolfZoXT4-q9AfRget_NQQgFTIqi6zLBOORF0qUdZshVm4tKJbxjqiyTBCvIZCtykEzIUnHJIM-Ehw6mMe6ES8CSuoPJICWXGRqO4GcYmLD3RuPa-RRWfsLJLdCDjh5wjJ7nFqIdjqADTP26ypSSCc84-YYd6v3eabhCjqidIfUroxnltKQVzdI3Sg6g3sG7me8DYxuQdjgP9jOE5yPdJNUmYxFLa8brQsRpllRl4YnSLQtq26zka9zcCxo_rC-3CvSI09YM_pDB2K2XFgwlmOGqBalZv-8y7I7Flz6QvLoLgNNl___Uv1y-fwBqzra4:1skGTr:QriAIkHx6cgX4Oz9PVQvFUnTjHvbaD0aoaEwjSddAzk', '2024-08-31 05:21:59.251931'),('rm6rfizsu3itp3dabrk3n44tybspsn0j', '.eJxVj8luwzAMRH-l0NlxtNiJpGPv_QaDEulaiSsXWrqg6L9XRn3JiQRn5hHzwwosNTIruRw6NkEty1QzpSkgs0ywh5sDf6e4C3iD-Lr1foslBdfvlv5Qc_-yIa3Ph_cBsEBeWpoTaRw15zAbx40e-OjMbC5Oo0K6IggtFHivLkaMyBFHMuYqZ301amiZBg15yvWd0o5ltqRKHbsBfsLKrOjYCrlM4Ev4COW7fdzrnbg-KfEkpB2EVaaXWmk-NpavKVEsDejeKNb_6ko2JdJXafsZId5pPcYacjmz3z96jmSn:1skGrj:n6ohzt3ek6crDheXxVrhWcDvnUIHTHIgCyIKKpChj5M', '2024-08-31 05:46:39.326441'),('b4o4ph3ups05bt78nrny5qrjxhgx3v2e', '.eJxtUV1PgzAU_Sukzx22lAHlTV_VZO_GkEt7GR2sEEqnxvjfLRtGZ_bUm56vm3M_yQytt6RMWJJSUoGf28o7nCqjSUkScvVXg-rQLoA-gN0PsRrsPJk6Xijxirr4edDYP6zcK4MWXBvUGUipgSu5bRoheQbpljVJgwIzXaey0CxruM5zxrAAoWqZguJS5TpTHFIhg6lxlfMjTostKRvoHVJyzrBwhJDhoMc2EJ2vh3FZ-RF7P0ELNrrHLnoaaoh22IFdzPQPK08o6fGEfRDs0O733sLF5IjWO1K-cCpoRnNaUJG8UnIA_QaBzYMO3FyBms3JzB9LeaHSDSs2gkdclIyVSR4nXDK-tKr8NKGdq9X5UrcIgMX3OYx3I1qczBHA_h0DYULojQNnNNgO-2o94DnuBhyeUAff3hTCeN78P_Lbxtc3MMKyPw:1skH9v:PZgFmgUDs6_fze5Q_iSzeI3fkPdaphxrc74zMMBGgMA', '2024-08-31 06:05:27.265531'),('rbenm3o5pggwp1jtc0a4cugsic1m9r8b', '.eJyFkc1OwzAQhF-l8tlNHefXucEVkHpHKNrYmyaN60RxXECId8dJi6BVESdb_mZnVuMPMkHjDCk44zElJbipKZ3FsWwVKQgnF28VyA7NDNQezK4PZG-msa2CWRKcqQ2eeoX6_qy9MGjANn46BSEUhFIkdR2JMIU4YTWvMcJUVbHIFUvrUGUZY5hDJCsRgwyFzFQqQ4gj4U1bW1o34DjbkqIGbZGSJcPAAXyGBY2NF1pX9cO88gNqN0IDZnWH3eqxr2C1xQ7MbKa-VRmnROMRtR_YotntnIGTyQGNs6R4DmlEU5rRnEb8hZI9qFfw6tDPgZ1KkFN7bKf3uTxf6ZqJNeMrlhc8KWIepKmIMuYdpRtHNFN5dj7VnXtg8G3y140C06HeaBj6Ecyg6o2HI4JuLdj2RMvz5y1RN7A_fBVhcnMQhmXra_K7iStm_f2fyEVyio3zPw1uRy_0J_7zC2bo3qY:1skvp9:EMiJqsrWPXwkvf9chSYZIdRvI3IVy6QkuXa7b0XFAOQ', '2024-09-02 01:30:43.188108');
COMMIT;
BEGIN;
DELETE FROM "main"."opd_opd";
INSERT INTO "main"."opd_opd" ("id","nama_opd","kode_opd") VALUES (1, 'Dinas Pendidikan', '1.01.2.22.0.00.01.0000'),(2, 'Dinas Kesehatan', '1.02.0.00.0.00.01.0000'),(3, 'UPTD Rumah Sakit Umum Daerah H. Abdul Manan Simatupang', '1.02.0.00.0.00.02.0000'),(4, 'Dinas Pekerjaan Umum Dan Tata Ruang', '1.03.0.00.0.00.01.0000'),(5, 'Dinas Perumahan Dan Kawasan Permukiman', '1.04.1.03.2.10.01.0000'),(6, 'Badan Penanggulangan Bencana Daerah', '1.05.0.00.0.00.01.0000'),(7, 'Satuan Polisi Pamong Praja', '1.05.0.00.0.00.02.0000'),(8, 'Dinas Sosial', '1.06.1.04.0.00.01.0000'),(9, 'Dinas Ketenagakerjaan', '2.07.0.00.0.00.01.0000'),(10, 'Dinas Ketahanan Pangan', '2.09.0.00.0.00.01.0000'),(11, 'Dinas Lingkungan Hidup', '2.11.0.00.0.00.01.0000'),(12, 'Dinas Kependudukan Dan Pencatatan Sipil', '2.12.0.00.0.00.01.0000'),(13, 'Dinas Pemberdayaan Masyarakat Dan Desa', '2.13.0.00.0.00.01.0000'),(14, 'Dinas Pengendalian Penduduk, Keluarga Berencana, Pemberdayaan Perempuan Dan Perlindungan Anak', '2.14.2.08.0.00.01.0000'),(15, 'Dinas Perhubungan', '2.15.0.00.0.00.01.0000'),(16, 'Dinas Komunikasi Dan Informatika', '2.16.2.20.2.21.01.0000'),(17, 'Dinas Koperasi, Perdagangan Dan Perindustrian', '2.17.3.30.3.31.01.0000'),(18, 'Dinas Penanaman Modal Dan Pelayanan Terpadu Satu Pintu', '2.18.0.00.0.00.01.0000'),(19, 'Dinas Pemuda, Olahraga Dan Pariwisata', '2.19.3.26.0.00.01.0000'),(20, 'Dinas Perpustakaan Dan Arsip', '2.23.2.24.0.00.01.0000'),(21, 'Dinas Perikanan', '3.25.0.00.0.00.01.0000'),(22, 'Dinas Pertanian', '3.27.0.00.0.00.01.0000'),(23, 'Dinas Peternakan Dan Kesehatan Hewan', '3.27.0.00.0.00.02.0000'),(24, 'Sekretariat Daerah', '4.01.5.02.0.00.01.0000'),(25, 'Sekretariat DPRD', '4.02.0.00.0.00.01.0000'),(26, 'Badan Perencanaan Pembangunan Daerah', '5.01.5.05.0.00.01.0000'),(27, 'Badan Keuangan Dan Aset Daerah', '5.02.0.00.0.00.01.0000'),(28, 'Badan Pendapatan Daerah', '5.02.0.00.0.00.02.0000'),(29, 'Badan Kepegawaian Dan Pengembangan Sumber Daya Manusia', '5.03.5.04.0.00.01.0000'),(30, 'Inspektorat', '6.01.0.00.0.00.01.0000'),(31, 'Kecamatan Aek Kuasan', '7.01.0.00.0.00.01.0000'),(32, 'Kecamatan Aek Ledong', '7.01.0.00.0.00.02.0000'),(33, 'Kecamatan Aek Songsongan', '7.01.0.00.0.00.03.0000'),(34, 'Kecamatan Air Batu', '7.01.0.00.0.00.04.0000'),(35, 'Kecamatan Air Joman', '7.01.0.00.0.00.05.0000'),(36, 'Kecamatan Bandar Pulau', '7.01.0.00.0.00.06.0000'),(37, 'Kecamatan Bandar Pasir Mandoge', '7.01.0.00.0.00.07.0000'),(38, 'Kecamatan Buntu Pane', '7.01.0.00.0.00.08.0000'),(39, 'Kecamatan Kota Kisaran Barat', '7.01.0.00.0.00.09.0000'),(40, 'Kecamatan Kota Kisaran Timur', '7.01.0.00.0.00.10.0000'),(41, 'Kecamatan Meranti', '7.01.0.00.0.00.11.0000'),(42, 'Kecamatan Pulau Rakyat', '7.01.0.00.0.00.12.0000'),(43, 'Kecamatan Pulo Bandring', '7.01.0.00.0.00.13.0000'),(44, 'Kecamatan Rahuning', '7.01.0.00.0.00.14.0000'),(45, 'Kecamatan Rawang Panca Arga', '7.01.0.00.0.00.15.0000'),(46, 'Kecamatan Sei Dadap', '7.01.0.00.0.00.16.0000'),(47, 'Kecamatan Sei Kepayang', '7.01.0.00.0.00.17.0000'),(48, 'Kecamatan Sei Kepayang Barat', '7.01.0.00.0.00.18.0000'),(49, 'Kecamatan Sei Kepayang Timur', '7.01.0.00.0.00.19.0000'),(50, 'Kecamatan Setia Janji', '7.01.0.00.0.00.20.0000'),(51, 'Kecamatan Silau Laut', '7.01.0.00.0.00.21.0000'),(52, 'Kecamatan Simpang Empat', '7.01.0.00.0.00.22.0000'),(53, 'Kecamatan Tanjung Balai', '7.01.0.00.0.00.23.0000'),(54, 'Kecamatan Teluk Dalam', '7.01.0.00.0.00.24.0000'),(55, 'Kecamatan Tinggi Raja', '7.01.0.00.0.00.25.0000'),(56, 'Badan Kesatuan Bangsa Dan Politik', '8.01.0.00.0.00.01.0000'),(57, 'Semua', 0);
COMMIT;
BEGIN;
DELETE FROM "main"."opd_pejabat";
INSERT INTO "main"."opd_pejabat" ("id","pejabat_jabatan","pejabat_nama","pejabat_nip","pejabat_sub_id") VALUES (1, 'LURAH AEK LOBA PEKAN', 'DANIEL SIREGAR', 198309292011011013, 72),(2, 'LURAH AIR JOMAN', 'BUDI', 192112111111111111, 78),(3, 'Inspektur', 'ZULKARNAIN', 197502121990032023, 70);
COMMIT;
BEGIN;
DELETE FROM "main"."opd_subopd";
INSERT INTO "main"."opd_subopd" ("id","sub_nama","sub_opd_id") VALUES (1, 'Dinas Pendidikan', 1),(2, 'Dinas Kesehatan', 2),(3, 'Uptd Puskesmas Mutiara', 2),(4, 'Uptd Puskesmas Sidodadi', 2),(5, 'Uptd Puskesmas Gambir Baru', 2),(6, 'Uptd Puskesmas Meranti', 2),(7, 'Uptd Puskesmas Binjai Serbangan', 2),(8, 'Uptd Puskesmas Silau Laut', 2),(9, 'Uptd Puskesmas Sei Apung', 2),(10, 'Uptd Puskesmas Bagan Asahan', 2),(11, 'Uptd Puskesmas Sei Kepayang Timur', 2),(12, 'Uptd Puskesmas Sei Kepayang', 2),(13, 'Uptd Puskesmas Sei Kepayang Barat', 2),(14, 'Uptd Puskesmas Simpang Empat', 2),(15, 'Uptd Puskesmas Air Teluk Kiri', 2),(16, 'Uptd Puskesmas Air Batu', 2),(17, 'Uptd Puskesmas Rahuning', 2),(18, 'Uptd Puskesmas Pulau Rakyat', 2),(19, 'Uptd Puskesmas Aek Loba', 2),(20, 'Uptd Puskesmas Aek Ledong', 2),(21, 'Uptd Puskesmas Aek Songsongan', 2),(22, 'Uptd Puskesmas Gonting Malaha', 2),(23, 'Uptd Puskesmas Bandar Pasir Mandoge', 2),(24, 'Uptd Puskesmas Huta Padang', 2),(25, 'Uptd Puskesmas Tinggi Raja', 2),(26, 'Uptd Puskesmas Setia Janji', 2),(27, 'Uptd Puskesmas Prapat Janji', 2),(28, 'Uptd Puskesmas Sei Dadap', 2),(29, 'Uptd Puskesmas Hessa Air Genting', 2),(30, 'Uptd Puskesmas Rawang Pasar Iv', 2),(31, 'Uptd Puskesmas Pulo Bandring', 2),(32, 'Uptd Puskesmas Ofa Padang Mahondang', 2),(33, 'UPTD Rumah Sakit Umum Daerah H. Abdul Manan Simatupang', 3),(34, 'Dinas Pekerjaan Umum Dan Tata Ruang', 4),(35, 'Dinas Perumahan Dan Kawasan Permukiman', 5),(36, 'Badan Penanggulangan Bencana Daerah', 6),(37, 'Satuan Polisi Pamong Praja', 7),(38, 'Dinas Sosial', 8),(39, 'Dinas Ketenagakerjaan', 9),(40, 'Dinas Ketahanan Pangan', 10),(41, 'Dinas Lingkungan Hidup', 11),(42, 'Dinas Kependudukan Dan Pencatatan Sipil', 12),(43, 'Dinas Pemberdayaan Masyarakat Dan Desa', 13),(44, 'Dinas Pengendalian Penduduk, Keluarga Berencana, Pemberdayaan Perempuan Dan Perlindungan Anak', 14),(45, 'Dinas Perhubungan', 15),(46, 'Dinas Komunikasi Dan Informatika', 16),(47, 'Dinas Koperasi, Perdagangan Dan Perindustrian', 17),(48, 'Dinas Penanaman Modal Dan Pelayanan Terpadu Satu Pintu', 18),(49, 'Dinas Pemuda, Olahraga Dan Pariwisata', 19),(50, 'Dinas Perpustakaan Dan Arsip', 20),(51, 'Dinas Perikanan', 21),(52, 'Dinas Pertanian', 22),(53, 'Dinas Peternakan Dan Kesehatan Hewan', 23),(54, 'Sekretariat Daerah', 24),(55, 'Bagian Protokol', 24),(56, 'Bagian Umum', 24),(57, 'Bagian Tata Pemerintahan', 24),(58, 'Bagian Perekonomian Dan Sumber Daya Alam', 24),(59, 'Bagian Hukum', 24),(60, 'Bagian Organisasi', 24),(61, 'Bagian Pengadaan Barang Dan Jasa', 24),(62, 'Bagian Administrasi Pembangunan', 24),(63, 'Bagian Kesejahteraan Rakyat', 24),(64, 'Bagian Perencanaan Dan Keuangan', 24),(65, 'Sekretariat DPRD', 25),(66, 'Badan Perencanaan Pembangunan Daerah', 26),(67, 'Badan Keuangan Dan Aset Daerah', 27),(68, 'Badan Pendapatan Daerah', 28),(69, 'Badan Kepegawaian Dan Pengembangan Sumber Daya Manusia', 29),(70, 'Inspektorat', 30),(71, 'Kecamatan Aek Kuasan', 31),(72, 'Kelurahan Aek Loba Pekan', 31),(73, 'Kecamatan Aek Ledong', 32),(74, 'Kecamatan Aek Songsongan', 33),(75, 'Kecamatan Air Batu', 34),(77, 'Kecamatan Air Joman', 35),(78, 'Kelurahan Binjai Serbangan', 35),(79, 'Kecamatan Bandar Pulau', 36),(80, 'Kecamatan Bandar Pasir Mandoge', 37),(81, 'Kecamatan Buntu Pane', 38),(82, 'Kecamatan Kota Kisaran Barat', 39),(83, 'Kelurahan Kisaran Kota', 39),(84, 'Kelurahan Tebing Kisaran', 39),(85, 'Kelurahan Tegal Sari', 39),(86, 'Kelurahan Kisaran Barat', 39),(87, 'Kelurahan Sendang Sari', 39),(88, 'Kelurahan Kisaran Baru', 39),(89, 'Kelurahan Mekar Baru', 39),(90, 'Kelurahan Bunut', 39),(91, 'Kelurahan Bunut Barat', 39),(92, 'Kelurahan Sidomukti', 39),(93, 'Kelurahan Sidodadi', 39),(94, 'Kelurahan Dadimulyo', 39),(95, 'Kelurahan Sei Renggas', 39),(96, 'Kecamatan Kota Kisaran Timur', 40),(97, 'Kelurahan Kisaran Naga', 40),(98, 'Kelurahan Sentang', 40),(99, 'Kelurahan Kedai Ledang', 40),(100, 'Kelurahan Teladan', 40),(101, 'Kelurahan Kisaran Timur', 40),(102, 'Kelurahan Selawan', 40),(103, 'Kelurahan Mutiara', 40),(104, 'Kelurahan Lestari', 40),(105, 'Kelurahan Gambir Baru', 40),(106, 'Kelurahan Karang Anyer', 40),(107, 'Kelurahan Siumbut Baru', 40),(108, 'Kelurahan Siumbut-Umbut', 40),(109, 'Kecamatan Meranti', 41),(110, 'Kecamatan Pulau Rakyat', 42),(111, 'Kecamatan Pulo Bandring', 43),(112, 'Kecamatan Rahuning', 44),(113, 'Kecamatan Rawang Panca Arga', 45),(114, 'Kecamatan Sei Dadap', 46),(115, 'Kecamatan Sei Kepayang', 47),(116, 'Kecamatan Sei Kepayang Barat', 48),(117, 'Kecamatan Sei Kepayang Timur', 49),(118, 'Kecamatan Setia Janji', 50),(119, 'Kecamatan Silau Laut', 51),(120, 'Kecamatan Simpang Empat', 52),(121, 'Kecamatan Tanjung Balai', 53),(122, 'Kecamatan Teluk Dalam', 54),(123, 'Kecamatan Tinggi Raja', 55),(124, 'Badan Kesatuan Bangsa Dan Politik', 56),(125, 'Semua', 57);
COMMIT;
BEGIN;
DELETE FROM "main"."pagu_pagudausg";
INSERT INTO "main"."pagu_pagudausg" ("id","pagudausg_tahun","pagudausg_nilai","pagudausg_sisa","pagudausg_opd_id","pagudausg_dana_id") VALUES (1, 2024, 200000000, 38000000, 72, 15),(3, 2024, 200000000, 0, 84, 15),(4, 2024, 200000000, 0, 88, 15),(6, 2024, 200000000, 0, 89, 15),(9, 2024, 200000000, 0, 78, 15),(10, 2024, 38000000, 0, 72, 48);
COMMIT;
BEGIN;
DELETE FROM "main"."penerimaan_distribusipenerimaan";
INSERT INTO "main"."penerimaan_distribusipenerimaan" ("id","distri_nilai","distri_ket","distri_penerimaan_id","distri_subopd_id") VALUES (7, 100000000, 'Tahap I', 1, 72),(8, 38000000, 'sisa Dankel 2023', 4, 72);
COMMIT;
BEGIN;
DELETE FROM "main"."penerimaan_penerimaan";
INSERT INTO "main"."penerimaan_penerimaan" ("id","penerimaan_tahun","penerimaan_tgl","penerimaan_ket","penerimaan_nilai","penerimaan_tahap_id","penerimaan_dana_id") VALUES (1, 2024, '2014-06-14', 'Dana Kelurahan Tahap I', 2700000000, 1, 15),(4, 2024, '2024-01-02', 'Sisa Dana Kelurahan Tahun 2023', 38000000, 1, 48);
COMMIT;
BEGIN;
DELETE FROM "main"."sqlite_sequence";
INSERT INTO "main"."sqlite_sequence" ("name","seq") VALUES ('django_migrations', 67),('django_admin_log', 4),('django_content_type', 41),('auth_permission', 164),('auth_group', 0),('auth_user', 5),('dashboard_menu', 9),('dashboard_submenu', 32),('opd_opd', 57),('opd_subopd', 125),('dashboard_level', 4),('dashboard_userlevel', 4),('dashboard_levelsub', 591),('dausg_dausgpukeg', 10),('dausg_dausgpendidikankeg', 97),('dausg_dausgkesehatankeg', 41),('dausg_dankelkeg', 12),('penerimaan_distribusipenerimaan', 8),('dana_dana', 6),('dana_program', 25),('dana_kegiatan', 32),('dana_subkegiatan', 48),('pagu_pagudausg', 10),('penerimaan_penerimaan', 4),('dana_tahapdana', 4),('dankel_rencdankel', 10),('dankel_rencdankelsisa', 9),('dausg_dankelprog', 3),('dausg_dausgkesehatanprog', 41),('dausg_dausgpendidikanprog', 97),('dausg_dausgpuprog', 10),('dausg_dankelsub', 38),('opd_pejabat', 3),('dausg_dausgpendidikansub', 480),('dausg_dausgkesehatansub', 171),('dausg_dausgpusub', 207),('dankel_rencdankeljadwal', 2),('dankel_realisasidankel', 1),('dankel_realisasidankelsisa', 12),('dankel_rencdankeljadwalsisa', 10);
COMMIT;
CREATE INDEX "main"."auth_group_permissions_group_id_b120cbf9"
ON "auth_group_permissions" (
  "group_id" ASC
);
CREATE UNIQUE INDEX "main"."auth_group_permissions_group_id_permission_id_0cd325b0_uniq"
ON "auth_group_permissions" (
  "group_id" ASC,
  "permission_id" ASC
);
CREATE INDEX "main"."auth_group_permissions_permission_id_84c5c92e"
ON "auth_group_permissions" (
  "permission_id" ASC
);
CREATE INDEX "main"."auth_permission_content_type_id_2f476e4b"
ON "auth_permission" (
  "content_type_id" ASC
);
CREATE UNIQUE INDEX "main"."auth_permission_content_type_id_codename_01ab375a_uniq"
ON "auth_permission" (
  "content_type_id" ASC,
  "codename" ASC
);
CREATE INDEX "main"."auth_user_groups_group_id_97559544"
ON "auth_user_groups" (
  "group_id" ASC
);
CREATE INDEX "main"."auth_user_groups_user_id_6a12ed8b"
ON "auth_user_groups" (
  "user_id" ASC
);
CREATE UNIQUE INDEX "main"."auth_user_groups_user_id_group_id_94350c0c_uniq"
ON "auth_user_groups" (
  "user_id" ASC,
  "group_id" ASC
);
CREATE INDEX "main"."auth_user_user_permissions_permission_id_1fbb5f2c"
ON "auth_user_user_permissions" (
  "permission_id" ASC
);
CREATE INDEX "main"."auth_user_user_permissions_user_id_a95ead1b"
ON "auth_user_user_permissions" (
  "user_id" ASC
);
CREATE UNIQUE INDEX "main"."auth_user_user_permissions_user_id_permission_id_14a6b632_uniq"
ON "auth_user_user_permissions" (
  "user_id" ASC,
  "permission_id" ASC
);
CREATE INDEX "main"."dana_kegiatan_kegiatan_program_id_46db3b2e"
ON "dana_kegiatan" (
  "kegiatan_program_id" ASC
);
CREATE INDEX "main"."dana_program_program_dana_id_f281de31"
ON "dana_program" (
  "program_dana_id" ASC
);
CREATE INDEX "main"."dana_subkegiatan_sub_keg_id_34699d3e"
ON "dana_subkegiatan" (
  "sub_keg_id" ASC
);
CREATE INDEX "main"."dana_subrinc_subrinc_dana_id_80010e1b"
ON "dana_subrinc" (
  "subrinc_dana_id" ASC
);
CREATE INDEX "main"."dana_subrinc_subrinc_keg_id_6b330307"
ON "dana_subrinc" (
  "subrinc_keg_id" ASC
);
CREATE INDEX "main"."dana_subrinc_subrinc_kegsub_id_7eac5aca"
ON "dana_subrinc" (
  "subrinc_kegsub_id" ASC
);
CREATE INDEX "main"."dana_subrinc_subrinc_prog_id_4259ef60"
ON "dana_subrinc" (
  "subrinc_prog_id" ASC
);
CREATE INDEX "main"."dankel_realisasidankel_realisasidankel_dana_id_e620f532"
ON "dankel_realisasidankel" (
  "realisasidankel_dana_id" ASC
);
CREATE INDEX "main"."dankel_realisasidankel_realisasidankel_idrencana_id_20ebab84"
ON "dankel_realisasidankel" (
  "realisasidankel_idrencana_id" ASC
);
CREATE INDEX "main"."dankel_realisasidankel_realisasidankel_rencana_id_be2beeb5"
ON "dankel_realisasidankel" (
  "realisasidankel_rencana_id" ASC
);
CREATE INDEX "main"."dankel_realisasidankel_realisasidankel_subopd_id_c97da1a0"
ON "dankel_realisasidankel" (
  "realisasidankel_subopd_id" ASC
);
CREATE INDEX "main"."dankel_realisasidankel_realisasidankel_tahap_id_55cc5fb8"
ON "dankel_realisasidankel" (
  "realisasidankel_tahap_id" ASC
);
CREATE INDEX "main"."dankel_realisasidankelsisa_realisasidankelsisa_dana_id_af1dc56e"
ON "dankel_realisasidankelsisa" (
  "realisasidankelsisa_dana_id" ASC
);
CREATE INDEX "main"."dankel_realisasidankelsisa_realisasidankelsisa_idrencana_id_09b2d8b3"
ON "dankel_realisasidankelsisa" (
  "realisasidankelsisa_idrencana_id" ASC
);
CREATE INDEX "main"."dankel_realisasidankelsisa_realisasidankelsisa_rencana_id_1e1e2a4b"
ON "dankel_realisasidankelsisa" (
  "realisasidankelsisa_rencana_id" ASC
);
CREATE INDEX "main"."dankel_realisasidankelsisa_realisasidankelsisa_subopd_id_453cd489"
ON "dankel_realisasidankelsisa" (
  "realisasidankelsisa_subopd_id" ASC
);
CREATE INDEX "main"."dankel_realisasidankelsisa_realisasidankelsisa_tahap_id_24245448"
ON "dankel_realisasidankelsisa" (
  "realisasidankelsisa_tahap_id" ASC
);
CREATE INDEX "main"."dankel_rencdankel_rencdankel_dana_id_586eff1d"
ON "dankel_rencdankel" (
  "rencdankel_dana_id" ASC
);
CREATE INDEX "main"."dankel_rencdankel_rencdankel_sub_id_5f5eb5c5"
ON "dankel_rencdankel" (
  "rencdankel_sub_id" ASC
);
CREATE INDEX "main"."dankel_rencdankel_rencdankel_subopd_id_cba1b1f5"
ON "dankel_rencdankel" (
  "rencdankel_subopd_id" ASC
);
CREATE INDEX "main"."dankel_rencdankeljadwal_rencdankel_dana_id_11fd3544"
ON "dankel_rencdankeljadwal" (
  "rencdankel_dana_id" ASC
);
CREATE INDEX "main"."dankel_rencdankeljadwal_rencdankel_id_id_f680aa83"
ON "dankel_rencdankeljadwal" (
  "rencdankel_id_id" ASC
);
CREATE INDEX "main"."dankel_rencdankeljadwal_rencdankel_sub_id_62190409"
ON "dankel_rencdankeljadwal" (
  "rencdankel_sub_id" ASC
);
CREATE INDEX "main"."dankel_rencdankeljadwal_rencdankel_subopd_id_a67e467c"
ON "dankel_rencdankeljadwal" (
  "rencdankel_subopd_id" ASC
);
CREATE INDEX "main"."dankel_rencdankeljadwalsisa_rencdankelsisa_dana_id_360fd827"
ON "dankel_rencdankeljadwalsisa" (
  "rencdankelsisa_dana_id" ASC
);
CREATE INDEX "main"."dankel_rencdankeljadwalsisa_rencdankelsisa_id_id_f2216f98"
ON "dankel_rencdankeljadwalsisa" (
  "rencdankelsisa_id_id" ASC
);
CREATE INDEX "main"."dankel_rencdankeljadwalsisa_rencdankelsisa_sub_id_797f4058"
ON "dankel_rencdankeljadwalsisa" (
  "rencdankelsisa_sub_id" ASC
);
CREATE INDEX "main"."dankel_rencdankeljadwalsisa_rencdankelsisa_subopd_id_6fc94812"
ON "dankel_rencdankeljadwalsisa" (
  "rencdankelsisa_subopd_id" ASC
);
CREATE INDEX "main"."dankel_rencdankelsisa_rencdankelsisa_dana_id_c94f3a9f"
ON "dankel_rencdankelsisa" (
  "rencdankelsisa_dana_id" ASC
);
CREATE INDEX "main"."dankel_rencdankelsisa_rencdankelsisa_sub_id_d1414a8d"
ON "dankel_rencdankelsisa" (
  "rencdankelsisa_sub_id" ASC
);
CREATE INDEX "main"."dankel_rencdankelsisa_rencdankelsisa_subopd_id_c76a399c"
ON "dankel_rencdankelsisa" (
  "rencdankelsisa_subopd_id" ASC
);
CREATE INDEX "main"."dashboard_levelsub_levelsub_level_id_cbb63a2d"
ON "dashboard_levelsub" (
  "levelsub_level_id" ASC
);
CREATE INDEX "main"."dashboard_levelsub_levelsub_submenu_id_56cfe603"
ON "dashboard_levelsub" (
  "levelsub_submenu_id" ASC
);
CREATE INDEX "main"."dashboard_submenu_submenu_menu_id_315ef991"
ON "dashboard_submenu" (
  "submenu_menu_id" ASC
);
CREATE INDEX "main"."dashboard_userlevel_userlevel_id_65dcbede"
ON "dashboard_userlevel" (
  "userlevel_id" ASC
);
CREATE INDEX "main"."dashboard_userlevel_userlevelopd_id_487d70c8"
ON "dashboard_userlevel" (
  "userlevelopd_id" ASC
);
CREATE INDEX "main"."dausg_dankelkeg_dankelkeg_prog_id_19549569"
ON "dausg_dankelkeg" (
  "dankelkeg_prog_id" ASC
);
CREATE INDEX "main"."dausg_dankelprog_dankel_dana_id_2621d9bf"
ON "dausg_dankelprog" (
  "dankel_dana_id" ASC
);
CREATE INDEX "main"."dausg_dankelsub_dankelsub_keg_id_8fb0fd24"
ON "dausg_dankelsub" (
  "dankelsub_keg_id" ASC
);
CREATE INDEX "main"."dausg_dausgkesehatankeg_dausgkesehatankeg_prog_id_bbd2d218"
ON "dausg_dausgkesehatankeg" (
  "dausgkesehatankeg_prog_id" ASC
);
CREATE INDEX "main"."dausg_dausgkesehatanprog_dausgkesehatan_dana_id_dd8a395b"
ON "dausg_dausgkesehatanprog" (
  "dausgkesehatan_dana_id" ASC
);
CREATE INDEX "main"."dausg_dausgkesehatansub_dausgkesehatansub_keg_id_3fc73a78"
ON "dausg_dausgkesehatansub" (
  "dausgkesehatansub_keg_id" ASC
);
CREATE INDEX "main"."dausg_dausgpendidikankeg_dausgpendidikankeg_prog_id_61dc2dc0"
ON "dausg_dausgpendidikankeg" (
  "dausgpendidikankeg_prog_id" ASC
);
CREATE INDEX "main"."dausg_dausgpendidikanprog_dausgpendidikan_dana_id_75bb311c"
ON "dausg_dausgpendidikanprog" (
  "dausgpendidikan_dana_id" ASC
);
CREATE INDEX "main"."dausg_dausgpendidikansub_dausgpendidikansub_keg_id_958b80cf"
ON "dausg_dausgpendidikansub" (
  "dausgpendidikansub_keg_id" ASC
);
CREATE INDEX "main"."dausg_dausgpukeg_dausgpukeg_prog_id_2fce7c04"
ON "dausg_dausgpukeg" (
  "dausgpukeg_prog_id" ASC
);
CREATE INDEX "main"."dausg_dausgpuprog_dausgpu_dana_id_5bcb72a3"
ON "dausg_dausgpuprog" (
  "dausgpu_dana_id" ASC
);
CREATE INDEX "main"."dausg_dausgpusub_dausgpusub_keg_id_4fc773e0"
ON "dausg_dausgpusub" (
  "dausgpusub_keg_id" ASC
);
CREATE INDEX "main"."django_admin_log_content_type_id_c4bce8eb"
ON "django_admin_log" (
  "content_type_id" ASC
);
CREATE INDEX "main"."django_admin_log_user_id_c564eba6"
ON "django_admin_log" (
  "user_id" ASC
);
CREATE UNIQUE INDEX "main"."django_content_type_app_label_model_76bd3d3b_uniq"
ON "django_content_type" (
  "app_label" ASC,
  "model" ASC
);
CREATE INDEX "main"."django_session_expire_date_a5c62663"
ON "django_session" (
  "expire_date" ASC
);
CREATE INDEX "main"."opd_subopd_sub_opd_id_c4a056e6"
ON "opd_subopd" (
  "sub_opd_id" ASC
);
CREATE INDEX "main"."pagu_pagudausg_pagudausg_dana_id_b56ff071"
ON "pagu_pagudausg" (
  "pagudausg_dana_id" ASC
);
CREATE INDEX "main"."pagu_pagudausg_pagudausg_opd_id_bd54f0dd"
ON "pagu_pagudausg" (
  "pagudausg_opd_id" ASC
);
CREATE INDEX "main"."penerimaan_distribusipenerimaan_distri_penerimaan_id_385fa968"
ON "penerimaan_distribusipenerimaan" (
  "distri_penerimaan_id" ASC
);
CREATE INDEX "main"."penerimaan_distribusipenerimaan_distri_subopd_id_6cd2189a"
ON "penerimaan_distribusipenerimaan" (
  "distri_subopd_id" ASC
);
CREATE INDEX "main"."penerimaan_penerimaan_penerimaan_dana_id_7ab2b841"
ON "penerimaan_penerimaan" (
  "penerimaan_dana_id" ASC
);
CREATE INDEX "main"."penerimaan_penerimaan_penerimaan_tahap_id_8ea8e6a0"
ON "penerimaan_penerimaan" (
  "penerimaan_tahap_id" ASC
);
